source_key,action,person_id,name,era
wikidata:Q2590159,new,Q2590159,אנטיגנוס איש סוכו,tannaim
wikidata:Q2553579,new,Q2553579,חוני המעגל,tannaim
wikidata:Q338378,new,Q338378,שמעון בן שטח,tannaim
wikidata:Q733042,new,Q733042,שמעון בן הלל,tannaim
wikidata:Q302,excluded (religion),,ישו,tannaim
wikidata:Q467138,new,Q467138,שמאי הזקן,tannaim
wikidata:Q310584,new,Q310584,רבן גמליאל הזקן,tannaim
wikidata:Q3047056,new,Q3047056,איזטס השני,tannaim
wikidata:Q2037623,new,Q2037623,רבן שמעון בן גמליאל הזקן,tannaim
wikidata:Q733660,new,Q733660,רבן יוחנן בן זכאי,tannaim
wikidata:Q568935,new,Q568935,רבי חנינא בן דוסא,tannaim
wikidata:Q319219,new,Q319219,הלל הזקן,tannaim
wikidata:Q578079,new,Q578079,רבי חנינא סגן הכהנים,tannaim
wikidata:Q140095,new,Q140095,רבי צדוק,tannaim
wikidata:Q2897331,new,Q2897331,רבי חלפתא,tannaim
wikidata:Q1492866,new,Q1492866,רבן גמליאל דיבנה,tannaim
wikidata:Q2533433,new,Q2533433,אונקלוס,tannaim
wikidata:Q1268142,new,Q1268142,רבי טרפון,tannaim
wikidata:Q542710,new,Q542710,אלישע בן אבויה,tannaim
wikidata:Q2907627,new,Q2907627,רבי ישבב הסופר,tannaim
wikidata:Q1391069,new,Q1391069,רבי ישמעאל,tannaim
wikidata:Q310821,new,Q310821,רבי עקיבא,tannaim
wikidata:Q982075,new,Q982075,רבי יוסי,tannaim
wikidata:Q557405,new,Q557405,רבי שמעון בר יוחאי,tannaim
wikidata:Q816598,new,Q816598,בן זומא,tannaim
wikidata:Q1061616,new,Q1061616,חנניה בן אחי רבי יהושע,tannaim
wikidata:Q446664,new,Q446664,נחום איש גמזו,tannaim
wikidata:Q1329310,new,Q1329310,רבי אליעזר בן הורקנוס,tannaim
wikidata:Q921589,new,Q921589,רבי אליעזר בן רבי יוסי הגלילי,tannaim
wikidata:Q679634,new,Q679634,רבי אלעאי (תנא),tannaim
wikidata:Q1325787,new,Q1325787,רבי אלעזר בן עזריה,tannaim
wikidata:Q1325789,new,Q1325789,רבי אלעזר בן ערך,tannaim
wikidata:Q982078,new,Q982078,רבי אלעזר המודעי,tannaim
wikidata:Q982070,new,Q982070,רבי אלעזר הקפר,tannaim
wikidata:Q982199,new,Q982199,רבי אלעזר חסמא,tannaim
wikidata:Q6825689,new,Q6825689,רבי חנניה בן עקשיא,tannaim
wikidata:Q982179,new,Q982179,רבי חנניה בן תרדיון,tannaim
wikidata:Q1391585,new,Q1391585,רבי יהודה,tannaim
wikidata:Q380427,new,Q380427,רבי יהודה הנשיא,tannaim
wikidata:Q447687,new,Q447687,רבי יוחנן בן נורי,tannaim
wikidata:Q449248,new,Q449248,רבי יוחנן הסנדלר,tannaim
wikidata:Q374146,new,Q374146,רבי יוסי בן קיסמא,tannaim
wikidata:Q301088,new,Q301088,רבי יוסי ברבי יהודה,tannaim
wikidata:Q1621623,new,Q1621623,רבי מאיר,tannaim
wikidata:Q449241,new,Q449241,רבי מתיא בן חרש,tannaim
wikidata:Q982191,new,Q982191,רבי נחוניה בן הקנה,tannaim
wikidata:Q2219012,new,Q2219012,שמואל הקטן,tannaim
wikidata:Q30527571,new,Q30527571,אבא בנימין,tannaim
wikidata:Q55647221,new,Q55647221,אבא יוסף הבנאי,tannaim
wikidata:Q2763097,new,Q2763097,אבא שאול,tannaim
wikidata:Q2695791,new,Q2695791,אבטולמוס,tannaim
wikidata:Q2070197,new,Q2070197,בבא בן בוטא,tannaim
wikidata:Q16155143,new,Q16155143,בן בג בג,tannaim
wikidata:Q2892486,new,Q2892486,חנן המצרי,tannaim
wikidata:Q115786078,new,Q115786078,חנן הנחבא,tannaim
wikidata:Q2069730,new,Q2069730,חנניה בן חזקיה,tannaim
wikidata:Q123819771,new,Q123819771,יהודה בן נחמיה,tannaim
wikidata:Q139765481,new,Q139765481,יהושע בן זירוז,tannaim
wikidata:Q2778130,new,Q2778130,יהושע בן פרחיה,tannaim
wikidata:Q2895176,new,Q2895176,נחום המדי,tannaim
wikidata:Q2071105,new,Q2071105,סומכוס,tannaim
wikidata:Q111273415,new,Q111273415,פלימו,tannaim
wikidata:Q2902935,new,Q2902935,רב הונא קמא,tannaim
wikidata:Q1329293,new,Q1329293,רבי אליעזר בן יעקב (השני),tannaim
wikidata:Q2086119,new,Q2086119,רבי אלעזר בן יהודה איש ברתותא,tannaim
wikidata:Q2697384,new,Q2697384,רבי אלעזר בן פרטא,tannaim
wikidata:Q739520,new,Q739520,רבי אלעזר בן שמוע,tannaim
wikidata:Q131833,new,Q131833,רבי דוסא בן הרכינס,tannaim
wikidata:Q42054008,new,Q42054008,רבי זכריה בן הקצב,tannaim
wikidata:Q2070213,new,Q2070213,רבי חנינא בן אנטיגנוס,tannaim
wikidata:Q2070205,new,Q2070205,רבי חנניה בן חכינאי,tannaim
wikidata:Q2902564,new,Q2902564,רבי יהודה בן בתירא,tannaim
wikidata:Q449264,new,Q449264,רבי יהושע בן קרחה,tannaim
wikidata:Q64590733,new,Q64590733,רבי יהושע הגרסי,tannaim
wikidata:Q948902,new,Q948902,רבי יוחנן בן ברוקה,tannaim
wikidata:Q2897319,new,Q2897319,רבי יוחנן בן תורתא,tannaim
wikidata:Q449288,new,Q449288,רבי יונתן,tannaim
wikidata:Q2902906,new,Q2902906,רבי נחמיה,tannaim
wikidata:Q1400124,new,Q1400124,רבי נתן,tannaim
wikidata:Q31798220,new,Q31798220,רבי פפייס,tannaim
wikidata:Q177481,new,Q177481,רבי שמעון בן אלעזר,tannaim
wikidata:Q1400135,new,Q1400135,רבן שמעון בן גמליאל,tannaim
wikidata:Q61126541,new,Q61126541,שמעון בן ננס,tannaim
wikidata:Q2892375,new,Q2892375,שמעון התימני,tannaim
wikidata:Q3415876,new,Q3415876,רב שילא,amoraim
wikidata:Q2904193,new,Q2904193,רבי חייא,amoraim
wikidata:Q357157,new,Q357157,רבן גמליאל ברבי,amoraim
wikidata:Q305760,new,Q305760,רב (אמורא),amoraim
wikidata:Q723557,new,Q723557,שמואל (אמורא),amoraim
wikidata:Q1529450,new,Q1529450,רבי יהודה נשיאה,amoraim
wikidata:Q1391489,new,Q1391489,ריש לקיש,amoraim
wikidata:Q1325773,new,Q1325773,רבי אלעזר בן פדת,amoraim
wikidata:Q1397565,new,Q1397565,רבי יוחנן,amoraim
wikidata:Q928893,new,Q928893,רבן גמליאל הרביעי,amoraim
wikidata:Q1794530,new,Q1794530,רב הונא,amoraim
wikidata:Q359777,new,Q359777,רב יהודה,amoraim
wikidata:Q305784,new,Q305784,אבוה דשמואל,amoraim
wikidata:Q449117,new,Q449117,בר קפרא,amoraim
wikidata:Q16156905,new,Q16156905,הלל (בן גמליאל),amoraim
wikidata:Q2892416,new,Q2892416,ידוע הבבלי,amoraim
wikidata:Q2897998,new,Q2897998,לוי בר סיסי,amoraim
wikidata:Q450436,new,Q450436,רבי בנאה,amoraim
wikidata:Q359782,new,Q359782,רבי יהושע בן לוי,amoraim
wikidata:Q2897422,new,Q2897422,רבי יוסי בן זמרה,amoraim
wikidata:Q2124910,new,Q2124910,רבי ינאי,amoraim
wikidata:Q3482096,new,Q3482096,רבי שילא איש כפר תמרתא,amoraim
wikidata:Q1391057,new,Q1391057,רב חסדא,amoraim
wikidata:Q2124832,new,Q2124832,רב נחמן,amoraim
wikidata:Q743044,new,Q743044,רב ששת,amoraim
wikidata:Q305830,new,Q305830,רבי אבהו,amoraim
wikidata:Q2124894,new,Q2124894,רבה בר רב הונא,amoraim
wikidata:Q360557,new,Q360557,רבה בר נחמני,amoraim
wikidata:Q1710854,new,Q1710854,רבי יהודה נשיאה השני,amoraim
wikidata:Q359768,new,Q359768,רב יוסף,amoraim
wikidata:Q304924,new,Q304924,אביי,amoraim
wikidata:Q7296289,new,Q7296289,רב ספרא,amoraim
wikidata:Q20502443,new,Q20502443,רבי חייא בר אמי,amoraim
wikidata:Q1304973,new,Q1304973,רבא,amoraim
wikidata:Q2124834,new,Q2124834,רב נחמן בר יצחק,amoraim
wikidata:Q540824,new,Q540824,הלל נשיאה,amoraim
wikidata:Q742636,new,Q742636,רב פפא,amoraim
wikidata:Q4663673,new,Q4663673,רבי אבא בר פפי,amoraim
wikidata:Q1060373,new,Q1060373,רב חמא,amoraim
wikidata:Q1492860,new,Q1492860,רבן גמליאל החמישי,amoraim
wikidata:Q1410699,new,Q1410699,רב אדא בר אהבה,amoraim
wikidata:Q1637333,new,Q1637333,רב הונא בר חייא,amoraim
wikidata:Q100154111,new,Q100154111,רב המנונא סבא (אמורא),amoraim
wikidata:Q574650,new,Q574650,רבי אבדימי דמן חיפה,amoraim
wikidata:Q467142,new,Q467142,רבי אילעא (אמורא),amoraim
wikidata:Q7278538,new,Q7278538,רבי ברכיה,amoraim
wikidata:Q7296294,new,Q7296294,רבי זירא,amoraim
wikidata:Q1069053,new,Q1069053,רבי חלבו,amoraim
wikidata:Q1710857,new,Q1710857,רבי יהודה נשיאה השלישי,amoraim
wikidata:Q2219010,new,Q2219010,רבי שמואל בר נחמני,amoraim
wikidata:Q2392189,new,Q2392189,רבי תנחומא,amoraim
wikidata:Q1637336,new,Q1637336,רב הונא בריה דרב יהושע,amoraim
wikidata:Q1892187,new,Q1892187,מר זוטרא,amoraim
wikidata:Q1850885,new,Q1850885,רבינא,amoraim
wikidata:Q742029,new,Q742029,רבן גמליאל השישי,amoraim
wikidata:Q742620,new,Q742620,רב אשי,amoraim
wikidata:Q12409537,new,Q12409537,מרימר,amoraim
wikidata:Q7282718,new,Q7282718,רפרם (אמורא בדור השביעי),amoraim
wikidata:Q2904113,new,Q2904113,מר בר רב אשי,amoraim
wikidata:Q743217,new,Q743217,רבינא האחרון,amoraim
wikidata:Q454422,new,Q454422,אמימר,amoraim
wikidata:Q454405,new,Q454405,רב הונא בריה דרב נתן,amoraim
wikidata:Q7296288,new,Q7296288,רב רחומי השלישי,amoraim
wikidata:Q7278517,new,Q7278517,רבה יוסי,amoraim
wikidata:Q4663686,new,Q4663686,אבא אומנא,amoraim
wikidata:Q25498181,new,Q25498181,אבא בר אחא בר סלא מכפרי,amoraim
wikidata:Q4663670,new,Q4663670,אבא בר מרתא,amoraim
wikidata:Q6569449,new,Q6569449,אבימי,amoraim
wikidata:Q19317835,new,Q19317835,אבימי בן רחבה,amoraim
wikidata:Q21035167,new,Q21035167,אבימי בר נאזי,amoraim
wikidata:Q18575248,new,Q18575248,אבימי בר פפי,amoraim
wikidata:Q18422795,new,Q18422795,אבימי בריה דרבי אבהו,amoraim
wikidata:Q21035168,new,Q21035168,אבימי מהגרוניא,amoraim
wikidata:Q99769243,new,Q99769243,אליעזר זעירא,amoraim
wikidata:Q7038220,new,Q7038220,אמימר בר מר ינוקא,amoraim
wikidata:Q100559223,new,Q100559223,אשיאן בר נדבך,amoraim
wikidata:Q18038621,new,Q18038621,גניבא,amoraim
wikidata:Q6583256,new,Q6583256,חייא בר רב,amoraim
wikidata:Q11041243,new,Q11041243,יהודה בר מרימר,amoraim
wikidata:Q6583649,new,Q6583649,ייבא חמוה דאשיין בר נדבך,amoraim
wikidata:Q598839,new,Q598839,מר בריה דרבנא,amoraim
wikidata:Q6754446,new,Q6754446,מר עוקבא,amoraim
wikidata:Q117745354,new,Q117745354,מר שמואל מר,amoraim
wikidata:Q19317839,new,Q19317839,עיפא,amoraim
wikidata:Q7296284,new,Q7296284,קרנא,amoraim
wikidata:Q30526578,new,Q30526578,רב אבדימי בר חמא בר חסא,amoraim
wikidata:Q6854677,new,Q6854677,רב אבהו,amoraim
wikidata:Q7055550,new,Q7055550,רב אדא בר אבא,amoraim
wikidata:Q62758092,new,Q62758092,רב אהרן,amoraim
wikidata:Q6510428,new,Q6510428,רב אחא בר אביי,amoraim
wikidata:Q6582301,new,Q6582301,רב אחא בר אדא,amoraim
wikidata:Q12411197,new,Q12411197,רב אחא בר יוסף,amoraim
wikidata:Q4694892,new,Q4694892,רב אחא בר יעקב,amoraim
wikidata:Q6532443,new,Q6532443,רב אחא בר רב איקא,amoraim
wikidata:Q6741480,new,Q6741480,רב אחא בר רב הונא,amoraim
wikidata:Q6560952,new,Q6560952,רב אחא ברדלא,amoraim
wikidata:Q120861203,new,Q120861203,רב אחא בריה דרב אויא,amoraim
wikidata:Q4694893,new,Q4694893,רב אחא בריה דרבא,amoraim
wikidata:Q6736038,new,Q6736038,רב אחא מדפתי,amoraim
wikidata:Q4694908,new,Q4694908,רב אחאי,amoraim
wikidata:Q10971640,new,Q10971640,רב אידי בר אבין,amoraim
wikidata:Q6605745,new,Q6605745,רב אידי בר אבין (השני),amoraim
wikidata:Q741458,new,Q741458,רב אסי,amoraim
wikidata:Q6976406,new,Q6976406,רב ביבי,amoraim
wikidata:Q7016001,new,Q7016001,רב ביבי בר אביי,amoraim
wikidata:Q19344639,new,Q19344639,רב בר שבא,amoraim
wikidata:Q7296277,new,Q7296277,רב ברונא,amoraim
wikidata:Q7296280,new,Q7296280,רב גידל,amoraim
wikidata:Q104054899,new,Q104054899,רב גמדא,amoraim
wikidata:Q6715844,new,Q6715844,רב דימי,amoraim
wikidata:Q7060590,new,Q7060590,רב דימי בר יוסף,amoraim
wikidata:Q1225775,new,Q1225775,רב דימי מנהרדעא,amoraim
wikidata:Q12411198,new,Q12411198,רב הונא (הכהן),amoraim
wikidata:Q6921148,new,Q6921148,רב הונא בר חיננא,amoraim
wikidata:Q6964369,new,Q6964369,רב הונא בר יהודה,amoraim
wikidata:Q6550301,new,Q6550301,רב הונא בר מנוח,amoraim
wikidata:Q6609431,new,Q6609431,רב הונא בריה דרב איקא,amoraim
wikidata:Q6809185,new,Q6809185,רב המנונא (השלישי),amoraim
wikidata:Q6854830,new,Q6854830,רב המנונא (השני),amoraim
wikidata:Q7296295,new,Q7296295,רב זביד (השני),amoraim
wikidata:Q6578146,new,Q6578146,רב זביד מנהרדעא,amoraim
wikidata:Q104029606,new,Q104029606,רב חביבי מחוזנאה,amoraim
wikidata:Q109334855,new,Q109334855,רב חגא,amoraim
wikidata:Q5872982,new,Q5872982,רב חייא בר אבין,amoraim
wikidata:Q5872985,new,Q5872985,רב חייא בר אשי,amoraim
wikidata:Q6579852,new,Q6579852,רב חיננא בר שלמיא,amoraim
wikidata:Q6794320,new,Q6794320,רב חלקיה בר טובי,amoraim
wikidata:Q6921509,new,Q6921509,רב חמא בר גוריא,amoraim
wikidata:Q100998890,new,Q100998890,רב חנא בגדתאה,amoraim
wikidata:Q49839963,new,Q49839963,רב חנא בר ביזנא,amoraim
wikidata:Q16841003,new,Q16841003,רב חנינא מסורא,amoraim
wikidata:Q6669039,new,Q6669039,רב חנן בר אמי,amoraim
wikidata:Q6715250,new,Q6715250,רב חנן בר רבא,amoraim
wikidata:Q12411201,new,Q12411201,רב חננאל,amoraim
wikidata:Q105626448,new,Q105626448,רב יהודה אחוה דרב סלא חסידא,amoraim
wikidata:Q111518579,new,Q111518579,רב יהודה בן רב שמואל בר שילת,amoraim
wikidata:Q6570438,new,Q6570438,רב יוסף בר אבא,amoraim
wikidata:Q6526823,new,Q6526823,רב יוסף בר אמי,amoraim
wikidata:Q6288179,new,Q6288179,רב יוסף בר חמא,amoraim
wikidata:Q6687221,new,Q6687221,רב יוסף בריה דרבא,amoraim
wikidata:Q6603176,new,Q6603176,רב יחזקאל,amoraim
wikidata:Q6574595,new,Q6574595,רב יחיאל,amoraim
wikidata:Q6946738,new,Q6946738,רב ייבא סבא,amoraim
wikidata:Q6544052,new,Q6544052,רב יימר,amoraim
wikidata:Q6738827,new,Q6738827,רב יעקב מנהר פקוד,amoraim
wikidata:Q12408236,new,Q12408236,רב יצחק בר אבדימי,amoraim
wikidata:Q6587860,new,Q6587860,רב יצחק בר אבדימי (השני),amoraim
wikidata:Q100166621,new,Q100166621,רב יצחק בר אשיאן,amoraim
wikidata:Q25493746,new,Q25493746,רב יצחק בר שמואל בר מרתא,amoraim
wikidata:Q6077381,new,Q6077381,רב יצחק בריה דרב יהודה,amoraim
wikidata:Q6738441,new,Q6738441,רב כהנא (הראשון),amoraim
wikidata:Q7296283,new,Q7296283,רב כהנא (הרביעי),amoraim
wikidata:Q7296281,new,Q7296281,רב כהנא (השני),amoraim
wikidata:Q2603832,new,Q2603832,רב כהנא מפום נהרא,amoraim
wikidata:Q2899673,new,Q2899673,רב מרי בר רחל,amoraim
wikidata:Q7296285,new,Q7296285,רב משרשיא,amoraim
wikidata:Q6655797,new,Q6655797,רב מתנה,amoraim
wikidata:Q6652870,new,Q6652870,רב נחמיה בריה דרב יוסף,amoraim
wikidata:Q30527252,new,Q30527252,רב נחמן בר רב הונא,amoraim
wikidata:Q6759157,new,Q6759157,רב סחורה,amoraim
wikidata:Q6539008,new,Q6539008,רב סמא בריה דרבא,amoraim
wikidata:Q18388206,new,Q18388206,רב סעורם,amoraim
wikidata:Q6855076,new,Q6855076,רב עוקבא בר חמא,amoraim
wikidata:Q100272549,new,Q100272549,רב עינא (אמורא),amoraim
wikidata:Q12411205,new,Q12411205,רב עמרם,amoraim
wikidata:Q6962128,new,Q6962128,רב עמרם חסידא,amoraim
wikidata:Q6554215,new,Q6554215,רב פנחס,amoraim
wikidata:Q7296287,new,Q7296287,רב פפי,amoraim
wikidata:Q6932585,new,Q6932585,רב קטינא,amoraim
wikidata:Q6576617,new,Q6576617,רב רחומי הראשון,amoraim
wikidata:Q19344644,new,Q19344644,רב רחומי השני,amoraim
wikidata:Q7296292,new,Q7296292,רב שיזבי,amoraim
wikidata:Q6667270,new,Q6667270,רב שימי בר אשי,amoraim
wikidata:Q6545728,new,Q6545728,רב שימי מחוזנאה,amoraim
wikidata:Q21934175,new,Q21934175,רב שמואל בר יהודה,amoraim
wikidata:Q6881095,new,Q6881095,רב שמואל בר רב יצחק,amoraim
wikidata:Q7412995,new,Q7412995,רב שמואל בריה דרב אבהו,amoraim
wikidata:Q100272582,new,Q100272582,רב שמעיה בר זעירא,amoraim
wikidata:Q6477149,new,Q6477149,רבא בר מחסיא,amoraim
wikidata:Q6591269,new,Q6591269,רבא בריה דרבה,amoraim
wikidata:Q7278519,new,Q7278519,רבה בר אבוה,amoraim
wikidata:Q2124892,new,Q2124892,רבה בר בר חנה,amoraim
wikidata:Q7278472,new,Q7278472,רבה בר ירמיה,amoraim
wikidata:Q6553715,new,Q6553715,רבה בר עולא,amoraim
wikidata:Q6708091,new,Q6708091,רבה בר רב חנן,amoraim
wikidata:Q7278521,new,Q7278521,רבה בר רב שילא,amoraim
wikidata:Q7278518,new,Q7278518,רבה תוספאה,amoraim
wikidata:Q7221758,new,Q7221758,רבי אבא,amoraim
wikidata:Q30527570,new,Q30527570,רבי אבא בר אחא,amoraim
wikidata:Q6546877,new,Q6546877,רבי אבין (השני),amoraim
wikidata:Q104399845,new,Q104399845,רבי אבין נגרא,amoraim
wikidata:Q1394943,new,Q1394943,רבי אחא (אמורא),amoraim
wikidata:Q746845,new,Q746845,רבי אלעזר ברבי שמעון,amoraim
wikidata:Q100409642,new,Q100409642,רבי חייא בר גמדא,amoraim
wikidata:Q5872987,new,Q5872987,רבי חייא בר יוסף,amoraim
wikidata:Q100320756,new,Q100320756,רבי טבלא,amoraim
wikidata:Q449278,new,Q449278,רבי יהודה בן בבא,amoraim
wikidata:Q6279613,new,Q6279613,רבי יוסי בר זבידא,amoraim
wikidata:Q3415877,new,Q3415877,רבי יצחק,amoraim
wikidata:Q6565343,new,Q6565343,רבי יצחק בר אבא,amoraim
wikidata:Q448939,new,Q448939,רבי פינחס בן יאיר,amoraim
wikidata:Q6910540,new,Q6910540,רבי פרידא,amoraim
wikidata:Q1253140,new,Q1253140,רבי שמלאי,amoraim
wikidata:Q16133521,new,Q16133521,רבין בר רב אדא,amoraim
wikidata:Q116069944,new,Q116069944,רבנאי,amoraim
wikidata:Q6588632,new,Q6588632,רחבה דפומבדיתא,amoraim
wikidata:Q4747240,new,Q4747240,רמי בר אבא,amoraim
wikidata:Q7289539,new,Q7289539,רמי בר אבא (השני),amoraim
wikidata:Q7289541,new,Q7289541,רמי בר חמא,amoraim
wikidata:Q6587609,new,Q6587609,רמי בר יחזקאל,amoraim
wikidata:Q6521345,new,Q6521345,רפרם (אמורא בדור השישי),amoraim
wikidata:Q6658025,new,Q6658025,רפרם בר פפא,amoraim
wikidata:Q6754355,new,Q6754355,מר זוטרא בר מר זוטרא,savoraim
wikidata:Q1892194,new,Q1892194,מר בר רב הונא,geonim
wikidata:Q1324937,new,Q1324937,אלעזר בירבי קליר,geonim
wikidata:Q6980252,new,Q6980252,נטרונאי בן נחמיה,geonim
wikidata:Q953481,new,Q953481,רב אחא משבחא,geonim
wikidata:Q455836,new,Q455836,יהודאי גאון,geonim
wikidata:Q7427349,new,Q7427349,שאול בן ענן,geonim
wikidata:Q2296753,excluded (description: קראי),,ענן בן דוד,geonim
wikidata:Q2981871,new,Q2981871,כהן צדק בן איבומאי גאון,geonim
wikidata:Q2905222,new,Q2905222,רב נטרונאי גאון,geonim
wikidata:Q477541,new,Q477541,רב עמרם גאון,geonim
wikidata:Q3128907,new,Q3128907,רב האי בן דוד גאון,geonim
wikidata:Q3389175,new,Q3389175,פירקוי בן באבוי,geonim
wikidata:Q536837,new,Q536837,יצחק בן שלמה הישראלי,geonim
wikidata:Q328748,new,Q328748,רב סעדיה גאון,geonim
wikidata:Q5219160,new,Q5219160,דניאל בן משה אלקומיסי,geonim
wikidata:Q2820099,new,Q2820099,אברהם הכהן בן יוסף,geonim
wikidata:Q3324792,new,Q3324792,משה בן חנוך,geonim
wikidata:Q182498,new,Q182498,חסדאי אבן שפרוט,geonim
wikidata:Q971757,new,Q971757,שבתי דונולו,geonim
wikidata:Q720129,new,Q720129,דונש בן לברט,geonim
wikidata:Q2905244,new,Q2905244,איסי בן יהודה,geonim
wikidata:Q79227292,new,Q79227292,חפץ בן יצליח,geonim
wikidata:Q3237215,excluded (description: קראי),,לוי בן יפת הלוי,geonim
wikidata:Q2070697,new,Q2070697,רבי שמעון בן מנסיא,geonim
wikidata:Q5360397,new,Q5360397,אליקים בן משולם,geonim
wikidata:Q3157606,new,Q3157606,יעקב בן נסים,geonim
wikidata:Q356149,new,Q356149,רב שרירא גאון,geonim
wikidata:Q194803,excluded (description: קראי),,יפת בן עלי הלוי,geonim
wikidata:Q3481858,new,Q3481858,שמריה בן אלחנן,geonim
wikidata:Q3037331,new,Q3037331,רב דוסא בן סעדיה,geonim
wikidata:Q457187,new,Q457187,רב שמואל בן חפני גאון,geonim
wikidata:Q3126888,new,Q3126888,חנוך בן משה,geonim
wikidata:Q1276109,new,Q1276109,שמעון בן יצחק,geonim
wikidata:Q7028939,new,Q7028939,יצחק אבן כלפון,geonim
wikidata:Q551536,new,Q551536,יוסף אבן אביתור,geonim
wikidata:Q982050,new,Q982050,רבנו גרשום,geonim
wikidata:Q982194,new,Q982194,רב האי גאון,geonim
wikidata:Q3138729,new,Q3138729,חזקיה בן דוד,geonim
wikidata:Q2894622,new,Q2894622,חושיאל בן אלחנן,geonim
wikidata:Q454433,new,Q454433,יניי,geonim
wikidata:Q16668713,new,Q16668713,רב פלטוי גאון,geonim
wikidata:Q335966,new,Q335966,יונה אבן ג'נאח,rishonim
wikidata:Q2897139,new,Q2897139,יוסף טוב עלם,rishonim
wikidata:Q1061624,new,Q1061624,רבנו חננאל,rishonim
wikidata:Q239355,new,Q239355,שלמה אבן גבירול,rishonim
wikidata:Q6630822,new,Q6630822,אליהו הזקן,rishonim
wikidata:Q5360790,new,Q5360790,אליעזר הגדול בן יצחק,rishonim
wikidata:Q690381,new,Q690381,רב ניסים גאון,rishonim
wikidata:Q1187659,new,Q1187659,יעקב בן יקר,rishonim
wikidata:Q3185897,new,Q3185897,יהוסף הנגיד,rishonim
wikidata:Q3187924,new,Q3187924,יהודה אבן בלעם,rishonim
wikidata:Q20751423,new,Q20751423,יצחק בן יהודה,rishonim
wikidata:Q12408247,new,Q12408247,יצחק הלוי,rishonim
wikidata:Q7517606,new,Q7517606,שמעון קרא,rishonim
wikidata:Q124633033,new,Q124633033,עלי בן עמרם,rishonim
wikidata:Q111719671,new,Q111719671,יהודה בן סעדיה,rishonim
wikidata:Q1949047,new,Q1949047,משה הכהן אבן ג'יקטילה,rishonim
wikidata:Q2909247,new,Q2909247,יצחק אבן גיאת,rishonim
wikidata:Q12408770,new,Q12408770,"מאיר ש""ץ",rishonim
wikidata:Q393084,new,Q393084,יהודה הכהן ליאונטין (הזקן),rishonim
wikidata:Q467553,new,Q467553,משולם בן קלונימוס,rishonim
wikidata:Q762229,new,Q762229,רבנו בחיי אבן פקודה,rishonim
wikidata:Q5763024,new,Q5763024,הלל בן אליקים,rishonim
wikidata:Q1803572,new,Q1803572,נתן מרומי,rishonim
wikidata:Q523491,new,Q523491,"רי""ף",rishonim
wikidata:Q26456,new,Q26456,"רש""י",rishonim
wikidata:Q3484137,new,Q3484137,שמחה בן שמואל מוויטרי,rishonim
wikidata:Q7058741,new,Q7058741,רבי אביתר גאון,rishonim
wikidata:Q6974547,new,Q6974547,ברוך בן יצחק אבן אלבאליה,rishonim
wikidata:Q3154797,new,Q3154797,יצחק בן ברון,rishonim
wikidata:Q133260140,new,Q133260140,ברוך בן שמואל הספרדי,rishonim
wikidata:Q7336982,new,Q7336982,יצחק בן מאיר,rishonim
wikidata:Q6810277,new,Q6810277,מאיר בן שמואל,rishonim
wikidata:Q6284517,new,Q6284517,יוסף קרא,rishonim
wikidata:Q31439,new,Q31439,אברהם בר חייא,rishonim
wikidata:Q719393,new,Q719393,משה אבן עזרא,rishonim
wikidata:Q534312,new,Q534312,יהודה בן ברזילי הברצלוני,rishonim
wikidata:Q6302174,new,Q6302174,יהודה בן נתן,rishonim
wikidata:Q2080920,excluded (religion),,פטרוס אלפונסי,rishonim
wikidata:Q4661839,new,Q4661839,אהרן אלעמאני,rishonim
wikidata:Q299200,new,Q299200,יהודה הלוי,rishonim
wikidata:Q958361,new,Q958361,"ר""י מיגאש",rishonim
wikidata:Q16133524,new,Q16133524,רבנו פטר,rishonim
wikidata:Q104822353,new,Q104822353,אליקים בן יוסף,rishonim
wikidata:Q958426,new,Q958426,יוסף אבן צדיק,rishonim
wikidata:Q6578241,new,Q6578241,אפרים מקלעת חמאד,rishonim
wikidata:Q1468644,new,Q1468644,טוביה בן אליעזר,rishonim
wikidata:Q6676966,new,Q6676966,מצ'מון הנגיד,rishonim
wikidata:Q2160640,new,Q2160640,חייא אלדאודי,rishonim
wikidata:Q2821862,new,Q2821862,אברהם בן יצחק מנרבונה,rishonim
wikidata:Q722697,new,Q722697,"רשב""ם",rishonim
wikidata:Q1673516,new,Q1673516,יצחק בן מלכי צדק,rishonim
wikidata:Q26235795,new,Q26235795,שמואל בן חנניה,rishonim
wikidata:Q94999263,new,Q94999263,יהודה הכהן אבן סוסאן,rishonim
wikidata:Q6968384,new,Q6968384,נתנאל בירב פיומי,rishonim
wikidata:Q270670,new,Q270670,אברהם אבן עזרא,rishonim
wikidata:Q827736,new,Q827736,אליעזר בן נתן,rishonim
wikidata:Q1371519,new,Q1371519,יוסף קמחי,rishonim
wikidata:Q3303401,new,Q3303401,מיימון הדיין,rishonim
wikidata:Q6821313,new,Q6821313,משולם בן יעקב מלוניל,rishonim
wikidata:Q6814474,new,Q6814474,דוד ומשה,rishonim
wikidata:Q944289,new,Q944289,רבנו תם,rishonim
wikidata:Q1970330,new,Q1970330,"ר""י הזקן",rishonim
wikidata:Q1329306,new,Q1329306,אליעזר ממיץ,rishonim
wikidata:Q1296489,new,Q1296489,אפרים מרגנסבורג,rishonim
wikidata:Q330821,new,Q330821,אברהם אבן דאוד,rishonim
wikidata:Q6886987,new,Q6886987,אלחנן בן יצחק,rishonim
wikidata:Q2906881,new,Q2906881,זרחיה הלוי,rishonim
wikidata:Q2896679,new,Q2896679,יעקב מאורליינש,rishonim
wikidata:Q745336,new,Q745336,יהודה אבן תיבון,rishonim
wikidata:Q12406540,new,Q12406540,יום טוב בן יצחק מיואני,rishonim
wikidata:Q6077386,new,Q6077386,יצחק בן אבא מרי,rishonim
wikidata:Q723540,new,Q723540,משה קמחי,rishonim
wikidata:Q6967484,new,Q6967484,זכריה בן יהודה אגמאתי,rishonim
wikidata:Q457200,new,Q457200,אפרים מבונא,rishonim
wikidata:Q43295474,new,Q43295474,יהודה בן קלונימוס ממגנצא,rishonim
wikidata:Q25488453,new,Q25488453,יהודה בן קלונימוס משפיירא,rishonim
wikidata:Q330769,new,Q330769,אברהם בן דוד מפושקירה,rishonim
wikidata:Q96064770,new,Q96064770,יואל הלוי מבונא,rishonim
wikidata:Q6077411,new,Q6077411,יצחק בן ראובן הברצלוני,rishonim
wikidata:Q3572312,new,Q3572312,יצחק בר דורבלו,rishonim
wikidata:Q7494069,new,Q7494069,רבי שמעיה,rishonim
wikidata:Q3470963,new,Q3470963,שמשון מפלייזא,rishonim
wikidata:Q20502552,new,Q20502552,יהודה בר יקר,rishonim
wikidata:Q16158501,new,Q16158501,יוסף מלונדון,rishonim
wikidata:Q127398,new,Q127398,"רמב""ם",rishonim
wikidata:Q4865880,new,Q4865880,ברוך בן יצחק,rishonim
wikidata:Q6274906,new,Q6274906,יהונתן מלוניל,rishonim
wikidata:Q4669267,new,Q4669267,אברהם בן נתן,rishonim
wikidata:Q1391474,new,Q1391474,יהודה החסיד,rishonim
wikidata:Q6119558,new,Q6119558,יעקב מלונדון,rishonim
wikidata:Q5360791,new,Q5360791,אליעזר בן יואל,rishonim
wikidata:Q118925818,new,Q118925818,דניאל הבבלי,rishonim
wikidata:Q1706130,new,Q1706130,יוסף בן יהודה אבן עקנין,rishonim
wikidata:Q4865881,new,Q4865881,ברוך בן שמואל,rishonim
wikidata:Q4198116,new,Q4198116,יהודה שירליאון,rishonim
wikidata:Q1350978,new,Q1350978,יהודה אלחריזי,rishonim
wikidata:Q679640,new,Q679640,פתחיה מרגנסבורג,rishonim
wikidata:Q106336,new,Q106336,אלעזר מגרמייזא,rishonim
wikidata:Q338123,new,Q338123,שמואל בן יהודה אבן תיבון,rishonim
wikidata:Q84128,new,Q84128,שמשון משאנץ,rishonim
wikidata:Q733619,new,Q733619,"רד""ק",rishonim
wikidata:Q5360796,new,Q5360796,אליעזר מטוך,rishonim
wikidata:Q927296,new,Q927296,יצחק סגי נהור,rishonim
wikidata:Q2874503,new,Q2874503,"אברהם בן הרמב""ם",rishonim
wikidata:Q557882,new,Q557882,עזרא ועזריאל מגירונה,rishonim
wikidata:Q330775,new,Q330775,אברהם אבן חסדאי,rishonim
wikidata:Q372554,new,Q372554,מאיר הלוי אבולעפיה,rishonim
wikidata:Q108604353,new,Q108604353,יצחק בן ישראל (בגדאד),rishonim
wikidata:Q4828821,new,Q4828821,אביגדור הכהן,rishonim
wikidata:Q85998071,new,Q85998071,חננאל בן שמואל,rishonim
wikidata:Q647348,new,Q647348,יצחק מווינה,rishonim
wikidata:Q1688038,new,Q1688038,ישעיה די טראני,rishonim
wikidata:Q140032465,new,Q140032465,עזרא הנביא ממונקנטור,rishonim
wikidata:Q958438,new,Q958438,יעקב אנטולי,rishonim
wikidata:Q1371903,new,Q1371903,יונה גירונדי,rishonim
wikidata:Q1270399,new,Q1270399,מאיר בן שמעון המעילי,rishonim
wikidata:Q4662613,new,Q4662613,אהרון מיורק,rishonim
wikidata:Q1686108,new,Q1686108,יחיאל מפריז,rishonim
wikidata:Q6916016,new,Q6916016,משה מלונדריש,rishonim
wikidata:Q355455,new,Q355455,"רמב""ן",rishonim
wikidata:Q181498,new,Q181498,משה אבן תיבון,rishonim
wikidata:Q2916539,new,Q2916539,משה מקוצי,rishonim
wikidata:Q2820057,new,Q2820057,"רא""ה",rishonim
wikidata:Q6529022,new,Q6529022,יהודה בן בנימין ענו,rishonim
wikidata:Q6077408,new,Q6077408,יצחק מקורביל,rishonim
wikidata:Q99758302,new,Q99758302,יחזקיה ממגדבורג,rishonim
wikidata:Q7812883,new,Q7812883,טודרוס בן יוסף אבולעפיה,rishonim
wikidata:Q15650662,new,Q15650662,יחיאל בן יקותיאל,rishonim
wikidata:Q111686797,new,Q111686797,יהודה אלמדארי,rishonim
wikidata:Q323448,new,Q323448,אברהם אבולעפיה,rishonim
wikidata:Q72163,new,Q72163,"מהר""ם מרוטנבורג",rishonim
wikidata:Q962334,new,Q962334,הלל בן שמואל,rishonim
wikidata:Q7167928,new,Q7167928,רבנו פרץ,rishonim
wikidata:Q4668765,new,Q4668765,אברהם בדרשי,rishonim
wikidata:Q6639878,new,Q6639878,מאיר הכהן מרוטנבורג,rishonim
wikidata:Q460673,new,Q460673,מרדכי בן הלל,rishonim
wikidata:Q12407404,new,Q12407404,חזקיה בן מנוח,rishonim
wikidata:Q592677,new,Q592677,אליעזר בן שמואל (ורונה),rishonim
wikidata:Q818900,new,Q818900,ברכיה בן נטרונאי הנקדן,rishonim
wikidata:Q6812206,new,Q6812206,דן בן יוסף אשכנזי,rishonim
wikidata:Q5067818,new,Q5067818,חיים פלטיאל,rishonim
wikidata:Q124290601,new,Q124290601,יצחק השנירי,rishonim
wikidata:Q1405586,new,Q1405586,יצחק מדורא,rishonim
wikidata:Q108910835,new,Q108910835,משה מבורגוס,rishonim
wikidata:Q7558783,new,Q7558783,שלמה מן ההר,rishonim
wikidata:Q456758,new,Q456758,משה די לאון,rishonim
wikidata:Q7558723,new,Q7558723,שלמה פטיט,rishonim
wikidata:Q1920221,new,Q1920221,מנחם המאירי,rishonim
wikidata:Q6565880,new,Q6565880,חיים אליעזר בן יצחק,rishonim
wikidata:Q982170,new,Q982170,"רשב""א",rishonim
wikidata:Q61125382,new,Q61125382,שמשון בן צדוק,rishonim
wikidata:Q4669292,new,Q4669292,אברהם מן ההר,rishonim
wikidata:Q302961,excluded (religion),,אהרון בן יוסף הרופא,rishonim
wikidata:Q107929944,new,Q107929944,דוד בן יהודה החסיד,rishonim
wikidata:Q1704663,new,Q1704663,יוסף ג'יקטיליה,rishonim
wikidata:Q722525,new,Q722525,"רא""ש",rishonim
wikidata:Q348287,new,Q348287,קלונימוס בן קלונימוס,rishonim
wikidata:Q460368,new,Q460368,"ריטב""א",rishonim
wikidata:Q7494060,new,Q7494060,שם טוב אבן גאון,rishonim
wikidata:Q7410415,new,Q7410415,שמשון מקינון,rishonim
wikidata:Q458707,new,Q458707,בחיי בן אשר,rishonim
wikidata:Q959910,new,Q959910,ידעיה הפניני,rishonim
wikidata:Q16129665,new,Q16129665,יהושע אבן שועיב,rishonim
wikidata:Q1376849,new,Q1376849,יעקב בן אשר,rishonim
wikidata:Q6077420,new,Q6077420,יצחק דמן עכו,rishonim
wikidata:Q353633,new,Q353633,"רלב""ג",rishonim
wikidata:Q959392,new,Q959392,יוסף אבן כספי,rishonim
wikidata:Q143711,new,Q143711,אלכסנדרי זוסלין הכהן,rishonim
wikidata:Q828097,new,Q828097,"יהודה בן הרא""ש",rishonim
wikidata:Q4662585,new,Q4662585,אהרון הכהן מלוניל,rishonim
wikidata:Q6982823,new,Q6982823,דוד בן שמואל מאישטילא,rishonim
wikidata:Q2907087,new,Q2907087,ירוחם בן משולם,rishonim
wikidata:Q7494073,new,Q7494073,שמריה האיקריטי,rishonim
wikidata:Q958986,new,Q958986,אשתורי הפרחי,rishonim
wikidata:Q22936353,new,Q22936353,יהושע הנגיד,rishonim
wikidata:Q6810276,new,Q6810276,מאיר אבן אלדבי,rishonim
wikidata:Q1852000,new,Q1852000,משה נרבוני,rishonim
wikidata:Q7927679,new,Q7927679,וידאל די טולוזא,rishonim
wikidata:Q6916086,new,Q6916086,משה חלאווה,rishonim
wikidata:Q6965916,new,Q6965916,פרץ הכהן,rishonim
wikidata:Q6302099,new,Q6302099,יהודה משקוני,rishonim
wikidata:Q723531,new,Q723531,"ר""ן",rishonim
wikidata:Q7413013,new,Q7413013,שמואל אבן צרצה,rishonim
wikidata:Q6816412,new,Q6816412,מנחם בן זרח,rishonim
wikidata:Q1674606,new,Q1674606,ישראל אנקווה,rishonim
wikidata:Q2747857,new,Q2747857,אבא מרי הירחי,rishonim
wikidata:Q461507,new,Q461507,דוד אבודרהם,rishonim
wikidata:Q1673399,new,Q1673399,יצחק אבוהב (מנורת המאור),rishonim
wikidata:Q13577481,new,Q13577481,נתנאל בן ישעיה,rishonim
wikidata:Q97574281,new,Q97574281,שמואל שלטשטט,rishonim
wikidata:Q460650,new,Q460650,"ריב""ש",rishonim
wikidata:Q57078707,new,Q57078707,אברהם קלויזנר,rishonim
wikidata:Q528415,new,Q528415,חסדאי קרשקש,rishonim
wikidata:Q6816382,new,Q6816382,מנחם ציוני,rishonim
wikidata:Q6753573,new,Q6753573,שלום מנוישטאדט,rishonim
wikidata:Q101435248,new,Q101435248,דוד הנגיד (השני),rishonim
wikidata:Q127969198,new,Q127969198,שלמה שרביט הזהב,rishonim
wikidata:Q4662607,new,Q4662607,אהרן בלומלין,rishonim
wikidata:Q438313,new,Q438313,יצחק אייזיק מטירנא,rishonim
wikidata:Q324313,new,Q324313,"מהרי""ל",rishonim
wikidata:Q1851906,excluded (religion),,שלמה הלוי מבורגוס,rishonim
wikidata:Q790956,new,Q790956,אביגדור קרא,rishonim
wikidata:Q6735876,new,Q6735876,מימון נג'אר,rishonim
wikidata:Q7494063,new,Q7494063,שם טוב אבן שם טוב (הראשון),rishonim
wikidata:Q3055711,new,Q3055711,אפרים אנקווה,rishonim
wikidata:Q559622,new,Q559622,יוסף אלבו,rishonim
wikidata:Q2918665,new,Q2918665,שמעון בן צמח דוראן,rishonim
wikidata:Q2891222,new,Q2891222,שלמה בונפיד,rishonim
wikidata:Q6288216,new,Q6288216,יוסף אבן שם טוב,rishonim
wikidata:Q45017,new,Q45017,ישראל איסרלן,rishonim
wikidata:Q2908183,new,Q2908183,יצחק קנפנטון,rishonim
wikidata:Q461494,new,Q461494,שלמה בן שמעון דוראן,rishonim
wikidata:Q7212953,new,Q7212953,יוסף דלה ריינה,rishonim
wikidata:Q134719507,new,Q134719507,שמעון כץ מפרנקפורט,rishonim
wikidata:Q2975905,new,Q2975905,יוסף קולון,rishonim
wikidata:Q75357,new,Q75357,ישראל ברונא,rishonim
wikidata:Q134514612,new,Q134514612,זלמן יענט,rishonim
wikidata:Q97258,new,Q97258,"מהר""ם מינץ",rishonim
wikidata:Q106563612,new,Q106563612,מיכאל בלבו,rishonim
wikidata:Q1599569,new,Q1599569,מרדכי כומטיאנו,rishonim
wikidata:Q3460418,new,Q3460418,סעדיה עדני,rishonim
wikidata:Q329773,new,Q329773,אברהם ביבג'ו,rishonim
wikidata:Q60844943,new,Q60844943,יוסף יוזל אוסטרייכר,rishonim
wikidata:Q12408246,new,Q12408246,יצחק די ליאון,rishonim
wikidata:Q1231100,new,Q1231100,יצחק אבוהב (גאון קסטיליה),rishonim
wikidata:Q463405,new,Q463405,אליהו דלמדיגו,rishonim
wikidata:Q85998073,new,Q85998073,יעקב לנדא (אגור),rishonim
wikidata:Q3327069,new,Q3327069,משה אראג'יל,rishonim
wikidata:Q531326,new,Q531326,סעדיה אבן דנאן,rishonim
wikidata:Q1689684,new,Q1689684,יצחק עראמה,rishonim
wikidata:Q112057696,new,Q112057696,אייזיק שטיין,rishonim
wikidata:Q963951,new,Q963951,משה קפשאלי,rishonim
wikidata:Q330594,excluded (religion),,אברהם שניור קורונל,rishonim
wikidata:Q669640,new,Q669640,יהודה מסר לאון,rishonim
wikidata:Q16200173,new,Q16200173,יהודה כלץ (הראשון),rishonim
wikidata:Q1702719,new,Q1702719,יום טוב ליפמן מילהויזן,rishonim
wikidata:Q827747,new,Q827747,יעקב וייל,rishonim
wikidata:Q461640,new,Q461640,יצחק פולקר,rishonim
wikidata:Q41616548,new,Q41616548,ישועה בן יוסף הלוי,rishonim
wikidata:Q924800,new,Q924800,עובדיה מברטנורא,rishonim
wikidata:Q4669065,new,Q4669065,אברהם בקראט,rishonim
wikidata:Q3157605,new,Q3157605,יעקב בן חיים אבן אדוניהו,rishonim
wikidata:Q2402250,new,Q2402250,יוסף סרגוסי,rishonim
wikidata:Q4669161,new,Q4669161,אברהם סבע,rishonim
wikidata:Q319902,new,Q319902,יצחק אברבנאל,rishonim
wikidata:Q6302161,new,Q6302161,"מהר""י מינץ",rishonim
wikidata:Q113330096,new,Q113330096,משה אבן זברה,rishonim
wikidata:Q18121728,new,Q18121728,יוחנן לוריא,rishonim
wikidata:Q330740,new,Q330740,אברהם זכות,rishonim
wikidata:Q1679441,new,Q1679441,יעקב בן חביב,rishonim
wikidata:Q6076601,new,Q6076601,יצחק קארו,rishonim
wikidata:Q6599366,new,Q6599366,יהודה בן משה אלבוטיני,rishonim
wikidata:Q133227616,new,Q133227616,יוסף פאסי,rishonim
wikidata:Q467062,new,Q467062,יהודה אברבנאל,rishonim
wikidata:Q118925954,new,Q118925954,מאיר עראמה,rishonim
wikidata:Q2821863,new,Q2821863,אברהם דבלמש,rishonim
wikidata:Q4669260,new,Q4669260,אברהם מינץ,rishonim
wikidata:Q463374,new,Q463374,אליהו מזרחי,rishonim
wikidata:Q5241453,new,Q5241453,דוד בן יהודה מסר לאון,rishonim
wikidata:Q330771,new,Q330771,אברהם בן אליעזר הלוי,rishonim
wikidata:Q18121712,new,Q18121712,"דוד הכהן (רד""ך)",rishonim
wikidata:Q111905057,new,Q111905057,נתן הכהן שולאל,rishonim
wikidata:Q723526,new,Q723526,שלמה מולכו,rishonim
wikidata:Q18484924,new,Q18484924,עזריאל דאיינה,rishonim
wikidata:Q6964872,new,Q6964872,נפתלי הירץ טריוויש,rishonim
wikidata:Q722259,new,Q722259,דוד הראובני,rishonim
wikidata:Q1297938,new,Q1297938,תם אבן יחיא,rishonim
wikidata:Q6979408,new,Q6979408,יוסף קורקוס,rishonim
wikidata:Q6391090,new,Q6391090,מאיר אבן גבאי,rishonim
wikidata:Q1423836,new,Q1423836,יעקב פולק,rishonim
wikidata:Q6915683,new,Q6915683,משה אלשקר,rishonim
wikidata:Q7558555,new,Q7558555,שלמה אלמולי,rishonim
wikidata:Q25490125,new,Q25490125,בנימין זאב מארטה,rishonim
wikidata:Q6535573,new,Q6535573,לוי בן חביב,rishonim
wikidata:Q2334097,new,Q2334097,יוסף טאיטאצאק,rishonim
wikidata:Q2909966,new,Q2909966,יעקב בירב,rishonim
wikidata:Q113141001,new,Q113141001,יצחק יעבץ,rishonim
wikidata:Q6584326,new,Q6584326,משה קאשטרו,rishonim
wikidata:Q1195977,new,Q1195977,עובדיה ספורנו,rishonim
wikidata:Q5361011,new,Q5361011,אליהו מפרארה,rishonim
wikidata:Q96102068,new,Q96102068,חיים גאגין,rishonim
wikidata:Q116149228,new,Q116149228,יהודה בן שמואל אבן עבאס (השני),rishonim
wikidata:Q6288187,new,Q6288187,יוסף בכור שור,rishonim
wikidata:Q178883,new,Q178883,יוסף בן נתן אופיציאל,rishonim
wikidata:Q16130600,new,Q16130600,יוסף בן שלום אשכנזי,rishonim
wikidata:Q12407999,new,Q12407999,יוסף חביבא,rishonim
wikidata:Q4256415,new,Q4256415,לוי בן אברהם בן חיים,rishonim
wikidata:Q3305715,new,Q3305715,מנחם בן שלמה,rishonim
wikidata:Q113376140,new,Q113376140,משה הגולה מקיוב (השני),rishonim
wikidata:Q2776652,new,Q2776652,משה הדרשן,rishonim
wikidata:Q3460424,new,Q3460424,סעדיה בן נחמני,rishonim
wikidata:Q3002469,new,Q3002469,קרשקש וידאל,rishonim
wikidata:Q820923,new,Q820923,שמואל החסיד,rishonim
wikidata:Q64590807,new,Q64590807,שמואל ירונדי,rishonim
wikidata:Q317517,new,Q317517,יוסף איש רוסהיים,acharonim
wikidata:Q1291930,new,Q1291930,שלמה סיריליו,acharonim
wikidata:Q1329371,new,Q1329371,אליהו קפשאלי,acharonim
wikidata:Q2902916,new,Q2902916,יהושע בועז,acharonim
wikidata:Q25488979,new,Q25488979,יוחנן טרייוויש (איטליה),acharonim
wikidata:Q93487,new,Q93487,שלום שכנא מלובלין,acharonim
wikidata:Q6288219,new,Q6288219,יוסף אבן וירגה,acharonim
wikidata:Q6916003,new,Q6916003,משה באסולה,acharonim
wikidata:Q133229066,new,Q133229066,שלמה עטיה,acharonim
wikidata:Q870692,new,Q870692,מאיר קצנלנבוגן,acharonim
wikidata:Q1306040,new,Q1306040,אליעזר טריוויש,acharonim
wikidata:Q21033409,new,Q21033409,ישראל בן יוסף,acharonim
wikidata:Q733598,new,Q733598,משה קורדובירו,acharonim
wikidata:Q6816418,new,Q6816418,מנחם בן משה הבבלי,acharonim
wikidata:Q339509,new,Q339509,"האר""י",acharonim
wikidata:Q1949189,new,Q1949189,משה איסרליש,acharonim
wikidata:Q6087391,new,Q6087391,ישראל די קוריאל,acharonim
wikidata:Q83960,new,Q83960,שלמה לוריא,acharonim
wikidata:Q467148,new,Q467148,יוסף קארו,acharonim
wikidata:Q70681845,new,Q70681845,משה פרובינצאלו,acharonim
wikidata:Q48217,new,Q48217,שלמה אלקבץ,acharonim
wikidata:Q1708321,new,Q1708321,יוסף הכהן,acharonim
wikidata:Q793598,new,Q793598,עזריה מן האדומים,acharonim
wikidata:Q12408882,new,Q12408882,יוסף בן לב,acharonim
wikidata:Q6088021,new,Q6088021,יששכר בן מרדכי אבן סוסאן,acharonim
wikidata:Q6915901,new,Q6915901,משה נג'ארה (לקח טוב),acharonim
wikidata:Q4845202,new,Q4845202,אליהו בעל שם מחלם,acharonim
wikidata:Q6075814,new,Q6075814,יצחק אדרבי,acharonim
wikidata:Q2897268,new,Q2897268,אליעזר אשכנזי,acharonim
wikidata:Q1949234,new,Q1949234,משה מטראני,acharonim
wikidata:Q1446615,new,Q1446615,גדליה אבן יחיא (שלשלת הקבלה),acharonim
wikidata:Q4669262,new,Q4669262,אברהם גאלאנטי (מקובל),acharonim
wikidata:Q6577800,new,Q6577800,חיים בן בצלאל,acharonim
wikidata:Q7413006,new,Q7413006,שמואל די מדינה,acharonim
wikidata:Q1585105,new,Q1585105,שמואל יפה אשכנזי,acharonim
wikidata:Q1708309,new,Q1708309,יוסף כץ,acharonim
wikidata:Q5362066,new,Q5362066,אליהו די וידאש,acharonim
wikidata:Q832201,new,Q832201,בצלאל אשכנזי,acharonim
wikidata:Q6302105,new,Q6302105,יהודה מוסקאטו,acharonim
wikidata:Q786391,new,Q786391,משה אלשיך,acharonim
wikidata:Q6620284,new,Q6620284,אברהם מנחם רפאפורט,acharonim
wikidata:Q55647256,new,Q55647256,ליב חנליש,acharonim
wikidata:Q7411889,new,Q7411889,שמואל יהודה קצנלנבוגן,acharonim
wikidata:Q4669274,new,Q4669274,אברהם די בוטון,acharonim
wikidata:Q7068360,new,Q7068360,מנחם מנדל אביגדורש,acharonim
wikidata:Q330776,new,Q330776,אברהם אדרוטיל,acharonim
wikidata:Q1325807,new,Q1325807,אלעזר אזכרי,acharonim
wikidata:Q722518,excluded (description: משיח שקר),,אשר למלין,acharonim
wikidata:Q117459442,new,Q117459442,יוסף אסכנדרני,acharonim
wikidata:Q12408422,new,Q12408422,"יששכר בער כ""ץ",acharonim
wikidata:Q3460425,new,Q3460425,סעדיה בן יוסף,acharonim
wikidata:Q6733312,new,Q6733312,שלמה לבית הלוי,acharonim
wikidata:Q44863456,new,Q44863456,שמעון לביא,acharonim
wikidata:Q12409494,new,Q12409494,מרדכי דאטו,acharonim
wikidata:Q12411794,new,Q12411794,שמואל אוזידא,acharonim
wikidata:Q3185892,new,Q3185892,יוסף אבן עזרא,acharonim
wikidata:Q467387,new,Q467387,רבקה בת מאיר טיקטינר,acharonim
wikidata:Q6882750,new,Q6882750,שמואל לאנייאדו,acharonim
wikidata:Q65249791,new,Q65249791,"אליהו בן חיים (ראנ""ח)",acharonim
wikidata:Q16854012,new,Q16854012,משה מת,acharonim
wikidata:Q2407102,new,Q2407102,זכריה אלצ'אהרי,acharonim
wikidata:Q6916004,new,Q6916004,משה גאלנטי (הראשון),acharonim
wikidata:Q363513,new,Q363513,"מהר""ל מפראג",acharonim
wikidata:Q1706133,new,Q1706133,יוסף אבן טבול,acharonim
wikidata:Q30526982,new,Q30526982,אבטליון ממודנה,acharonim
wikidata:Q18038645,new,Q18038645,מנוח הנדל,acharonim
wikidata:Q330518,new,Q330518,אברהם הרופא פורטלאונה,acharonim
wikidata:Q982189,new,Q982189,מרדכי יפה,acharonim
wikidata:Q12407870,new,Q12407870,יהושע פלק כץ,acharonim
wikidata:Q6599161,new,Q6599161,אברהם הורוביץ,acharonim
wikidata:Q4669164,new,Q4669164,אברהם שמואל בכרך,acharonim
wikidata:Q30526791,new,Q30526791,אבטליון בן שלמה מקונסיליו,acharonim
wikidata:Q6810251,new,Q6810251,מאיר מלובלין,acharonim
wikidata:Q18121726,new,Q18121726,יצחק חיות,acharonim
wikidata:Q86007560,new,Q86007560,משה קזיס,acharonim
wikidata:Q983578,new,Q983578,שאול ואהל,acharonim
wikidata:Q141215865,new,Q141215865,גדליה קורדוברו,acharonim
wikidata:Q55650101,new,Q55650101,סולימאן אוחנה,acharonim
wikidata:Q6691049,new,Q6691049,בנימין אהרן סלניק,acharonim
wikidata:Q24950391,new,Q24950391,ישעיה בקיש,acharonim
wikidata:Q1234158,new,Q1234158,שבתי שפטל בן עקיבא הלוי הורוביץ,acharonim
wikidata:Q2891483,new,Q2891483,שלמה אפרים מלונטשיץ,acharonim
wikidata:Q2302424,new,Q2302424,חיים ויטאל,acharonim
wikidata:Q1402747,new,Q1402747,מנחם עזריה מפאנו,acharonim
wikidata:Q25491416,new,Q25491416,משה בכרך,acharonim
wikidata:Q5290097,new,Q5290097,דומניקו ג'רוזלימיטנו,acharonim
wikidata:Q1673452,new,Q1673452,יצחק עוזיאל,acharonim
wikidata:Q4669241,new,Q4669241,אברהם בן חנניה יגל,acharonim
wikidata:Q467581,new,Q467581,יעקב בן יצחק אשכנזי,acharonim
wikidata:Q18714121,new,Q18714121,יששכר בר איילנבורג,acharonim
wikidata:Q4662582,new,Q4662582,אהרן ששון (רב),acharonim
wikidata:Q6172793,new,Q6172793,ידידיה שלמה רפאל נורצי,acharonim
wikidata:Q2899427,new,Q2899427,מנחם די לונזאנו,acharonim
wikidata:Q465942,new,Q465942,ישראל נג'ארה,acharonim
wikidata:Q6004580,new,Q6004580,עמנואל אבוהב,acharonim
wikidata:Q473318,new,Q473318,ישעיה הלוי הורוביץ,acharonim
wikidata:Q60199201,new,Q60199201,מאיר אנג'יל,acharonim
wikidata:Q7007551,new,Q7007551,חיים כפוסי,acharonim
wikidata:Q1861540,new,Q1861540,שמואל אליעזר הלוי איידלס,acharonim
wikidata:Q6580025,new,Q6580025,אברהם חיים שור,acharonim
wikidata:Q302139,new,Q302139,אהרן אבן חיים,acharonim
wikidata:Q92542227,new,Q92542227,אפרים זלמן שור,acharonim
wikidata:Q2899392,new,Q2899392,נתן נטע שפירא,acharonim
wikidata:Q104708791,new,Q104708791,שמואל חאגיז,acharonim
wikidata:Q329866,new,Q329866,אברהם כהן דה-הירירה,acharonim
wikidata:Q5360950,new,Q5360950,אליהו לואנץ,acharonim
wikidata:Q1714061,new,Q1714061,יוסף יוזפא האן נוירלינגן,acharonim
wikidata:Q8054834,new,Q8054834,יום-טוב צהלון,acharonim
wikidata:Q301722,new,Q301722,אהרן ברכיה ממודנה,acharonim
wikidata:Q633076,new,Q633076,יוסף מטראני,acharonim
wikidata:Q1691747,new,Q1691747,יואל סירקיש,acharonim
wikidata:Q6810262,new,Q6810262,מאיר שיף,acharonim
wikidata:Q60198451,new,Q60198451,יהודה לירמה,acharonim
wikidata:Q1977082,new,Q1977082,אברהם אזולאי,acharonim
wikidata:Q4661796,new,Q4661796,אהרן אבא בן יוחנן,acharonim
wikidata:Q25492841,new,Q25492841,חיים שבתי,acharonim
wikidata:Q113135064,new,Q113135064,מרדכי קלעי,acharonim
wikidata:Q4832283,new,Q4832283,עזריה פיגו,acharonim
wikidata:Q16165186,new,Q16165186,יאשיהו בן יוסף פינטו,acharonim
wikidata:Q6289929,new,Q6289929,יהושע חריף,acharonim
wikidata:Q2907021,new,Q2907021,שמשון מאוסטרופולי,acharonim
wikidata:Q25492764,new,Q25492764,יוסף ידידיה קרמי,acharonim
wikidata:Q136190219,new,Q136190219,יוסף צרפתי,acharonim
wikidata:Q4669140,new,Q4669140,אברהם רפפורט,acharonim
wikidata:Q5360788,new,Q5360788,אליעזר בן ארחא,acharonim
wikidata:Q113134532,new,Q113134532,דניאל אישטרושה,acharonim
wikidata:Q66439,new,Q66439,יום-טוב ליפמן הלר,acharonim
wikidata:Q6624808,new,Q6624808,חיים הכהן (מקובל),acharonim
wikidata:Q969675,new,Q969675,יוסף שלמה דלמדיגו,acharonim
wikidata:Q85995412,new,Q85995412,שאול שמואל סירירו,acharonim
wikidata:Q2820095,new,Q2820095,אהרן הכהן מראגוזה,acharonim
wikidata:Q6575412,new,Q6575412,דוד בן יוסף פרדו,acharonim
wikidata:Q733629,new,Q733629,מנשה בן ישראל,acharonim
wikidata:Q115013975,new,Q115013975,אברהם מוטאל,acharonim
wikidata:Q112207525,new,Q112207525,אליעזר נחמן פואה,acharonim
wikidata:Q6122291,new,Q6122291,שאול מורטירה,acharonim
wikidata:Q2276171,new,Q2276171,שבתי שפטל הלוי הורוביץ (ווי העמודים),acharonim
wikidata:Q6816375,new,Q6816375,מנחם מנדל קרוכמל,acharonim
wikidata:Q6282925,new,Q6282925,יוסף איסקפה,acharonim
wikidata:Q2903655,new,Q2903655,מאיר הכהן פופרש,acharonim
wikidata:Q16131782,new,Q16131782,נתן שפירא הירושלמי,acharonim
wikidata:Q16130364,new,Q16130364,השיל מקראקא,acharonim
wikidata:Q472619,new,Q472619,שבתי הכהן,acharonim
wikidata:Q508079,new,Q508079,שמחה לוצאטו,acharonim
wikidata:Q6915995,new,Q6915995,משה לימא,acharonim
wikidata:Q913414,new,Q913414,דוד הלוי סגל,acharonim
wikidata:Q6119523,new,Q6119523,יעקב צמח (מקובל),acharonim
wikidata:Q6726149,new,Q6726149,חיים אבולעפיה (הראשון),acharonim
wikidata:Q992584,new,Q992584,יהושע רפאל בנבנישתי,acharonim
wikidata:Q1394599,new,Q1394599,משה בן יצחק בונמש,acharonim
wikidata:Q6271942,new,Q6271942,יונה תאומים-פרנקל,acharonim
wikidata:Q60220195,new,Q60220195,שמחה הכהן פרוידמן,acharonim
wikidata:Q460640,new,Q460640,אסנת ברזאני,acharonim
wikidata:Q113137657,new,Q113137657,ברוך אנג'יל,acharonim
wikidata:Q6915932,new,Q6915932,משה שמשון בכרך,acharonim
wikidata:Q20501827,new,Q20501827,"אריה לייב ""הארוך"" מקראקא",acharonim
wikidata:Q25493050,new,Q25493050,בנימין הלוי (מקובל),acharonim
wikidata:Q7050873,new,Q7050873,משה רבקש,acharonim
wikidata:Q5067799,new,Q5067799,חיים בנבנישתי,acharonim
wikidata:Q4662182,new,Q4662182,אהרן לפפה,acharonim
wikidata:Q1174034,new,Q1174034,דוד כהן די לארא,acharonim
wikidata:Q1678956,new,Q1678956,ישראל יעקב חגיז,acharonim
wikidata:Q4889050,new,Q4889050,בנימין מוספיא,acharonim
wikidata:Q1677539,new,Q1677539,יהודה לאון טמפלו,acharonim
wikidata:Q7411464,new,Q7411464,שמואל גרמיזאן,acharonim
wikidata:Q112307533,new,Q112307533,שמואל הלוי,acharonim
wikidata:Q20502458,new,Q20502458,יוסף חמיץ,acharonim
wikidata:Q299215,excluded (religion),,שבתי צבי,acharonim
wikidata:Q2576570,new,Q2576570,שמואל קאיידנובר,acharonim
wikidata:Q2920562,new,Q2920562,דוד קונפורטי,acharonim
wikidata:Q2897186,new,Q2897186,שמואל ויטאל,acharonim
wikidata:Q987784,new,Q987784,אפרים הכהן,acharonim
wikidata:Q302692,new,Q302692,אהרן שמעון שפירא,acharonim
wikidata:Q131934782,new,Q131934782,ישראל דרשן שפירא,acharonim
wikidata:Q1728040,new,Q1728040,מאיר שטרן,acharonim
wikidata:Q609696,excluded (description: התנועה השבתאית),,נתן העזתי,acharonim
wikidata:Q330021,new,Q330021,אברהם אבלי הלוי גומבינר,acharonim
wikidata:Q4539686,new,Q4539686,אברהם היכיני,acharonim
wikidata:Q96743656,new,Q96743656,יצחק חריף,acharonim
wikidata:Q4668743,new,Q4668743,אברהם אמיגו,acharonim
wikidata:Q41932209,new,Q41932209,יצחק אלגאזי,acharonim
wikidata:Q657866,new,Q657866,נתן נטע הנובר,acharonim
wikidata:Q7558717,new,Q7558717,שלמה אלגאזי,acharonim
wikidata:Q850639,new,Q850639,חיים בוכנר,acharonim
wikidata:Q4054689,new,Q4054689,יעקב אבנדנה,acharonim
wikidata:Q113355490,new,Q113355490,יצחק בנימין וולף,acharonim
wikidata:Q126934568,new,Q126934568,אהרן אבן חיים (השני),acharonim
wikidata:Q111465842,new,Q111465842,ישראל בנבנישתי,acharonim
wikidata:Q1949147,new,Q1949147,משה בן גדעון אבודיינטה,acharonim
wikidata:Q6816409,new,Q6816409,מנחם מנדל אוירבך,acharonim
wikidata:Q4662595,new,Q4662595,אהרון בן שמואל מפרנקפורט,acharonim
wikidata:Q4662591,new,Q4662591,אהרן תאומים,acharonim
wikidata:Q5763036,new,Q5763036,הלל בן נפתלי הירץ,acharonim
wikidata:Q5553105,new,Q5553105,גרשון אשכנזי,acharonim
wikidata:Q7029070,new,Q7029070,יעקב צהלון,acharonim
wikidata:Q935621,new,Q935621,יצחק אבוהב דה-פונסיקה,acharonim
wikidata:Q3946667,new,Q3946667,שמואל אבוהב,acharonim
wikidata:Q6119520,new,Q6119520,יעקב אליפנדרי,acharonim
wikidata:Q5241452,new,Q5241452,דוד לידא,acharonim
wikidata:Q12408076,new,Q12408076,יחיא הלוי,acharonim
wikidata:Q6916010,new,Q6916010,משה בן חביב,acharonim
wikidata:Q4668811,new,Q4668811,אברהם הכהן פימינטיל,acharonim
wikidata:Q6562540,new,Q6562540,אהרן הכהן פרחיה,acharonim
wikidata:Q1148266,new,Q1148266,משה זכות,acharonim
wikidata:Q5750050,new,Q5750050,חזקיה די סילוה,acharonim
wikidata:Q1679327,new,Q1679327,יעקב ששפורטש,acharonim
wikidata:Q10303764,new,Q10303764,יצחק אבנדנה,acharonim
wikidata:Q4057248,new,Q4057248,אדם בעל שם,acharonim
wikidata:Q4506072,new,Q4506072,העשיל צורף,acharonim
wikidata:Q2908900,new,Q2908900,יהודה החסיד (ירושלים),acharonim
wikidata:Q202382,new,Q202382,יוסף אטיאס,acharonim
wikidata:Q25714610,new,Q25714610,יצחק לופיס,acharonim
wikidata:Q464001,new,Q464001,ישראל סרוג,acharonim
wikidata:Q988518,new,Q988518,מאיר איזנשטט (מקובל),acharonim
wikidata:Q6915970,new,Q6915970,משה ונטורה (סיליסטרה),acharonim
wikidata:Q18121767,new,Q18121767,שמואל בן יוסף,acharonim
wikidata:Q125453868,new,Q125453868,מנחם סירירו,acharonim
wikidata:Q1320061,new,Q1320061,יאיר חיים בכרך,acharonim
wikidata:Q125307693,new,Q125307693,יוסף שמואל מקראקא,acharonim
wikidata:Q18121768,new,Q18121768,שמואל יצחק מודיליאנו,acharonim
wikidata:Q16132448,new,Q16132448,סעדיה שוראקי,acharonim
wikidata:Q113766826,new,Q113766826,משה מפראג,acharonim
wikidata:Q7413005,new,Q7413005,שמואל מפיורדא,acharonim
wikidata:Q330391,new,Q330391,אברהם מיכאל קרדוזו,acharonim
wikidata:Q8068356,new,Q8068356,זכריה מנדל בן אריה לייב,acharonim
wikidata:Q95349498,new,Q95349498,"יחיאל מיכל אפשטיין (קיצור של""ה)",acharonim
wikidata:Q6827064,new,Q6827064,שלמה די אוליוירה,acharonim
wikidata:Q25490878,new,Q25490878,שמואל פרימו,acharonim
wikidata:Q85998799,new,Q85998799,אליקום גץ,acharonim
wikidata:Q814071,new,Q814071,בער פרלהפטר,acharonim
wikidata:Q94286231,new,Q94286231,משה חפץ,acharonim
wikidata:Q5360995,new,Q5360995,אליה שפירא,acharonim
wikidata:Q112661242,new,Q112661242,אליעזר אבן שנג'י,acharonim
wikidata:Q25999343,new,Q25999343,יונה לנדסופר,acharonim
wikidata:Q244520,new,Q244520,צבי הירש קאיידנובר,acharonim
wikidata:Q4669158,new,Q4669158,אברהם רוויגו,acharonim
wikidata:Q131452790,new,Q131452790,יוסף הלוי נזיר,acharonim
wikidata:Q4669266,new,Q4669266,אברהם ברודא,acharonim
wikidata:Q113355511,new,Q113355511,אליהו אלפאנדרי,acharonim
wikidata:Q3478235,new,Q3478235,צמח צרפתי,acharonim
wikidata:Q119521905,new,Q119521905,גבריאל אסקלס,acharonim
wikidata:Q6964871,new,Q6964871,"נפתלי כ""ץ",acharonim
wikidata:Q244519,new,Q244519,צבי הירש אשכנזי,acharonim
wikidata:Q911755,new,Q911755,שבתי בס,acharonim
wikidata:Q2916129,new,Q2916129,שלום שבזי,acharonim
wikidata:Q7412581,new,Q7412581,שמואל שאטין,acharonim
wikidata:Q5361012,new,Q5361012,אליהו מפולדא,acharonim
wikidata:Q4662571,new,Q4662571,אהרן בן בנימין וולף,acharonim
wikidata:Q6283071,new,Q6283071,יוסף פיאמיטה,acharonim
wikidata:Q25493274,new,Q25493274,יהודה בריאל,acharonim
wikidata:Q6076130,new,Q6076130,יצחק קנטריני,acharonim
wikidata:Q466309,new,Q466309,שמשון ורטהיימר,acharonim
wikidata:Q30526780,new,Q30526780,אברהם הלין,acharonim
wikidata:Q16132614,new,Q16132614,חיים יונה תאומים,acharonim
wikidata:Q6302113,new,Q6302113,יהודה רוזאניס,acharonim
wikidata:Q467535,new,Q467535,דוד ניטו,acharonim
wikidata:Q55911965,new,Q55911965,יחיאל מיכל חסיד,acharonim
wikidata:Q2214907,new,Q2214907,שלמה אאיליון,acharonim
wikidata:Q15838775,new,Q15838775,אברהם בן דוד יצחקי,acharonim
wikidata:Q4668813,new,Q4668813,אברהם כהן (זנטה),acharonim
wikidata:Q1328913,new,Q1328913,אליהו הכהן האתמרי,acharonim
wikidata:Q140737670,new,Q140737670,אברהם בן יהודה ברלין,acharonim
wikidata:Q18220757,new,Q18220757,בנימין הכהן ויטאלי,acharonim
wikidata:Q6584811,new,Q6584811,יוסף אירגס,acharonim
wikidata:Q126122122,new,Q126122122,יעקב אבן דנאן,acharonim
wikidata:Q2902830,new,Q2902830,נחמיה חייא חיון,acharonim
wikidata:Q16338379,new,Q16338379,אברהם ישראל זאבי,acharonim
wikidata:Q16131175,new,Q16131175,יחזקיה יהושע פייבל תאומים,acharonim
wikidata:Q8046291,new,Q8046291,יעקב כולי,acharonim
wikidata:Q42008482,new,Q42008482,אברהם אבן מוסה,acharonim
wikidata:Q5687496,new,Q5687496,חיים אלפאנדרי (השני),acharonim
wikidata:Q6585115,new,Q6585115,יהודה בן עטר,acharonim
wikidata:Q8046302,new,Q8046302,יעקב ריישר,acharonim
wikidata:Q25453564,new,Q25453564,יצחק שולהוף,acharonim
wikidata:Q110567795,new,Q110567795,צבי הירש בן עזריאל,acharonim
wikidata:Q12404171,new,Q12404171,אפרים נבון,acharonim
wikidata:Q120013153,new,Q120013153,אריה לייב קלהורה,acharonim
wikidata:Q1175973,new,Q1175973,דוד אופנהיים,acharonim
wikidata:Q16132273,new,Q16132273,אלכסנדר סנדר שור,acharonim
wikidata:Q112229338,new,Q112229338,יוסף דוד (רב),acharonim
wikidata:Q25491895,new,Q25491895,שמשון בלוך (המבורג),acharonim
wikidata:Q18011654,new,Q18011654,ישעיהו באסאן,acharonim
wikidata:Q25491289,new,Q25491289,יעקב פופרש,acharonim
wikidata:Q55875485,new,Q55875485,צבי הירש פרנקל,acharonim
wikidata:Q7410386,new,Q7410386,שמשון מורפורגו,acharonim
wikidata:Q92387950,new,Q92387950,אברהם אזולאי (מרקש),acharonim
wikidata:Q4170510,new,Q4170510,אלעזר רוקח (רב),acharonim
wikidata:Q96336470,new,Q96336470,מרדכי עטייא,acharonim
wikidata:Q982046,new,Q982046,חיים בן עטר,acharonim
wikidata:Q20502259,new,Q20502259,יהודה אשכנזי (טיקטין),acharonim
wikidata:Q134434811,new,Q134434811,משה קצנלנבוגן,acharonim
wikidata:Q7021701,new,Q7021701,עמנואל חי ריקי,acharonim
wikidata:Q6586477,new,Q6586477,אליעזר נחום,acharonim
wikidata:Q5687507,new,Q5687507,חיים אבולעפיה (השני),acharonim
wikidata:Q988520,new,Q988520,מאיר איזנשטט,acharonim
wikidata:Q55649549,new,Q55649549,שבתי מרשקוב,acharonim
wikidata:Q108601115,new,Q108601115,אליעזר סופינו,acharonim
wikidata:Q1454084,new,Q1454084,יחיאל היילפרין (רב),acharonim
wikidata:Q982845,new,Q982845,"רמח""ל",acharonim
wikidata:Q6629942,new,Q6629942,דוד חותר,acharonim
wikidata:Q23034826,new,Q23034826,צבי הירש ביאלה,acharonim
wikidata:Q25495716,new,Q25495716,משה אמריליו,acharonim
wikidata:Q2299186,new,Q2299186,אביעד שר שלום באזילה,acharonim
wikidata:Q2390246,new,Q2390246,אברהם בן אברהם,acharonim
wikidata:Q55649340,new,Q55649340,בנימין קזיס,acharonim
wikidata:Q5423155,new,Q5423155,יחזקאל קצינאלפוגין,acharonim
wikidata:Q12409588,new,Q12409588,משה חגיז,acharonim
wikidata:Q94782139,new,Q94782139,יהודה מילר,acharonim
wikidata:Q6119534,new,Q6119534,יעקב אבן צור,acharonim
wikidata:Q2899475,new,Q2899475,יצחק לומברוזו,acharonim
wikidata:Q60428605,new,Q60428605,לוי בן יצחק ירושלמי,acharonim
wikidata:Q19824288,new,Q19824288,יעקב המבורגר,acharonim
wikidata:Q30527468,new,Q30527468,אריה לייב מאמסטרדם,acharonim
wikidata:Q25491312,new,Q25491312,יצחק בכר דוד,acharonim
wikidata:Q6076429,new,Q6076429,יצחק הכהן רפפורט,acharonim
wikidata:Q302089,new,Q302089,אורי פייבוש המבורגר,acharonim
wikidata:Q571580,new,Q571580,יעקב יהושע פלק,acharonim
wikidata:Q1171152,new,Q1171152,יצחק למפרונטי,acharonim
wikidata:Q6793368,new,Q6793368,ישראל יעקב אלגאזי,acharonim
wikidata:Q112782315,new,Q112782315,ישראל מאיר מזרחי,acharonim
wikidata:Q1095866,new,Q1095866,עקיבא איגר (הראשון),acharonim
wikidata:Q6634076,new,Q6634076,יהודה עייאש,acharonim
wikidata:Q111431522,new,Q111431522,אברהם אבן עזרא (אזמיר),acharonim
wikidata:Q7212889,new,Q7212889,יונה נבון,acharonim
wikidata:Q22906624,excluded (description: קראי),,שמחה יצחק לוצקי,acharonim
wikidata:Q2899025,new,Q2899025,אברהם גרשון מקיטוב,acharonim
wikidata:Q25494050,new,Q25494050,אליעזר די אבילה,acharonim
wikidata:Q12404251,new,Q12404251,אריה לייב שפירא (וילנה),acharonim
wikidata:Q96521,new,Q96521,דוד פרנקל,acharonim
wikidata:Q94128405,new,Q94128405,משה פרנקפורט,acharonim
wikidata:Q573882,new,Q573882,יהונתן אייבשיץ,acharonim
wikidata:Q131731215,new,Q131731215,שמואל הילמן,acharonim
wikidata:Q6791156,new,Q6791156,נחמן מהורדנקא,acharonim
wikidata:Q6559399,new,Q6559399,אהרן פרץ,acharonim
wikidata:Q11714643,new,Q11714643,"יצחק סג""ל לנדא",acharonim
wikidata:Q94859399,new,Q94859399,פינחס קצנלנבוגן,acharonim
wikidata:Q12408006,new,Q12408006,יוסף מולכו,acharonim
wikidata:Q6668669,new,Q6668669,מסעוד חי רקח,acharonim
wikidata:Q5423378,new,Q5423378,עזרא מלכי,acharonim
wikidata:Q16129013,new,Q16129013,אברהם אביש מפרנקפורט,acharonim
wikidata:Q6527895,new,Q6527895,דוד אלטשולר,acharonim
wikidata:Q113355547,new,Q113355547,מאיר ביקייאם,acharonim
wikidata:Q1947396,new,Q1947396,מרדכי הלברשטאדט,acharonim
wikidata:Q327956,new,Q327956,נתנאל וייל,acharonim
wikidata:Q124746625,new,Q124746625,שמשון אבוקארא הראשון,acharonim
wikidata:Q55648678,new,Q55648678,אברהם חיים רודריגס,acharonim
wikidata:Q7032092,new,Q7032092,מנחם מנדל מפרמישלן,acharonim
wikidata:Q2857943,new,Q2857943,אהרן הגדול מקרלין,acharonim
wikidata:Q6802994,new,Q6802994,דוד משרקי,acharonim
wikidata:Q25490776,new,Q25490776,חיים הכהן רפפורט (לבוב),acharonim
wikidata:Q70681792,new,Q70681792,"יעקב טולידאנו (מהרי""ט)",acharonim
wikidata:Q6740841,new,Q6740841,מלאכי הכהן,acharonim
wikidata:Q6804208,new,Q6804208,רפאל מיוחס,acharonim
wikidata:Q1253011,new,Q1253011,המגיד ממזריטש,acharonim
wikidata:Q6989286,new,Q6989286,ישראל מזמושץ',acharonim
wikidata:Q139311060,new,Q139311060,גדליה משה מלאשיץ,acharonim
wikidata:Q106081127,new,Q106081127,משה טולידאנו,acharonim
wikidata:Q18084502,new,Q18084502,רפאל משה בולה,acharonim
wikidata:Q4661806,new,Q4661806,אהרן אלפנדרי,acharonim
wikidata:Q16132293,new,Q16132293,יצחק נוניש בילמונטי,acharonim
wikidata:Q3306982,new,Q3306982,מסעוד רפאל אלפסי,acharonim
wikidata:Q4802677,new,Q4802677,אריה לייב הלוי אפשטיין,acharonim
wikidata:Q55649861,new,Q55649861,חיים דוד קורינאלדי,acharonim
wikidata:Q2874500,new,Q2874500,אברהם המלאך,acharonim
wikidata:Q6287172,new,Q6287172,יוסף שטיינהארט,acharonim
wikidata:Q473756,new,Q473756,יעקב עמדין,acharonim
wikidata:Q6616438,new,Q6616438,משה דוד ואלי,acharonim
wikidata:Q7293968,new,Q7293968,רפאל חיים יצחק קריגל,acharonim
wikidata:Q104869314,new,Q104869314,רפאל מייזלס,acharonim
wikidata:Q1977067,new,Q1977067,שלום שרעבי,acharonim
wikidata:Q140301617,new,Q140301617,שמואל מאמדור,acharonim
wikidata:Q1351984,new,Q1351984,שמואל שמלקה הורוביץ,acharonim
wikidata:Q29048866,new,Q29048866,שמשון חיים נחמני,acharonim
wikidata:Q18198844,new,Q18198844,אלחנן אשכנזי,acharonim
wikidata:Q7487303,new,Q7487303,שלום בוזגלו,acharonim
wikidata:Q127544874,new,Q127544874,יוסף שמואל מודיאנו,acharonim
wikidata:Q1686098,new,Q1686098,יחיאל מיכל מזלוטשוב,acharonim
wikidata:Q557659,new,Q557659,משה מרגלית,acharonim
wikidata:Q12411770,new,Q12411770,שלמה מחלם,acharonim
wikidata:Q60429762,new,Q60429762,שלמה שלם,acharonim
wikidata:Q5240299,new,Q5240299,דוד טבלי שייאר,acharonim
wikidata:Q3128879,new,Q3128879,חיים שמואל יעקב פאלק,acharonim
wikidata:Q6119155,new,Q6119155,יעקב רפאל סרוואל,acharonim
wikidata:Q4748618,new,Q4748618,עמרם בן דיוואן,acharonim
wikidata:Q111983568,new,Q111983568,יהודה קצין,acharonim
wikidata:Q120722086,new,Q120722086,מנצור מרזוק,acharonim
wikidata:Q16133472,new,Q16133472,מרדכי רוביו,acharonim
wikidata:Q6984149,new,Q6984149,אליהו ישראל,acharonim
wikidata:Q16339113,new,Q16339113,דוד בן ברוך,acharonim
wikidata:Q1391447,new,Q1391447,"יעקב יוסף כ""ץ",acharonim
wikidata:Q3323838,new,Q3323838,מרדכי ברוך קרבאליו,acharonim
wikidata:Q2902581,new,Q2902581,שמחה קאלימאני,acharonim
wikidata:Q2909674,new,Q2909674,אריה לייב גינצבורג,acharonim
wikidata:Q96637404,new,Q96637404,דוד חיים שמואל חסאן,acharonim
wikidata:Q112144527,new,Q112144527,יוסף נחמולי,acharonim
wikidata:Q115859212,new,Q115859212,עוזיאל מייזליש,acharonim
wikidata:Q5771618,new,Q5771618,צבי הירש יאנוב,acharonim
wikidata:Q125792865,new,Q125792865,שאול הלוי מהאג,acharonim
wikidata:Q6670168,new,Q6670168,שלמה זלמן מוולוז'ין,acharonim
wikidata:Q12403351,new,Q12403351,אברהם אופנהיים,acharonim
wikidata:Q30526675,new,Q30526675,אברהם בן אביגדור,acharonim
wikidata:Q110567739,new,Q110567739,זרח איידליץ,acharonim
wikidata:Q1329488,new,Q1329488,אלימלך מליז'נסק,acharonim
wikidata:Q6950095,new,Q6950095,חיים חייקל מאמדור,acharonim
wikidata:Q126371531,new,Q126371531,יוסף הכהן יצחקי,acharonim
wikidata:Q20502760,new,Q20502760,יצחק אייזיק כץ,acharonim
wikidata:Q25492367,new,Q25492367,מרדכי זאב אורנשטיין,acharonim
wikidata:Q140277277,new,Q140277277,שלמה מולכו (בעל השמנים),acharonim
wikidata:Q2903577,new,Q2903577,זאב וולף קיציס,acharonim
wikidata:Q2066799,new,Q2066799,מנחם מנדל מוויטבסק,acharonim
wikidata:Q25492935,new,Q25492935,מאיר ברבי,acharonim
wikidata:Q112191153,new,Q112191153,אפרים מונסונייגו,acharonim
wikidata:Q5238372,new,Q5238372,דוד פארדו,acharonim
wikidata:Q20606218,new,Q20606218,יעקב אלישר,acharonim
wikidata:Q118913218,new,Q118913218,ישראל בנימין באסאן,acharonim
wikidata:Q24992040,new,Q24992040,מאיר מרגליות,acharonim
wikidata:Q2066789,new,Q2066789,פנחס שפירא מקוריץ,acharonim
wikidata:Q30527477,new,Q30527477,שאול מאמסטרדם,acharonim
wikidata:Q12411792,new,Q12411792,שמואל בן אביגדור,acharonim
wikidata:Q557680,new,Q557680,דוד שיף,acharonim
wikidata:Q6892920,new,Q6892920,יעקב יוסף מאוסטראה,acharonim
wikidata:Q708525,excluded (religion),,יעקב פרנק,acharonim
wikidata:Q12404253,new,Q12404253,לייב שרה'ס,acharonim
wikidata:Q20502333,new,Q20502333,נתן בורג'יל,acharonim
wikidata:Q18635490,new,Q18635490,אור שרגא,acharonim
wikidata:Q55453691,new,Q55453691,אליהו הלוי,acharonim
wikidata:Q3018048,new,Q3018048,דוד בן חסין,acharonim
wikidata:Q25490732,new,Q25490732,דוד טבל בן נתן נטע מליסא,acharonim
wikidata:Q2909229,new,Q2909229,יוסף תאומים,acharonim
wikidata:Q12411769,new,Q12411769,שלמה מקרלין,acharonim
wikidata:Q6042243,new,Q6042243,אלכסנדר זיסקינד מהוראדנא,acharonim
wikidata:Q6976527,new,Q6976527,חיים מקרסנה,acharonim
wikidata:Q1385975,new,Q1385975,יחזקאל לנדא,acharonim
wikidata:Q16132216,new,Q16132216,יצחק יוסף תאומים,acharonim
wikidata:Q28857279,new,Q28857279,רפאל שלמה לניאדו (1793),acharonim
wikidata:Q6677692,new,Q6677692,חיים מודעי,acharonim
wikidata:Q6821310,new,Q6821310,ישראל משולם זלמן אשכנזי,acharonim
wikidata:Q328094,excluded (description: פרנקיסט),,משה דוברושקה,acharonim
wikidata:Q7427292,new,Q7427292,שאול ברלין,acharonim
wikidata:Q111159033,new,Q111159033,אליקים גאטינייו,acharonim
wikidata:Q16130760,new,Q16130760,בנימין וולף איגר,acharonim
wikidata:Q25492728,new,Q25492728,ישכר בער מזלוטשוב,acharonim
wikidata:Q6509202,new,Q6509202,לאה הורוביץ,acharonim
wikidata:Q124434257,new,Q124434257,רפאל יוסף בן רובי,acharonim
wikidata:Q15711448,new,Q15711448,נתן מז,acharonim
wikidata:Q279359,new,Q279359,הגאון מווילנה,acharonim
wikidata:Q426140,new,Q426140,מנחם נחום מצ'רנוביל,acharonim
wikidata:Q31773521,new,Q31773521,יששכר בר בלוך,acharonim
wikidata:Q793576,new,Q793576,ישעיה פיק ברלין,acharonim
wikidata:Q110092718,new,Q110092718,דוד מג'אר,acharonim
wikidata:Q16131309,new,Q16131309,זאב וולף מז'יטומיר,acharonim
wikidata:Q124039059,new,Q124039059,מכלוף אוחיון,acharonim
wikidata:Q6915776,new,Q6915776,משה גאלנטי (דמשק),acharonim
wikidata:Q2904099,new,Q2904099,משה חיים אפרים מסדילקוב,acharonim
wikidata:Q2778099,new,Q2778099,משולם זושא מאניפולי,acharonim
wikidata:Q94899861,new,Q94899861,נפתלי הירש קצנלנבוגן (מנהיים),acharonim
wikidata:Q67885,new,Q67885,נתן אדלר,acharonim
wikidata:Q827707,new,Q827707,צבי הירש לוין,acharonim
wikidata:Q3050892,new,Q3050892,אליה מורפורגו,acharonim
wikidata:Q122835105,new,Q122835105,אלעזר קאליר,acharonim
wikidata:Q97771780,new,Q97771780,יוסף מפוזנא,acharonim
wikidata:Q133842102,new,Q133842102,שמעון בן אברהם אשכנזי,acharonim
wikidata:Q20502184,new,Q20502184,אלכסנדר סנדר מרגליות,acharonim
wikidata:Q7212832,new,Q7212832,יום-טוב אלגאזי,acharonim
wikidata:Q56421717,new,Q56421717,יקותיאל בירדוגו,acharonim
wikidata:Q16848934,new,Q16848934,משה ישראל (רב ראשי),acharonim
wikidata:Q7007074,new,Q7007074,משולם איגרא,acharonim
wikidata:Q20980020,new,Q20980020,נח חיים צבי ברלין,acharonim
wikidata:Q7222647,new,Q7222647,שלום שכנא מפראהביטש,acharonim
wikidata:Q7293953,new,Q7293953,"רפאל הכהן כ""ץ",acharonim
wikidata:Q12403348,new,Q12403348,"אברהם אחי הגר""א",acharonim
wikidata:Q114064260,new,Q114064260,אברהם צפיג,acharonim
wikidata:Q133893371,new,Q133893371,יהודה הלוי (מרוקו),acharonim
wikidata:Q55651388,new,Q55651388,אליהו הצרפתי,acharonim
wikidata:Q70681944,new,Q70681944,אפרים לניאדו,acharonim
wikidata:Q651852,new,Q651852,ידידיה טיאה וייל,acharonim
wikidata:Q7036231,new,Q7036231,יחיא צאלח,acharonim
wikidata:Q12409591,new,Q12409591,משה יוסף מרדכי מיוחס,acharonim
wikidata:Q477362,new,Q477362,פנחס הורוביץ,acharonim
wikidata:Q1058991,new,Q1058991,חיים יוסף דוד אזולאי,acharonim
wikidata:Q20609248,new,Q20609248,משה מפשוורסק,acharonim
wikidata:Q20502822,new,Q20502822,שמואל קעלין,acharonim
wikidata:Q18422161,new,Q18422161,דניאל מהורדנה,acharonim
wikidata:Q6554936,new,Q6554936,יצחק גראנבום,acharonim
wikidata:Q12408767,new,Q12408767,מאיר פוזנר,acharonim
wikidata:Q3866108,new,Q3866108,משה לייב מסאסוב,acharonim
wikidata:Q4669257,new,Q4669257,"אברהם בן הגר""א",acharonim
wikidata:Q4078739,new,Q4078739,ברוך משקלוב,acharonim
wikidata:Q133891257,new,Q133891257,חנוך הניך שיק,acharonim
wikidata:Q1821872,new,Q1821872,לוי יצחק מברדיצ'ב,acharonim
wikidata:Q6804701,new,Q6804701,מיכל שייאר,acharonim
wikidata:Q6975471,new,Q6975471,שאול ישועה אביטבול,acharonim
wikidata:Q4668954,new,Q4668954,אברהם הכהן מקליסק,acharonim
wikidata:Q108601793,new,Q108601793,דוד בן רפאל מילדולה,acharonim
wikidata:Q7192648,new,Q7192648,דוד מסטפין,acharonim
wikidata:Q30118800,new,Q30118800,יצחק מאיו (רב),acharonim
wikidata:Q16853935,new,Q16853935,יצחק פארדו,acharonim
wikidata:Q467182,new,Q467182,נחמן מברסלב,acharonim
wikidata:Q113288207,new,Q113288207,אברהם אלקלעי,acharonim
wikidata:Q6042936,new,Q6042936,יהודה לייב משפולי,acharonim
wikidata:Q25492618,new,Q25492618,ישמעאל הכהן ממודנה,acharonim
wikidata:Q2907499,new,Q2907499,אריה לייב הלר,acharonim
wikidata:Q358291,new,Q358291,יוסף דוד זינצהיים,acharonim
wikidata:Q547033,new,Q547033,שניאור זלמן מלאדי,acharonim
wikidata:Q118836365,new,Q118836365,אליעזר ליפא וייסבלום,acharonim
wikidata:Q87739,new,Q87739,ברוך ייטלס,acharonim
wikidata:Q2899380,new,Q2899380,דוד שלמה אייבשיץ,acharonim
wikidata:Q742980,new,Q742980,יעקב יצחק מפשיסחה,acharonim
wikidata:Q25496401,new,Q25496401,"ניסים הכהן (אברי""ש)",acharonim
wikidata:Q19317143,new,Q19317143,"סעדיה תלמיד הגר""א",acharonim
wikidata:Q5360762,new,Q5360762,אליעזר היילבוט,acharonim
wikidata:Q126587182,new,Q126587182,אליקים בן אברהם,acharonim
wikidata:Q6726127,new,Q6726127,אריה ליב ברלין,acharonim
wikidata:Q7192424,new,Q7192424,דוד בידרמן,acharonim
wikidata:Q20502496,new,Q20502496,דניאל טירני,acharonim
wikidata:Q29592613,new,Q29592613,חיים אברהם אישטרושה,acharonim
wikidata:Q18560415,new,Q18560415,יעקב גינצבורג,acharonim
wikidata:Q568832,new,Q568832,ישראל הופשטיין מקוז'ניץ,acharonim
wikidata:Q115859071,new,Q115859071,אברהם סתהון,acharonim
wikidata:Q107534235,new,Q107534235,דוד חזקיה גז,acharonim
wikidata:Q1391635,new,Q1391635,יעקב יצחק הורוביץ,acharonim
wikidata:Q2916468,new,Q2916468,מנחם מנדל מרימנוב,acharonim
wikidata:Q25492348,new,Q25492348,מתתיה נסים טירני,acharonim
wikidata:Q22665870,new,Q22665870,צבי יהושע הורביץ,acharonim
wikidata:Q4695002,new,Q4695002,אהרן מז'יטומיר,acharonim
wikidata:Q7062257,new,Q7062257,חיים טירר,acharonim
wikidata:Q12408195,new,Q12408195,יעקב משה עייאש,acharonim
wikidata:Q118925961,new,Q118925961,צבי הירש הורוביץ (פרנקפורט),acharonim
wikidata:Q12259852,new,Q12259852,אלכסנדר סנדר אייכנשטיין,acharonim
wikidata:Q1502958,new,Q1502958,בנימין זאב וולף בוסקוביץ,acharonim
wikidata:Q18549938,new,Q18549938,נתן אדאדי,acharonim
wikidata:Q3358837,new,Q3358837,עוזיאל אלחאייק,acharonim
wikidata:Q18121741,new,Q18121741,עזריאל הורוויץ,acharonim
wikidata:Q18120872,new,Q18120872,אברהם כלפון (רב),acharonim
wikidata:Q6569160,new,Q6569160,אהרן ארולייא,acharonim
wikidata:Q8051291,new,Q8051291,יהודה כהנא הלר,acharonim
wikidata:Q6586056,new,Q6586056,רפאל יוסף חזן,acharonim
wikidata:Q2909560,new,Q2909560,אברהם דנציג,acharonim
wikidata:Q330655,new,Q330655,אברהם טיקטין,acharonim
wikidata:Q25494520,new,Q25494520,אברהם פינסו,acharonim
wikidata:Q4900289,new,Q4900289,בצלאל רנשבורג,acharonim
wikidata:Q27055235,new,Q27055235,יהודה ליב אאך,acharonim
wikidata:Q132798348,new,Q132798348,יוסף פינטו,acharonim
wikidata:Q107534211,new,Q107534211,פתחיה מרדכי בירדוגו,acharonim
wikidata:Q6889935,new,Q6889935,שמואל מקארוב,acharonim
wikidata:Q1059243,new,Q1059243,חיים מוולוז'ין,acharonim
wikidata:Q36362842,new,Q36362842,יצחק אייזיק טויב,acharonim
wikidata:Q18017237,new,Q18017237,פנחס אליהו הורביץ,acharonim
wikidata:Q7293942,new,Q7293942,רפאל בירדוגו,acharonim
wikidata:Q131771069,new,Q131771069,ברוך עוזר,acharonim
wikidata:Q4669102,new,Q4669102,הירץ שייאר,acharonim
wikidata:Q6290336,new,Q6290336,יהושע צייטלין,acharonim
wikidata:Q2903950,new,Q2903950,יוסף ממן,acharonim
wikidata:Q2903933,new,Q2903933,חיים מרדכי מרגליות,acharonim
wikidata:Q6606590,new,Q6606590,יום טוב דאנון,acharonim
wikidata:Q16581457,new,Q16581457,נפתלי הירש קצנלנבוגן (אלזס),acharonim
wikidata:Q65252517,new,Q65252517,פינחס בן יהודה אלטשול,acharonim
wikidata:Q964980,new,Q964980,קלונימוס קלמן אפשטיין,acharonim
wikidata:Q4829498,new,Q4829498,אברהם חיים אופנהיים,acharonim
wikidata:Q21074127,new,Q21074127,יעקב צבי יאליש,acharonim
wikidata:Q16067037,new,Q16067037,משה יהושע העשיל אורנשטיין,acharonim
wikidata:Q125142319,new,Q125142319,שלמה הכהן (צילץ),acharonim
wikidata:Q18511004,new,Q18511004,אברהם אליעזר הלוי,acharonim
wikidata:Q330132,new,Q330132,אברהם יהושע השיל מאפטא,acharonim
wikidata:Q113697353,new,Q113697353,יהודה ליב מינוביץ',acharonim
wikidata:Q7216757,new,Q7216757,מנחם מנדל הגר (קוסוב),acharonim
wikidata:Q7050321,new,Q7050321,מנחם מנדל שטיינהארט,acharonim
wikidata:Q15462365,new,Q15462365,מרדכי כרמי,acharonim
wikidata:Q20607374,new,Q20607374,משה אליקים בריעה הופשטיין,acharonim
wikidata:Q108261902,new,Q108261902,רפאל אשכנזי,acharonim
wikidata:Q7487321,new,Q7487321,שלום אולמן,acharonim
wikidata:Q12404008,new,Q12404008,אלעזר פלקלס,acharonim
wikidata:Q23662254,new,Q23662254,אשר מסטולין (הראשון),acharonim
wikidata:Q1098225,new,Q1098225,ישראל ורמן,acharonim
wikidata:Q55904038,new,Q55904038,מאיר וייל,acharonim
wikidata:Q3930201,new,Q3930201,רפאל ישעיה אזולאי,acharonim
wikidata:Q2662227,new,Q2662227,דובער שניאורי,acharonim
wikidata:Q124379239,new,Q124379239,חיים יצחק הכהן חסיד,acharonim
wikidata:Q12409284,new,Q12409284,מנחם מנדל משקלוב,acharonim
wikidata:Q982201,new,Q982201,נפתלי צבי הורוביץ,acharonim
wikidata:Q6977718,new,Q6977718,רפאל אברהם שלום מזרחי שרעבי,acharonim
wikidata:Q2287038,new,Q2287038,שמחה בונם מפשיסחה,acharonim
wikidata:Q18191306,new,Q18191306,אברהם משה מפשיסחה,acharonim
wikidata:Q6258496,new,Q6258496,אהרן מסטרשלה,acharonim
wikidata:Q5360768,new,Q5360768,אליעזר פאפו,acharonim
wikidata:Q5382355,new,Q5382355,אפרים זלמן מרגליות,acharonim
wikidata:Q2895797,new,Q2895797,ברוך תאומים-פרנקל,acharonim
wikidata:Q96680,new,Q96680,דוד פריזנהויזן,acharonim
wikidata:Q7293995,new,Q7293995,רפאל מילדולה (רב בלונדון),acharonim
wikidata:Q25498747,new,Q25498747,חיים יהודה ישראל,acharonim
wikidata:Q16132742,new,Q16132742,ישראל איסר איסרלין (שער משפט),acharonim
wikidata:Q7215146,new,Q7215146,מאיר הלוי מאפטא,acharonim
wikidata:Q17352294,new,Q17352294,מישל זליגמן,acharonim
wikidata:Q792863,new,Q792863,מרדכי בנט,acharonim
wikidata:Q30526745,new,Q30526745,מרדכי רבינר,acharonim
wikidata:Q2113176,new,Q2113176,יהודה נג'אר,acharonim
wikidata:Q36695548,new,Q36695548,יעקב מאיר (אלזס),acharonim
wikidata:Q3154776,new,Q3154776,יצחק טייב,acharonim
wikidata:Q18715511,new,Q18715511,משה טוביה מזונטהיים,acharonim
wikidata:Q25975763,new,Q25975763,ששון מרדכי שנדוך,acharonim
wikidata:Q55854381,new,Q55854381,אלעזר לנדא,acharonim
wikidata:Q96482695,new,Q96482695,אריה יהודה לייב תאומים,acharonim
wikidata:Q111465852,new,Q111465852,דוד אמאדו,acharonim
wikidata:Q904527,new,Q904527,דוד דייטש,acharonim
wikidata:Q6920823,new,Q6920823,יהודה ליב מיזס,acharonim
wikidata:Q12409308,new,Q12409308,מנשה מאיליה,acharonim
wikidata:Q12409598,new,Q12409598,משה מינץ,acharonim
wikidata:Q2903525,new,Q2903525,צבי הירש מזידיטשוב,acharonim
wikidata:Q2904852,new,Q2904852,יעקב לורברבוים,acharonim
wikidata:Q24997613,new,Q24997613,נח מלעכוויטש,acharonim
wikidata:Q4802673,new,Q4802673,אריה לייב צינץ,acharonim
wikidata:Q7036366,new,Q7036366,הלל פריד,acharonim
wikidata:Q140010060,new,Q140010060,שמעון כץ (אלזס),acharonim
wikidata:Q330534,new,Q330534,אברהם ריס (רב),acharonim
wikidata:Q28819528,new,Q28819528,צבי הירש הלר,acharonim
wikidata:Q27924611,new,Q27924611,שמואל לנדא,acharonim
wikidata:Q6603927,new,Q6603927,אברהם לעווי,acharonim
wikidata:Q19295191,new,Q19295191,יהודה לייב קארלבורג,acharonim
wikidata:Q681548,new,Q681548,יעקב קופל אלטנקונשטט,acharonim
wikidata:Q417979,new,Q417979,עקיבא ישראל ורטהיימר,acharonim
wikidata:Q2820094,new,Q2820094,אהרן ווירמש,acharonim
wikidata:Q12255183,new,Q12255183,יעקב הורוביץ (מעליץ),acharonim
wikidata:Q3128910,new,Q3128910,יצחק חי טייב,acharonim
wikidata:Q19279031,new,Q19279031,אלעזר לעוו,acharonim
wikidata:Q14629039,new,Q14629039,אשר לב,acharonim
wikidata:Q25490622,new,Q25490622,חיים דייטשמן,acharonim
wikidata:Q2898995,new,Q2898995,מרדכי טברסקי,acharonim
wikidata:Q25488574,new,Q25488574,משה צבי מסאווראן,acharonim
wikidata:Q1121943,new,Q1121943,משה קוניץ,acharonim
wikidata:Q20609286,new,Q20609286,נסים זרחיה אזולאי,acharonim
wikidata:Q175402,new,Q175402,עקיבא איגר,acharonim
wikidata:Q5762992,new,Q5762992,הלל ריבלין,acharonim
wikidata:Q111465854,new,Q111465854,יהושע משה מרדכי קריספין,acharonim
wikidata:Q55844343,new,Q55844343,שמואל קוידר,acharonim
wikidata:Q809627,new,Q809627,ברוך גויטיין,acharonim
wikidata:Q125568806,new,Q125568806,גרשון לוי,acharonim
wikidata:Q707498,new,Q707498,החתם סופר,acharonim
wikidata:Q25490778,new,Q25490778,חיים הכהן רפפורט (אוסטרהא),acharonim
wikidata:Q65252024,new,Q65252024,יהודה טולידאנו,acharonim
wikidata:Q60819503,new,Q60819503,יעקב משולם אורנשטיין,acharonim
wikidata:Q17505311,new,Q17505311,ירחמיאל רבינוביץ',acharonim
wikidata:Q13577185,new,Q13577185,ישראל משקלוב,acharonim
wikidata:Q7222748,new,Q7222748,שלמה זלמן ליפשיץ,acharonim
wikidata:Q6040270,new,Q6040270,אברהם דב מאבריטש,acharonim
wikidata:Q2909971,new,Q2909971,אברהם דוד מבוטשאטש,acharonim
wikidata:Q6628727,new,Q6628727,חיים אוירבך,acharonim
wikidata:Q111943489,new,Q111943489,יהודה בנבנישתי,acharonim
wikidata:Q133082538,new,Q133082538,יהושע ישראל יעקב עולייל,acharonim
wikidata:Q55889905,new,Q55889905,רפאל אהרן מונסונייגו,acharonim
wikidata:Q91372,new,Q91372,אברהם בינג,acharonim
wikidata:Q56421713,new,Q56421713,יעקב בירדוגו (שופריה דיעקב),acharonim
wikidata:Q726783,new,Q726783,משה טייטלבוים (ישמח משה),acharonim
wikidata:Q7220699,new,Q7220699,צבי אלימלך שפירא,acharonim
wikidata:Q330631,new,Q330631,אברהם שטרן (ממציא),acharonim
wikidata:Q111654405,new,Q111654405,יצחק רבינו אלבעלי,acharonim
wikidata:Q63870455,new,Q63870455,מנחם מנדל קרגוי,acharonim
wikidata:Q3052675,new,Q3052675,מנחם עמנואל דייץ,acharonim
wikidata:Q4376761,new,Q4376761,נחום טרייביטש,acharonim
wikidata:Q125662,new,Q125662,פרץ זאבל איגר,acharonim
wikidata:Q788887,new,Q788887,צבי הירש באק,acharonim
wikidata:Q2299213,new,Q2299213,שלמה הירשל,acharonim
wikidata:Q55649598,new,Q55649598,שמואל חיים (רב),acharonim
wikidata:Q56426354,new,Q56426354,אהרן פאלוטה,acharonim
wikidata:Q2899348,new,Q2899348,ישכר דב בארון,acharonim
wikidata:Q10998482,new,Q10998482,מרדכי דוד אונגר (דומברובה),acharonim
wikidata:Q301838,excluded (religion),,אהרן חורין,acharonim
wikidata:Q55227861,new,Q55227861,בן ציון רפאל פריצי,acharonim
wikidata:Q20501859,new,Q20501859,בנימין דיסקין,acharonim
wikidata:Q6586757,new,Q6586757,יהודה צבי ברנדויין (הראשון),acharonim
wikidata:Q2777592,new,Q2777592,נתן מברסלב,acharonim
wikidata:Q5067822,new,Q5067822,חיים פינטו (מרוקו),acharonim
wikidata:Q7213017,new,Q7213017,יחזקאל פנט (מראה יחזקאל),acharonim
wikidata:Q123422528,new,Q123422528,יחיאל מיכל ממינסק,acharonim
wikidata:Q118928002,new,Q118928002,יששכר בר פרנק,acharonim
wikidata:Q1929157,excluded (religion),,מיכאל שלמה אלכסנדר,acharonim
wikidata:Q112144400,new,Q112144400,משה חיים מצליח,acharonim
wikidata:Q7048439,new,Q7048439,שמשון בלוך,acharonim
wikidata:Q6581091,new,Q6581091,יעקב ענתיבי,acharonim
wikidata:Q4138675,new,Q4138675,מרדכי אהרן גינצבורג,acharonim
wikidata:Q12409627,new,Q12409627,משה ריבלין,acharonim
wikidata:Q55891199,new,Q55891199,שלמה זלמן טריר,acharonim
wikidata:Q110529917,new,Q110529917,יהודה אלבז,acharonim
wikidata:Q12257035,new,Q12257035,יהודה צבי הירש אייכנשטיין,acharonim
wikidata:Q106220,new,Q106220,יצחק אריה וורמסר,acharonim
wikidata:Q6653339,new,Q6653339,אברהם יונה יבנין,acharonim
wikidata:Q2898173,excluded (description: פרוגרסיבי),,אברהם כהן (רב בלמברג),acharonim
wikidata:Q4669081,new,Q4669081,אברהם משכיל לאיתן,acharonim
wikidata:Q16132514,new,Q16132514,חיים אברהם גאגין,acharonim
wikidata:Q2778204,new,Q2778204,ישראל יצחק קאליש,acharonim
wikidata:Q25493901,new,Q25493901,שאול הכהן,acharonim
wikidata:Q18121715,new,Q18121715,שרגא פייבל דנציגר,acharonim
wikidata:Q6042138,new,Q6042138,אליהו רגולר,acharonim
wikidata:Q104434347,new,Q104434347,זליגמן גודשו,acharonim
wikidata:Q2893952,new,Q2893952,חיים מאיר יחיאל שפירא (מוגלניצא),acharonim
wikidata:Q113355564,new,Q113355564,יהושע אברהם יהודה,acharonim
wikidata:Q20501997,new,Q20501997,יעקב היילברון,acharonim
wikidata:Q6635604,new,Q6635604,יעקב משה מסלונים,acharonim
wikidata:Q72133,new,Q72133,יצחק ברנייס,acharonim
wikidata:Q4205457,new,Q4205457,יצחק מוולוז'ין,acharonim
wikidata:Q2588677,new,Q2588677,אברהם בנימין זאב המבורג,acharonim
wikidata:Q2467677,new,Q2467677,אהרון אלכסנדר,acharonim
wikidata:Q113355578,new,Q113355578,חיים קיצה,acharonim
wikidata:Q6582174,new,Q6582174,ישראל דב בער מווילעדניק,acharonim
wikidata:Q1674604,new,Q1674604,ישראל פרידמן (רוז'ין),acharonim
wikidata:Q7024065,new,Q7024065,מאיר מפרמישלאן,acharonim
wikidata:Q7217487,new,Q7217487,משה בידרמן,acharonim
wikidata:Q16129320,new,Q16129320,אברהם שלמה זלמן צורף,acharonim
wikidata:Q4889411,new,Q4889411,בנימין וולף לעוו,acharonim
wikidata:Q6627208,new,Q6627208,בנימין מרדכי נבון,acharonim
wikidata:Q6573197,new,Q6573197,יעקב בר יוסף הרופא,acharonim
wikidata:Q18038643,new,Q18038643,יצחק מינקובסקי,acharonim
wikidata:Q7222622,new,Q7222622,שלום יוסף פרידמן,acharonim
wikidata:Q18325770,new,Q18325770,שלום רוזנפלד (רב),acharonim
wikidata:Q12403961,new,Q12403961,אליעזר ברגמן,acharonim
wikidata:Q112775898,new,Q112775898,אליקים גץ שוורין,acharonim
wikidata:Q12407814,new,Q12407814,יהודה ביבאס,acharonim
wikidata:Q1706405,new,Q1706405,יוסף פרידלנדר,acharonim
wikidata:Q7051241,new,Q7051241,יצחק אייזיק חבר,acharonim
wikidata:Q988524,new,Q988524,מאיר איזנשטטר,acharonim
wikidata:Q6909608,new,Q6909608,מרדכי שמואל גירונדי,acharonim
wikidata:Q3289684,new,Q3289684,קופל אונריך,acharonim
wikidata:Q1675557,new,Q1675557,שלמה איגר,acharonim
wikidata:Q7024451,new,Q7024451,אליעזר יצחק פריד,acharonim
wikidata:Q12404252,new,Q12404252,אריה לייב שפירא,acharonim
wikidata:Q107534232,new,Q107534232,יוסף גז (הראשון),acharonim
wikidata:Q43295372,new,Q43295372,יצחק פרחי,acharonim
wikidata:Q4669104,new,Q4669104,אברהם נוידא,acharonim
wikidata:Q55915513,new,Q55915513,אליקים גצל המילזאהגי,acharonim
wikidata:Q9188616,new,Q9188616,חיים דוידזון,acharonim
wikidata:Q2901465,new,Q2901465,יצחק קובו,acharonim
wikidata:Q2908610,new,Q2908610,מרדכי יוסף ליינר,acharonim
wikidata:Q4829429,new,Q4829429,אברהם וולפנזון,acharonim
wikidata:Q7053758,new,Q7053758,דוד לוריא,acharonim
wikidata:Q18038629,new,Q18038629,יעקב ברוכין,acharonim
wikidata:Q12254423,new,Q12254423,יצחק מאיר השיל (ז'ינקוב),acharonim
wikidata:Q1673513,new,Q1673513,יצחק שמואל רג'יו,acharonim
wikidata:Q244518,new,Q244518,צבי הירש חיות,acharonim
wikidata:Q380430,new,Q380430,שלום רוקח,acharonim
wikidata:Q18121733,new,Q18121733,משה דוד אשכנזי,acharonim
wikidata:Q130259588,new,Q130259588,עמרם אלבז,acharonim
wikidata:Q20609762,new,Q20609762,שלמה קווטש,acharonim
wikidata:Q6261995,new,Q6261995,יצחק אייזיק אפשטיין,acharonim
wikidata:Q1286319,excluded (description: נאולוגי),,ליב שוואב,acharonim
wikidata:Q118186101,new,Q118186101,נפתלי בנט (רב),acharonim
wikidata:Q7011230,new,Q7011230,אברהם ענתיבי,acharonim
wikidata:Q30527480,new,Q30527480,דוד חיים צבאח,acharonim
wikidata:Q5379345,new,Q5379345,חנוך זונדל בן יוסף,acharonim
wikidata:Q1920228,new,Q1920228,מנחם מנדל מקוצק,acharonim
wikidata:Q133454572,new,Q133454572,עבדאללה חנין,acharonim
wikidata:Q28807060,new,Q28807060,צבי הירש גויטיין,acharonim
wikidata:Q19518655,new,Q19518655,יעקב יוסף אטינגר,acharonim
wikidata:Q25493896,new,Q25493896,ישועה בסיס,acharonim
wikidata:Q2358203,new,Q2358203,ישראל ליפשיץ,acharonim
wikidata:Q110674241,new,Q110674241,נסים אברהם אשכנזי,acharonim
wikidata:Q112144409,new,Q112144409,נסים רפאל יצחק צורייאנו,acharonim
wikidata:Q63482,new,Q63482,שמואל הולדהיים,acharonim
wikidata:Q21030084,new,Q21030084,שמעון זרחי,acharonim
wikidata:Q18121716,new,Q18121716,אלעזר הופשטיין,acharonim
wikidata:Q6579777,new,Q6579777,דוד טביל ממינסק,acharonim
wikidata:Q6733062,new,Q6733062,חיים נסים אבולעפיה,acharonim
wikidata:Q16132796,new,Q16132796,ישראל זאב הלוי הורביץ,acharonim
wikidata:Q18714122,new,Q18714122,משה יצחק אביגדור,acharonim
wikidata:Q215394,excluded (description: רפורמי),,גוטהולד סלומון,acharonim
wikidata:Q12408366,new,Q12408366,ישעיה ברדקי,acharonim
wikidata:Q16132896,new,Q16132896,ישראל משה חזן,acharonim
wikidata:Q121410253,new,Q121410253,שלמה חיים פרלוב (קוידנוב),acharonim
wikidata:Q113300953,new,Q113300953,אברהם ישראל בצלאל רוזנבוים,acharonim
wikidata:Q17486045,new,Q17486045,יהודה מאיר למברט,acharonim
wikidata:Q25492370,new,Q25492370,מרדכי זאב איטינגא,acharonim
wikidata:Q7186365,new,Q7186365,פנחס מנדל היילפרין,acharonim
wikidata:Q15120991,new,Q15120991,שלמה זלמן אולמן (הונגריה),acharonim
wikidata:Q18562233,new,Q18562233,אברהם הכהן יצחקי,acharonim
wikidata:Q118909560,new,Q118909560,אברהם שמחה מאמצ'יסלב,acharonim
wikidata:Q2896205,new,Q2896205,הלל מפאריץ',acharonim
wikidata:Q20502603,new,Q20502603,יוסף פיימר,acharonim
wikidata:Q792855,new,Q792855,ישעיה בנט,acharonim
wikidata:Q62606690,new,Q62606690,ישראל דוד מרגליות יפה שלזינגר,acharonim
wikidata:Q103140,new,Q103140,מיכאל זקש,acharonim
wikidata:Q18121737,new,Q18121737,עבדאללה בן משה חיים,acharonim
wikidata:Q30526762,new,Q30526762,שמואל אבא שפירא,acharonim
wikidata:Q126934565,new,Q126934565,שמואל יהודה ארוואץ,acharonim
wikidata:Q113808384,new,Q113808384,אליהו יוסף ריבלין,acharonim
wikidata:Q29048859,new,Q29048859,דוד זכות,acharonim
wikidata:Q25490645,new,Q25490645,חיים וסרצוג,acharonim
wikidata:Q7062531,new,Q7062531,יהוסף שוורץ,acharonim
wikidata:Q8075274,new,Q8075274,יוסף זונדל מסלנט,acharonim
wikidata:Q893270,new,Q893270,יעקב צבי מקלנבורג,acharonim
wikidata:Q94521,new,Q94521,יצחק מנהיימר,acharonim
wikidata:Q6904129,new,Q6904129,משה יהודה לייב זילברברג,acharonim
wikidata:Q7217831,new,Q7217831,נחום לעווי,acharonim
wikidata:Q11790045,new,Q11790045,נתן דוד רבינוביץ' (שידלובצה),acharonim
wikidata:Q86004228,new,Q86004228,יהודה אידל שרשבסקי,acharonim
wikidata:Q6598516,new,Q6598516,יהודה אסאד,acharonim
wikidata:Q788090,new,Q788090,יוסף באך,acharonim
wikidata:Q1810688,new,Q1810688,יצחק מאיר אלתר,acharonim
wikidata:Q1337389,new,Q1337389,מנחם מנדל שניאורסון (צמח צדק),acharonim
wikidata:Q12234803,new,Q12234803,משה טברסקי,acharonim
wikidata:Q2919522,new,Q2919522,שלמה רבינוביץ,acharonim
wikidata:Q42338406,new,Q42338406,ידידיה מונסונייגו,acharonim
wikidata:Q4465355,new,Q4465355,יהודה ליב שניאורסון,acharonim
wikidata:Q119520452,new,Q119520452,יהושע השל אשכנזי,acharonim
wikidata:Q108316266,new,Q108316266,יחיא הכהן,acharonim
wikidata:Q1289027,new,Q1289027,ישראל קליי,acharonim
wikidata:Q56508701,excluded (religion),,מוריץ גולדמן,acharonim
wikidata:Q7558693,new,Q7558693,שלמה זאב קליין,acharonim
wikidata:Q1681199,new,Q1681199,שלמה יהודה רפפורט,acharonim
wikidata:Q4668912,new,Q4668912,אברהם צבי הירש אייזנשטט,acharonim
wikidata:Q1809435,new,Q1809435,אלעזר הורוויץ,acharonim
wikidata:Q2903944,new,Q2903944,חיים פלאג'י,acharonim
wikidata:Q111094995,new,Q111094995,יעקב משה רוזנברג,acharonim
wikidata:Q15236222,new,Q15236222,מוריס יעקב רפאל,acharonim
wikidata:Q7063945,new,Q7063945,מנדל רוזנבאום,acharonim
wikidata:Q2899033,new,Q2899033,מרדכי מנחם מנדל קאליש,acharonim
wikidata:Q111654402,new,Q111654402,שלמה יפה אשכנזי,acharonim
wikidata:Q41693048,new,Q41693048,שמעון ליכטנשטאדט,acharonim
wikidata:Q19282448,new,Q19282448,אלחנן רוזנשטיין,acharonim
wikidata:Q2643112,new,Q2643112,אלכסנדר זוסמן אדלר,acharonim
wikidata:Q7035825,new,Q7035825,חיים מרדכי לבטון,acharonim
wikidata:Q6821955,new,Q6821955,ידידיה רפאל אבולעפיה,acharonim
wikidata:Q110967039,new,Q110967039,יחיאל מיכל זבלודובסקי,acharonim
wikidata:Q6735551,new,Q6735551,מאיר ציפסר,acharonim
wikidata:Q2907784,new,Q2907784,שלמה קלוגר,acharonim
wikidata:Q2917988,new,Q2917988,דב בר מייזלש,acharonim
wikidata:Q2919488,new,Q2919488,חנוך הניך הכהן לוין,acharonim
wikidata:Q6999811,new,Q6999811,יצחק בן וואליד,acharonim
wikidata:Q7216516,new,Q7216516,מנדל פינלס,acharonim
wikidata:Q6806330,new,Q6806330,משה זקס,acharonim
wikidata:Q18228356,new,Q18228356,נתן עמרם,acharonim
wikidata:Q96406350,new,Q96406350,שאול נחמיאש,acharonim
wikidata:Q791779,new,Q791779,אברהם שמואל בנימין סופר,acharonim
wikidata:Q2899265,new,Q2899265,אהרן טברסקי,acharonim
wikidata:Q88948,new,Q88948,יעקב אטלינגר,acharonim
wikidata:Q4893250,new,Q4893250,יששכר בר אילווי,acharonim
wikidata:Q111983299,new,Q111983299,רפאל קצין,acharonim
wikidata:Q107959338,new,Q107959338,שלמה יחזקאל יהודה,acharonim
wikidata:Q2857938,new,Q2857938,אהרן מקרלין (השני),acharonim
wikidata:Q56632084,excluded (religion),,ליאופולד רוקונשטיין,acharonim
wikidata:Q4888820,new,Q4888820,צבי בנימין אוירבך,acharonim
wikidata:Q95007660,new,Q95007660,שלמה ניסן,acharonim
wikidata:Q527375,new,Q527375,שמואל שטראשון,acharonim
wikidata:Q31798316,new,Q31798316,אשר אנשל יונגרייז (מנוחת אשר),acharonim
wikidata:Q18810782,new,Q18810782,חיים בנימין פונטרימולי,acharonim
wikidata:Q29033740,new,Q29033740,חיים שמואל הכהן קונורטי,acharonim
wikidata:Q12407861,new,Q12407861,יהושע אייזיק שפירא,acharonim
wikidata:Q7213152,new,Q7213152,יצחק אייזיק אייכנשטיין,acharonim
wikidata:Q111983606,new,Q111983606,יצחק שרים,acharonim
wikidata:Q4662589,new,Q4662589,מנחם מנדל מקאמיניץ,acharonim
wikidata:Q90377804,new,Q90377804,שמואל משינאווא,acharonim
wikidata:Q60844,excluded (description: הרפורמית),,אברהם גייגר,acharonim
wikidata:Q7037366,new,Q7037366,אברהם חיים אדאדי,acharonim
wikidata:Q1329445,new,Q1329445,אליהו גוטמכר,acharonim
wikidata:Q25496854,new,Q25496854,דוד שפירא (דינוב),acharonim
wikidata:Q12257644,new,Q12257644,חיים בצלאל פנט,acharonim
wikidata:Q29413963,new,Q29413963,יוסף אלטמן,acharonim
wikidata:Q2903622,new,Q2903622,"יוסף באב""ד",acharonim
wikidata:Q1001741,new,Q1001741,יחזקאל משה פישמן,acharonim
wikidata:Q111654401,new,Q111654401,יעקב אמאדו,acharonim
wikidata:Q7213071,new,Q7213071,יעקב אריה גוטרמן,acharonim
wikidata:Q6882579,new,Q6882579,יצחק אייזיק ספרין,acharonim
wikidata:Q8047115,new,Q8047115,יקיר גירון,acharonim
wikidata:Q589495,new,Q589495,צבי הירש פרידמן,acharonim
wikidata:Q244522,new,Q244522,צבי הירש קלישר,acharonim
wikidata:Q12403389,new,Q12403389,אברהם לנדא,acharonim
wikidata:Q324170,new,Q324170,אדא הורן,acharonim
wikidata:Q303765,new,Q303765,אליקים כרמולי,acharonim
wikidata:Q64883,excluded (religion),,זכריה פרנקל,acharonim
wikidata:Q1099081,new,Q1099081,יוסף שאול נתנזון,acharonim
wikidata:Q41028755,new,Q41028755,ישראל שוורץ,acharonim
wikidata:Q304031,excluded (religion),,לאופולד לעף,acharonim
wikidata:Q26721419,new,Q26721419,ראובן ברוך,acharonim
wikidata:Q124738622,new,Q124738622,שמואל מועד,acharonim
wikidata:Q43369883,new,Q43369883,אברהם דיין,acharonim
wikidata:Q23902835,new,Q23902835,אברהם שאג-צוובנר,acharonim
wikidata:Q13811467,new,Q13811467,דוב בעריש מביאלה,acharonim
wikidata:Q23639322,new,Q23639322,דוד אופנהיים (רב וחוקר),acharonim
wikidata:Q18205045,new,Q18205045,דוד מועטי,acharonim
wikidata:Q744298,new,Q744298,חיים הלברשטאם,acharonim
wikidata:Q5371030,new,Q5371030,יוסף יצחק שניאורסון (אוורוטש),acharonim
wikidata:Q6261909,new,Q6261909,יעקב ישראל טברסקי,acharonim
wikidata:Q4700876,new,Q4700876,עקיבא להרן,acharonim
wikidata:Q6588234,new,Q6588234,שלמה זרקא,acharonim
wikidata:Q23062745,new,Q23062745,ברוך יצחק ליפשיץ,acharonim
wikidata:Q36303539,new,Q36303539,יעקב שמחה רפיש,acharonim
wikidata:Q25491611,new,Q25491611,מיכל צבי היילפרין,acharonim
wikidata:Q6587136,new,Q6587136,שמעון דייטש,acharonim
wikidata:Q12404683,new,Q12404683,בצלאל הכהן,acharonim
wikidata:Q904358,new,Q904358,גבריאל דסאואר,acharonim
wikidata:Q651247,new,Q651247,יהודה אלקלעי,acharonim
wikidata:Q6291155,new,Q6291155,יהושע השיל קוטנר,acharonim
wikidata:Q8046293,new,Q8046293,יעקב גזונדהייט,acharonim
wikidata:Q11715126,new,Q11715126,יעקב דוד קאליש,acharonim
wikidata:Q112941992,new,Q112941992,יעקב ליינר,acharonim
wikidata:Q96516,new,Q96516,יצחק דב במברגר,acharonim
wikidata:Q1918196,new,Q1918196,מאיר אוירבך,acharonim
wikidata:Q94795570,new,Q94795570,שלמה זלמן גייגר,acharonim
wikidata:Q13137739,new,Q13137739,שמואל מאיר אייזקס,acharonim
wikidata:Q30526673,new,Q30526673,אברהם אבוקארא,acharonim
wikidata:Q1003936,new,Q1003936,אברהם פרידמן,acharonim
wikidata:Q21154887,new,Q21154887,אהרן עזריאל,acharonim
wikidata:Q214133,new,Q214133,דוד איינהורן (רב),acharonim
wikidata:Q16823004,new,Q16823004,דוד בן שמעון,acharonim
wikidata:Q6204628,new,Q6204628,חיים יוסף פולק,acharonim
wikidata:Q5371060,new,Q5371060,חיים שניאור זלמן שניאורסון,acharonim
wikidata:Q20607463,new,Q20607463,יהודה הורוביץ (מעליץ),acharonim
wikidata:Q12407837,new,Q12407837,יהודה מרגוזה,acharonim
wikidata:Q20502000,new,Q20502000,יום טוב ליפמן הלפרין (ביאליסטוק),acharonim
wikidata:Q20607195,new,Q20607195,יוסף אלטר הגר,acharonim
wikidata:Q1391091,new,Q1391091,"מלבי""ם",acharonim
wikidata:Q12409287,new,Q12409287,מנחם נחום קפלן,acharonim
wikidata:Q2903959,new,Q2903959,משה שיק,acharonim
wikidata:Q4668755,new,Q4668755,אברהם אשכנזי,acharonim
wikidata:Q113296118,new,Q113296118,אברהם חג'אג',acharonim
wikidata:Q19776525,new,Q19776525,אליקים גצל שלזינגר,acharonim
wikidata:Q30128402,new,Q30128402,יהושע הלר,acharonim
wikidata:Q1380436,new,Q1380436,יוסף אוב,acharonim
wikidata:Q2919022,new,Q2919022,יעקב אבוחצירא,acharonim
wikidata:Q25635676,new,Q25635676,יעקב שמשון הגר,acharonim
wikidata:Q16130948,new,Q16130948,פרג'אללה דאבוש,acharonim
wikidata:Q136532047,new,Q136532047,שלמה דייטש,acharonim
wikidata:Q5362064,new,Q5362064,אליהו צבי סולובייצ'יק,acharonim
wikidata:Q112144391,new,Q112144391,דניאל הכהן נהר,acharonim
wikidata:Q56421715,new,Q56421715,חיים יהושע אלעזר הכהן חמצי,acharonim
wikidata:Q6832686,new,Q6832686,יחיא קורח,acharonim
wikidata:Q124365729,new,Q124365729,ישראל הכהן רפפורט,acharonim
wikidata:Q112144415,new,Q112144415,רחמים נסים יהודה די שיגורה,acharonim
wikidata:Q106363780,new,Q106363780,שלמה הכהן צבאן (ארבי לקביר),acharonim
wikidata:Q850459,new,Q850459,אברהם ברודי,acharonim
wikidata:Q113507996,new,Q113507996,אברהם ברוך מני,acharonim
wikidata:Q12403966,new,Q12403966,אליעזר ליפמן זילברמן,acharonim
wikidata:Q11696524,new,Q11696524,אלעזר מנדל בידרמן,acharonim
wikidata:Q832567,new,Q832567,אפרים ישראל בליכר,acharonim
wikidata:Q7192509,new,Q7192509,דוד טברסקי (טולנה),acharonim
wikidata:Q1437881,excluded (description: רפורמי),,לאופולד שטיין,acharonim
wikidata:Q75286,new,Q75286,מקס ליליינטל,acharonim
wikidata:Q937451,new,Q937451,שמואל שניאורסון,acharonim
wikidata:Q16128983,new,Q16128983,אבנר ישראל הצרפתי,acharonim
wikidata:Q6040409,new,Q6040409,אברהם וינברג (הראשון),acharonim
wikidata:Q4668949,new,Q4668949,אברהם יהודה שוורץ,acharonim
wikidata:Q3569642,new,Q3569642,אברהם יעקב פרידמן (הראשון),acharonim
wikidata:Q3572084,new,Q3572084,יהושע השיל לוין,acharonim
wikidata:Q904359,new,Q904359,יוליוס דסאואר,acharonim
wikidata:Q16063042,new,Q16063042,יעקב בריט,acharonim
wikidata:Q4704725,new,Q4704725,יקותיאל יהודה טייטלבוים (ייטב לב),acharonim
wikidata:Q1674629,new,Q1674629,ישראל מסלנט,acharonim
wikidata:Q5371054,new,Q5371054,ישראל נח שניאורסון,acharonim
wikidata:Q21035146,new,Q21035146,משה נחמיה כהניו,acharonim
wikidata:Q4492722,new,Q4492722,נתן פרידלנד,acharonim
wikidata:Q1620338,new,Q1620338,צבי הירש פאסל,acharonim
wikidata:Q28657483,new,Q28657483,שלמה פלסנר (רב),acharonim
wikidata:Q988419,new,Q988419,שמואל ארנפלד,acharonim
wikidata:Q2895822,new,Q2895822,שמעון סופר (מכתב סופר),acharonim
wikidata:Q6584096,new,Q6584096,אברהם פלאצק,acharonim
wikidata:Q133415457,new,Q133415457,דוד טבלי אפרתי,acharonim
wikidata:Q90547,new,Q90547,ישראל מאיר פריימן,acharonim
wikidata:Q12237617,new,Q12237617,מנחם מנדל פנט,acharonim
wikidata:Q7001835,new,Q7001835,שלום מנצורה (רב),acharonim
wikidata:Q12411809,new,Q12411809,שמואל הלר,acharonim
wikidata:Q118925118,new,Q118925118,אברהם הכהן מסלוניקי,acharonim
wikidata:Q111654398,new,Q111654398,אברהם קורקידי,acharonim
wikidata:Q136662718,new,Q136662718,אליהו לביא (רב),acharonim
wikidata:Q70682006,new,Q70682006,ברוך מרדכי ליבשיץ,acharonim
wikidata:Q6743773,new,Q6743773,יוסף רייזין,acharonim
wikidata:Q467529,new,Q467529,יעקב ספיר,acharonim
wikidata:Q48863895,new,Q48863895,יעקב שטיינהרדט (רב),acharonim
wikidata:Q12252439,new,Q12252439,ישעיה נפתלי הירץ שפירא,acharonim
wikidata:Q2907489,new,Q2907489,מתתיהו שטראשון,acharonim
wikidata:Q111983595,new,Q111983595,אברהם חמוי,acharonim
wikidata:Q4802684,new,Q4802684,אריה ליב ילין,acharonim
wikidata:Q2588731,new,Q2588731,בנימין זאב לנדא,acharonim
wikidata:Q1170103,new,Q1170103,גדליה טיקטין (השני),acharonim
wikidata:Q19688010,new,Q19688010,חיים אברהם שפירא,acharonim
wikidata:Q5067830,new,Q5067830,חיים סופר,acharonim
wikidata:Q127695049,new,Q127695049,יואל מוסקוביץ',acharonim
wikidata:Q76998,new,Q76998,יום-טוב ליפמן צונץ,acharonim
wikidata:Q42008143,new,Q42008143,יצחק אקריש,acharonim
wikidata:Q2900120,new,Q2900120,מרדכי אבי סרור,acharonim
wikidata:Q905319,new,Q905319,שלמה גאנצפריד,acharonim
wikidata:Q7499614,new,Q7499614,שלמה זלמן אבל,acharonim
wikidata:Q6574630,new,Q6574630,אברהם בנימין זילברברג (קוטנא),acharonim
wikidata:Q25490365,new,Q25490365,אברהם יוסף אש,acharonim
wikidata:Q16131187,new,Q16131187,יחיא בדיחי,acharonim
wikidata:Q6634413,new,Q6634413,צבי יהודה רבינוביץ' תאומים,acharonim
wikidata:Q17819231,new,Q17819231,אברהם יחזקאל רייך,acharonim
wikidata:Q16338383,new,Q16338383,אברהם שינקר,acharonim
wikidata:Q18957602,new,Q18957602,אשר שטרן,acharonim
wikidata:Q4530047,new,Q4530047,הבתולה מלודמיר,acharonim
wikidata:Q920101,new,Q920101,יהודה לייב איגר,acharonim
wikidata:Q7040230,new,Q7040230,יחיאל מאיר מגוסטינין,acharonim
wikidata:Q3220007,new,Q3220007,לזר איזידור,acharonim
wikidata:Q22137234,new,Q22137234,צבי הירש אורנשטיין,acharonim
wikidata:Q76985,new,Q76985,"רש""ר הירש",acharonim
wikidata:Q12231276,new,Q12231276,שמואל טייטלבוים,acharonim
wikidata:Q16062633,new,Q16062633,אברהם הוכמוט,acharonim
wikidata:Q12261359,new,Q12261359,אברהם טברסקי (טוריסק),acharonim
wikidata:Q108268141,new,Q108268141,אברהם קארה,acharonim
wikidata:Q101426116,new,Q101426116,ברנהרד לוונשטיין,acharonim
wikidata:Q2899009,new,Q2899009,חיים אלעזר וקס,acharonim
wikidata:Q28016521,new,Q28016521,יחזקאל סירקין,acharonim
wikidata:Q1678939,new,Q1678939,יעקב בריל,acharonim
wikidata:Q110166263,new,Q110166263,יעקב ישראל,acharonim
wikidata:Q88899,new,Q88899,לודוויג פיליפסון,acharonim
wikidata:Q16521719,new,Q16521719,מיהאי מרצאלי,acharonim
wikidata:Q1409562,new,Q1409562,מרדכי אליאשברג,acharonim
wikidata:Q12410121,new,Q12410121,סעדיה מדמוני,acharonim
wikidata:Q4664672,new,Q4664672,עבדאללה סומך,acharonim
wikidata:Q215173,new,Q215173,שלמה פורמשטכר,acharonim
wikidata:Q97334,new,Q97334,שמואל הירש,acharonim
wikidata:Q7017223,new,Q7017223,שמואל עמאר,acharonim
wikidata:Q18220754,new,Q18220754,אברהם אנקווה,acharonim
wikidata:Q2874495,new,Q2874495,אברהם דוד לבוט,acharonim
wikidata:Q18192688,new,Q18192688,אלעזר משה הורוויץ,acharonim
wikidata:Q12275896,new,Q12275896,גבריאל אלמושנינו,acharonim
wikidata:Q2908995,new,Q2908995,גרשון חנוך הניך ליינר,acharonim
wikidata:Q5687501,new,Q5687501,חיים יונה גורלנד,acharonim
wikidata:Q1111006,new,Q1111006,יוליוס לנדסברגר,acharonim
wikidata:Q88952,new,Q88952,מאיר להמן,acharonim
wikidata:Q72145,new,Q72145,מנואל יואל,acharonim
wikidata:Q7013172,new,Q7013172,נחמן נתן קורונל,acharonim
wikidata:Q78287,new,Q78287,נתן מרקוס אדלר,acharonim
wikidata:Q12410629,new,Q12410629,פנחס מיכאל גרויסלייט,acharonim
wikidata:Q2299249,new,Q2299249,שלמה שילר-סינשי,acharonim
wikidata:Q112157459,new,Q112157459,אברהם פונטרימולי,acharonim
wikidata:Q1003920,new,Q1003920,אהרן פריד,acharonim
wikidata:Q5762980,new,Q5762980,הלל ליכטנשטיין,acharonim
wikidata:Q19841959,new,Q19841959,זאב וולף לנדא,acharonim
wikidata:Q4363802,new,Q4363802,חיים אופנהיים,acharonim
wikidata:Q18121754,new,Q18121754,יהודה לייב קמינר,acharonim
wikidata:Q15707528,new,Q15707528,יהושע אהרן צבי ויינברגר,acharonim
wikidata:Q97323080,new,Q97323080,יום טוב ישראל (שיריזלי),acharonim
wikidata:Q18121725,new,Q18121725,יעקב רקח,acharonim
wikidata:Q12409277,new,Q12409277,מנחם כץ,acharonim
wikidata:Q12409492,new,Q12409492,מרדכי גימפל יפה,acharonim
wikidata:Q6987805,excluded (description: רפורמי),,נחמיה בריל,acharonim
wikidata:Q63762,new,Q63762,צבי גרץ,acharonim
wikidata:Q95297,excluded (description: רפורמי),,שמואל אדלר,acharonim
wikidata:Q2899498,new,Q2899498,אברהם יששכר בער רבינוביץ,acharonim
wikidata:Q2897130,new,Q2897130,איזידור לב,acharonim
wikidata:Q2895761,new,Q2895761,אלימלך שפירא (גרודז'יסק),acharonim
wikidata:Q12403958,new,Q12403958,אליעזר אליהו איגל,acharonim
wikidata:Q987518,new,Q987518,ברוך אקפלד,acharonim
wikidata:Q50424301,new,Q50424301,דוד שלוש (מרקש),acharonim
wikidata:Q5639306,new,Q5639306,חיים נתן דמביצר,acharonim
wikidata:Q18192686,new,Q18192686,יום טוב ליפמן בסליאנסקי,acharonim
wikidata:Q1973117,new,Q1973117,יוסף דוב הלוי סולובייצ'יק (בית הלוי),acharonim
wikidata:Q1215815,new,Q1215815,יוסף נטונק,acharonim
wikidata:Q1380932,new,Q1380932,יעקב לוי (בלשן),acharonim
wikidata:Q16133393,new,Q16133393,מרדכי אליעזר ובר,acharonim
wikidata:Q12410430,new,Q12410430,עקיבא קורניצר,acharonim
wikidata:Q7427308,new,Q7427308,שאול יצחק קמפף,acharonim
wikidata:Q16130113,new,Q16130113,שלמה בכור חוצין,acharonim
wikidata:Q30526942,new,Q30526942,שרגא פייבל סרנא,acharonim
wikidata:Q78889,new,Q78889,אהרן ילינק,acharonim
wikidata:Q132528542,new,Q132528542,בנימין זאב וולף ברייער,acharonim
wikidata:Q20609087,new,Q20609087,יהודה מודרן,acharonim
wikidata:Q65251450,new,Q65251450,יואל משה לנדא מיאברוב,acharonim
wikidata:Q123196333,new,Q123196333,יעקב ריינוביץ,acharonim
wikidata:Q7011844,new,Q7011844,ישראל יהושע מקוטנא,acharonim
wikidata:Q29137400,new,Q29137400,ישראל מיכל רבינוביץ,acharonim
wikidata:Q1861531,new,Q1861531,נפתלי צבי יהודה ברלין,acharonim
wikidata:Q7294000,new,Q7294000,רפאל מאיר פאניז'ל,acharonim
wikidata:Q6623164,new,Q6623164,שלמה שפירא (מונקאטש),acharonim
wikidata:Q134601026,new,Q134601026,אורי דוד אפריון,acharonim
wikidata:Q136868644,new,Q136868644,אליהו יהושע עובדיה,acharonim
wikidata:Q12632285,new,Q12632285,הילה וכסלר,acharonim
wikidata:Q25490109,new,Q25490109,חזקיה פייבל פלויט,acharonim
wikidata:Q382040,new,Q382040,חנוך יהודה קוהוט,acharonim
wikidata:Q2906617,new,Q2906617,יהושע רוקח,acharonim
wikidata:Q96699,new,Q96699,יוסף פרלס,acharonim
wikidata:Q30527446,new,Q30527446,יוסף רפאל עוזיאל,acharonim
wikidata:Q15621425,new,Q15621425,יחיאל דנציגר,acharonim
wikidata:Q29883916,new,Q29883916,ישראל איסר שפירא (מזריטש),acharonim
wikidata:Q788892,new,Q788892,ישראל באק,acharonim
wikidata:Q2895469,new,Q2895469,מרדכי לייפר,acharonim
wikidata:Q6757634,new,Q6757634,מרדכי מורטרה,acharonim
wikidata:Q7217186,new,Q7217186,מרדכי שרגא פרידמן,acharonim
wikidata:Q6572030,new,Q6572030,משה עידאן,acharonim
wikidata:Q12409731,new,Q12409731,מתתיהו שמחה רבנר,acharonim
wikidata:Q6957180,new,Q6957180,נחמן גולדשטיין,acharonim
wikidata:Q113133908,new,Q113133908,עקיבא פישר,acharonim
wikidata:Q504218,new,Q504218,שאנדור אדלר (רב),acharonim
wikidata:Q7558689,new,Q7558689,שלמה קמחי,acharonim
wikidata:Q1001694,new,Q1001694,ידידיה גוטליב פישר,acharonim
wikidata:Q1259417,new,Q1259417,יואל מילר,acharonim
wikidata:Q12256932,new,Q12256932,יוחנן טברסקי (רחמסטריווקה),acharonim
wikidata:Q19896519,new,Q19896519,מוריץ גרינוולד,acharonim
wikidata:Q904363,new,Q904363,מוריץ דסאואר,acharonim
wikidata:Q61127036,new,Q61127036,נחום דובער שניאורסון,acharonim
wikidata:Q23902882,new,Q23902882,שלמה רנשבורג,acharonim
wikidata:Q118916716,new,Q118916716,חיים אריה ליב פנסטר,acharonim
wikidata:Q1001677,new,Q1001677,חנוך פישר,acharonim
wikidata:Q6535673,new,Q6535673,יוסף פלאג'י,acharonim
wikidata:Q6119530,new,Q6119530,יעקב בכרך,acharonim
wikidata:Q932654,new,Q932654,יצחק אלחנן ספקטור,acharonim
wikidata:Q10859561,new,Q10859561,יצחק פרידמן (בוהוש),acharonim
wikidata:Q2912065,new,Q2912065,ירוחם יהודה ליב פרלמן,acharonim
wikidata:Q137106468,new,Q137106468,ישראל יפה (חזן),acharonim
wikidata:Q16131527,new,Q16131527,נפתלי שוורץ,acharonim
wikidata:Q16129316,new,Q16129316,רפאל משה אלבז,acharonim
wikidata:Q129188745,new,Q129188745,בנימין זאב פרקש מנדלבאום,acharonim
wikidata:Q96747592,new,Q96747592,דוד ועקנין,acharonim
wikidata:Q12407235,new,Q12407235,"זכריה מנדל כ""ץ",acharonim
wikidata:Q29045050,new,Q29045050,יוסף ווייסע,acharonim
wikidata:Q12408411,new,Q12408411,ישראל קושטא,acharonim
wikidata:Q3460489,new,Q3460489,שבתאי מוראיס,acharonim
wikidata:Q741893,new,Q741893,שמואל לייב בריל,acharonim
wikidata:Q18098681,new,Q18098681,שמחה במברגר (אשפנבורג),acharonim
wikidata:Q113133897,new,Q113133897,שרגא צבי טננבוים,acharonim
wikidata:Q12403339,new,Q12403339,אבנר כתבן,acharonim
wikidata:Q6961011,new,Q6961011,אברהם פלאג'י,acharonim
wikidata:Q27990435,new,Q27990435,אורי שרגא פייבל שרייאר,acharonim
wikidata:Q30527740,new,Q30527740,אליעזר פאפו (ירושלים),acharonim
wikidata:Q55154123,new,Q55154123,אליעזר צבי ספרין,acharonim
wikidata:Q123477607,new,Q123477607,דוד זגורי,acharonim
wikidata:Q6823587,new,Q6823587,חיים אריה לייב מישקובסקי,acharonim
wikidata:Q55439829,new,Q55439829,יהונתן אליאשברג,acharonim
wikidata:Q18198836,new,Q18198836,יוסף יפה,acharonim
wikidata:Q2903533,new,Q2903533,יחזקאל שרגא הלברשטאם,acharonim
wikidata:Q2778216,new,Q2778216,משה יהושע יהודה לייב דיסקין,acharonim
wikidata:Q19403433,new,Q19403433,פנחס זליגמן פרום,acharonim
wikidata:Q931272,new,Q931272,צבי הרמן שפירא,acharonim
wikidata:Q111291305,new,Q111291305,רפאל יוסף חרוש,acharonim
wikidata:Q16342154,new,Q16342154,שלמה זלמן פרוש,acharonim
wikidata:Q21570430,new,Q21570430,שמואל זיברטנסקי,acharonim
wikidata:Q48771,new,Q48771,שמואל מוהליבר,acharonim
wikidata:Q5501221,new,Q5501221,שמחה זיסל זיו,acharonim
wikidata:Q139545971,new,Q139545971,אורי זאב סלט,acharonim
wikidata:Q6994526,new,Q6994526,אליהו מני (רב),acharonim
wikidata:Q5687488,new,Q5687488,חיים חבשוש,acharonim
wikidata:Q25841443,new,Q25841443,חיים ליב טיקטינסקי,acharonim
wikidata:Q30252275,new,Q30252275,יהודה נחמה,acharonim
wikidata:Q30527614,new,Q30527614,יעקב חי עבו,acharonim
wikidata:Q1949182,new,Q1949182,משה אריה במברגר,acharonim
wikidata:Q384859,new,Q384859,עזריאל הילדסהיימר,acharonim
wikidata:Q12261585,new,Q12261585,אביגדור הלברשטאם,acharonim
wikidata:Q4669264,new,Q4669264,אברהם בן לוי קונקי,acharonim
wikidata:Q16132234,new,Q16132234,אלישע בן שמואל,acharonim
wikidata:Q60594603,new,Q60594603,אלכסנדר סנדר קפלן,acharonim
wikidata:Q6531267,new,Q6531267,ברוך מקוסוב,acharonim
wikidata:Q6664320,new,Q6664320,דב בעריש הרציגר,acharonim
wikidata:Q6214119,new,Q6214119,יואל אבן שועיב,acharonim
wikidata:Q25490301,new,Q25490301,יוסף סאמיגה,acharonim
wikidata:Q65925056,new,Q65925056,יוסף פורמון,acharonim
wikidata:Q137827651,new,Q137827651,יעקב מצויזמיר,acharonim
wikidata:Q16132270,new,Q16132270,יצחק מאיר תאומים-פרנקל,acharonim
wikidata:Q3282162,new,Q3282162,מלכיאל אשכנזי,acharonim
wikidata:Q109570931,new,Q109570931,משה אדרעי (השני),acharonim
wikidata:Q6379474,new,Q6379474,משה פיניירו,acharonim
wikidata:Q6958227,new,Q6958227,נפתלי הרץ בכרך,acharonim
wikidata:Q16128909,new,Q16128909,עמרם רוזנבוים,acharonim
wikidata:Q7029790,new,Q7029790,צבי הירש ברוידא,acharonim
wikidata:Q18121747,new,Q18121747,צבי כץ,acharonim
wikidata:Q12411753,new,Q12411753,"שלמה הכהן (מהרש""ך)",acharonim
wikidata:Q16130388,new,Q16130388,שמואל די אבילה,acharonim
wikidata:Q552210,new,Q552210,אהרון בן יצחק רכניץ,acharonei_zmanenu
wikidata:Q783344,new,Q783344,אליהו בן-אמוזג,acharonei_zmanenu
wikidata:Q25490440,new,Q25490440,דובער זאב וולף ליבשיץ,acharonei_zmanenu
wikidata:Q25497477,new,Q25497477,יצחק אבן דנאן,acharonei_zmanenu
wikidata:Q1673434,excluded (description: רפורמי),,יצחק מאיר וייז,acharonei_zmanenu
wikidata:Q1003926,new,Q1003926,מאיר צבי פרידלנדר,acharonei_zmanenu
wikidata:Q4295159,new,Q4295159,סולומון מינור,acharonei_zmanenu
wikidata:Q8064174,new,Q8064174,צדוק הכהן מלובלין,acharonei_zmanenu
wikidata:Q105078483,new,Q105078483,רפאל גולדברג,acharonei_zmanenu
wikidata:Q2895410,new,Q2895410,שלמה זלמן חיים הלברשטאם,acharonei_zmanenu
wikidata:Q2909605,new,Q2909605,שלמה זלמן שניאורסון,acharonei_zmanenu
wikidata:Q28109809,new,Q28109809,שמעון הורוביץ,acharonei_zmanenu
wikidata:Q23019322,new,Q23019322,אביעזרי זליג אוירבך,acharonei_zmanenu
wikidata:Q6808048,new,Q6808048,חיים רחמים יוסף פרנקו,acharonei_zmanenu
wikidata:Q6811621,new,Q6811621,יוסף כנאפו,acharonei_zmanenu
wikidata:Q6699284,new,Q6699284,לודוויג לוויזון,acharonei_zmanenu
wikidata:Q18121757,new,Q18121757,מאיר מיכל רבינוביץ,acharonei_zmanenu
wikidata:Q5360786,new,Q5360786,אליעזר זוסמן סופר,acharonei_zmanenu
wikidata:Q6118817,new,Q6118817,יעקב יוסף (חריף),acharonei_zmanenu
wikidata:Q72150,new,Q72150,יצחק רילף,acharonei_zmanenu
wikidata:Q7040022,new,Q7040022,נפתלי הרץ הלוי,acharonei_zmanenu
wikidata:Q113133907,new,Q113133907,צבי פישר,acharonei_zmanenu
wikidata:Q96576541,new,Q96576541,רפאל יצחק ישראל,acharonei_zmanenu
wikidata:Q6372342,new,Q6372342,שניאור זלמן פרדקין,acharonei_zmanenu
wikidata:Q134606645,new,Q134606645,גרשון אנצילביץ,acharonei_zmanenu
wikidata:Q7192680,new,Q7192680,דוד משה פרידמן,acharonei_zmanenu
wikidata:Q25490224,new,Q25490224,יהונתן אבלמן,acharonei_zmanenu
wikidata:Q12407996,new,Q12407996,יוסף זכריה שטרן,acharonei_zmanenu
wikidata:Q12236274,new,Q12236274,מרדכי דב טברסקי (הורניסטייפול),acharonei_zmanenu
wikidata:Q556073,new,Q556073,מרקוס יסטרוב,acharonei_zmanenu
wikidata:Q18611321,new,Q18611321,ששון בכר משה,acharonei_zmanenu
wikidata:Q18121735,new,Q18121735,אברהם יצחק משכיל לאיתן,acharonei_zmanenu
wikidata:Q107534225,new,Q107534225,אליהו חי גג',acharonei_zmanenu
wikidata:Q134503499,new,Q134503499,גבריאל פיינברג,acharonei_zmanenu
wikidata:Q28857133,new,Q28857133,דוד שלמה גרודזנסקי,acharonei_zmanenu
wikidata:Q3574656,new,Q3574656,זכי כהן,acharonei_zmanenu
wikidata:Q9188611,new,Q9188611,חיים אריה לייבוש הורוביץ,acharonei_zmanenu
wikidata:Q976296,new,Q976296,חיים זליג סלונימסקי,acharonei_zmanenu
wikidata:Q2906474,new,Q2906474,חיים חזקיהו מדיני,acharonei_zmanenu
wikidata:Q2891231,new,Q2891231,חנניה יום טוב ליפא טייטלבוים,acharonei_zmanenu
wikidata:Q12252409,new,Q12252409,ישראל הורוביץ (מעליץ),acharonei_zmanenu
wikidata:Q108325797,new,Q108325797,אברהם צאלח (בן צאלח),acharonei_zmanenu
wikidata:Q1470072,new,Q1470072,אהרן שמואל אסאד,acharonei_zmanenu
wikidata:Q363106,new,Q363106,אייזיק הירש וייס,acharonei_zmanenu
wikidata:Q5362056,new,Q5362056,אליהו דוד רבינוביץ' תאומים,acharonei_zmanenu
wikidata:Q6908703,new,Q6908703,ברוך מנדלבוים,acharonei_zmanenu
wikidata:Q2891454,new,Q2891454,יהודה אריה ליב אלתר,acharonei_zmanenu
wikidata:Q134591991,new,Q134591991,יוסף שלופר,acharonei_zmanenu
wikidata:Q12408256,new,Q12408256,יצחק יהודה שמלקיש,acharonei_zmanenu
wikidata:Q2899330,new,Q2899330,יצחק יעקב רבינוביץ (ביאלא),acharonei_zmanenu
wikidata:Q70833,new,Q70833,מאיר קייזרלינג,acharonei_zmanenu
wikidata:Q114269765,new,Q114269765,נתנאל חיים פאפע,acharonei_zmanenu
wikidata:Q105073126,new,Q105073126,סאלם חבשוש,acharonei_zmanenu
wikidata:Q6583577,new,Q6583577,סאסי מעתוק הכהן יהונתן,acharonei_zmanenu
wikidata:Q134303032,new,Q134303032,צבי הירש למפרט,acharonei_zmanenu
wikidata:Q140074,new,Q140074,צדוק כהן,acharonei_zmanenu
wikidata:Q7499586,new,Q7499586,שלמה הכהן (רב),acharonei_zmanenu
wikidata:Q2891601,new,Q2891601,שלמה הלברשטאם (הראשון),acharonei_zmanenu
wikidata:Q1689923,new,Q1689923,אלכסנדר משה לפידות,acharonei_zmanenu
wikidata:Q7003181,new,Q7003181,בן ציון מיטבסקי,acharonei_zmanenu
wikidata:Q112229359,new,Q112229359,יוסף בן וואליד,acharonei_zmanenu
wikidata:Q16130655,new,Q16130655,יוסף דוד שחור,acharonei_zmanenu
wikidata:Q16130912,new,Q16130912,יוסף רפאל בן נון,acharonei_zmanenu
wikidata:Q6119232,new,Q6119232,יעקב שאול אלישר,acharonei_zmanenu
wikidata:Q18192689,new,Q18192689,צבי הירש הכהן וולק,acharonei_zmanenu
wikidata:Q102063898,new,Q102063898,שמואל פולק,acharonei_zmanenu
wikidata:Q12411846,new,Q12411846,שמחה בונם סופר,acharonei_zmanenu
wikidata:Q21031977,new,Q21031977,הלל ליבשיץ,acharonei_zmanenu
wikidata:Q113355527,new,Q113355527,יהודה גרינפלד (רב),acharonei_zmanenu
wikidata:Q111095170,new,Q111095170,יוסף מולפלדר,acharonei_zmanenu
wikidata:Q8053892,new,Q8053892,יצחק בלאזר,acharonei_zmanenu
wikidata:Q118924496,new,Q118924496,יצחק לייב סופר,acharonei_zmanenu
wikidata:Q832505,new,Q832505,עמרם בלום,acharonei_zmanenu
wikidata:Q6765959,new,Q6765959,רחמים נסים יצחק פלאג'י,acharonei_zmanenu
wikidata:Q7222976,new,Q7222976,שמחה בונם קאליש,acharonei_zmanenu
wikidata:Q135934061,new,Q135934061,אהרון קנדינוב,acharonei_zmanenu
wikidata:Q12403933,new,Q12403933,אליהו בכור חזן,acharonei_zmanenu
wikidata:Q825000,new,Q825000,ברנהרד פלזנטל,acharonei_zmanenu
wikidata:Q3185786,new,Q3185786,ז'וזף ורטהיימר,acharonei_zmanenu
wikidata:Q6773929,new,Q6773929,חיים יעקב שפירא,acharonei_zmanenu
wikidata:Q1431872,new,Q1431872,יהושע שטיינברג,acharonei_zmanenu
wikidata:Q7011633,new,Q7011633,יחזקאל עזרא רחמים,acharonei_zmanenu
wikidata:Q1686102,new,Q1686102,יחיאל מיכל הלוי אפשטיין,acharonei_zmanenu
wikidata:Q113679421,new,Q113679421,יצחק רפאל אשכנזי,acharonei_zmanenu
wikidata:Q105078675,new,Q105078675,ישראל זינגר (רב),acharonei_zmanenu
wikidata:Q6810242,new,Q6810242,מאיר איש-שלום,acharonei_zmanenu
wikidata:Q111095046,new,Q111095046,מאיר אשכנזי (אוסלו),acharonei_zmanenu
wikidata:Q6826443,new,Q6826443,מאיר רוזנבוים (קרעטשניף),acharonei_zmanenu
wikidata:Q56414305,new,Q56414305,מור לוי (רב),acharonei_zmanenu
wikidata:Q97220374,new,Q97220374,מסעוד אבוחצירא,acharonei_zmanenu
wikidata:Q30527632,new,Q30527632,נחמן כהנא (ארחות חיים),acharonei_zmanenu
wikidata:Q5371049,new,Q5371049,שלום דובער שניאורסון (רצ'יצה),acharonei_zmanenu
wikidata:Q19859257,new,Q19859257,שלמה יהודה טבק,acharonei_zmanenu
wikidata:Q27020227,new,Q27020227,אברהם יצחק גליק,acharonei_zmanenu
wikidata:Q5241289,new,Q5241289,דוד וולף מרקס,acharonei_zmanenu
wikidata:Q16339809,new,Q16339809,חיים אלעזר מזרחי,acharonei_zmanenu
wikidata:Q775996,new,Q775996,יוסף חיים מבגדאד,acharonei_zmanenu
wikidata:Q2895441,new,Q2895441,יוסף מאיר וייס,acharonei_zmanenu
wikidata:Q113355478,new,Q113355478,יחיאל מיכל היילפרין,acharonei_zmanenu
wikidata:Q86005583,new,Q86005583,ירחמיאל משה הופשטיין,acharonei_zmanenu
wikidata:Q21789550,new,Q21789550,מרדכי עמרם הירש,acharonei_zmanenu
wikidata:Q15410306,new,Q15410306,משה לייב בלוך,acharonei_zmanenu
wikidata:Q133054553,new,Q133054553,שלמה אביטבול (מרקש),acharonei_zmanenu
wikidata:Q428672,new,Q428672,שמואל סלנט,acharonei_zmanenu
wikidata:Q2909191,new,Q2909191,אברהם בורנשטיין,acharonei_zmanenu
wikidata:Q6854176,new,Q6854176,אהרן אורלנסקי,acharonei_zmanenu
wikidata:Q2903915,new,Q2903915,אליעזר גורדון,acharonei_zmanenu
wikidata:Q18220937,new,Q18220937,דוד אורטנברג,acharonei_zmanenu
wikidata:Q16132648,new,Q16132648,חיים ישעיה הלברסברג,acharonei_zmanenu
wikidata:Q25492171,new,Q25492171,יהושע סיגל,acharonei_zmanenu
wikidata:Q114909824,new,Q114909824,יוסף יהודה ליב זוסניץ,acharonei_zmanenu
wikidata:Q6625156,new,Q6625156,יוסף יהודה שטרסברג,acharonei_zmanenu
wikidata:Q8051037,new,Q8051037,יחזקאל רבינוביץ,acharonei_zmanenu
wikidata:Q27978769,new,Q27978769,יצחק אבולעפיה (פני יצחק),acharonei_zmanenu
wikidata:Q5371051,new,Q5371051,יצחק דובער שניאורסון,acharonei_zmanenu
wikidata:Q23581331,new,Q23581331,יקיר בקיש,acharonei_zmanenu
wikidata:Q7213206,new,Q7213206,ירחמיאל ישראל יצחק דנציגר,acharonei_zmanenu
wikidata:Q3308207,new,Q3308207,מיכאל פרידלנדר,acharonei_zmanenu
wikidata:Q1886354,new,Q1886354,מכלוף אלדאודי,acharonei_zmanenu
wikidata:Q6959737,new,Q6959737,מלכיאל צבי טננבוים,acharonei_zmanenu
wikidata:Q1901584,new,Q1901584,מרדכי הורוויץ,acharonei_zmanenu
wikidata:Q6916113,new,Q6916113,משה גרינוולד,acharonei_zmanenu
wikidata:Q19594524,new,Q19594524,משה דנישבסקי,acharonei_zmanenu
wikidata:Q742539,new,Q742539,משה לייב ליליינבלום,acharonei_zmanenu
wikidata:Q19896520,new,Q19896520,סימון דנקוביץ,acharonei_zmanenu
wikidata:Q18220758,new,Q18220758,צבי הירש רבינוביץ,acharonei_zmanenu
wikidata:Q18919635,new,Q18919635,ציון חיים רקח,acharonei_zmanenu
wikidata:Q2227493,new,Q2227493,שאול פנחס רבינוביץ,acharonei_zmanenu
wikidata:Q6633242,new,Q6633242,שלום מויאל,acharonei_zmanenu
wikidata:Q20502840,new,Q20502840,אליעזר שמחה רבינוביץ,acharonei_zmanenu
wikidata:Q1596058,excluded (description: רפורמי),,היינמן פוגלשטיין,acharonei_zmanenu
wikidata:Q12407237,new,Q12407237,זלמן דולינסקי,acharonei_zmanenu
wikidata:Q12407452,new,Q12407452,חיים הלל פריד,acharonei_zmanenu
wikidata:Q1708296,new,Q1708296,יוסף צבי דינר,acharonei_zmanenu
wikidata:Q55226641,new,Q55226641,יצחק חיים קסטיליוני,acharonei_zmanenu
wikidata:Q20502641,new,Q20502641,מאיר פיימר,acharonei_zmanenu
wikidata:Q135094989,new,Q135094989,משה זאב מזוזה,acharonei_zmanenu
wikidata:Q113355506,new,Q113355506,משה צבי פוקס,acharonei_zmanenu
wikidata:Q7014615,new,Q7014615,משה שמעון אנטוקולסקי,acharonei_zmanenu
wikidata:Q1003848,new,Q1003848,משפחת פרוידיגר,acharonei_zmanenu
wikidata:Q1610507,new,Q1610507,נפתלי הרמן אדלר,acharonei_zmanenu
wikidata:Q7500250,new,Q7500250,שלום מרדכי שבדרון,acharonei_zmanenu
wikidata:Q123365280,new,Q123365280,שמחה יאיר רוזנפלד,acharonei_zmanenu
wikidata:Q330707,new,Q330707,אברהם אבא ורנר,acharonei_zmanenu
wikidata:Q4662505,new,Q4662505,אהרן ולדן,acharonei_zmanenu
wikidata:Q6042124,new,Q6042124,אליהו חיים מייזל,acharonei_zmanenu
wikidata:Q118924843,new,Q118924843,אריה ליב גורדון,acharonei_zmanenu
wikidata:Q86000888,new,Q86000888,בנימין אריה וייס,acharonei_zmanenu
wikidata:Q2898049,new,Q2898049,חיים ברלין,acharonei_zmanenu
wikidata:Q6204571,new,Q6204571,חיים יעקב אונגר,acharonei_zmanenu
wikidata:Q108417898,new,Q108417898,חיים כסאר (בן סלימאן),acharonei_zmanenu
wikidata:Q20607474,new,Q20607474,יהושע הורוביץ,acharonei_zmanenu
wikidata:Q1691731,new,Q1691731,יואל משה סלומון,acharonei_zmanenu
wikidata:Q91029710,new,Q91029710,יצחק אבוחצירא (הראשון),acharonei_zmanenu
wikidata:Q113355487,new,Q113355487,משה סלומון,acharonei_zmanenu
wikidata:Q988417,new,Q988417,נתן אהרנפלד,acharonei_zmanenu
wikidata:Q8075552,new,Q8075552,צבי יוסף רזניק,acharonei_zmanenu
wikidata:Q836017,new,Q836017,שמואל בק (רב),acharonei_zmanenu
wikidata:Q6642995,new,Q6642995,אברהם אבל אדולף ארליך,acharonei_zmanenu
wikidata:Q6041098,new,Q6041098,אדולף שמידל,acharonei_zmanenu
wikidata:Q6505777,new,Q6505777,אלעזר הלוי גרינהוט,acharonei_zmanenu
wikidata:Q609273,new,Q609273,בנימין זאב בכר,acharonei_zmanenu
wikidata:Q117319160,new,Q117319160,דוד קרליבך,acharonei_zmanenu
wikidata:Q9377643,new,Q9377643,זאב פיילכנפלד,acharonei_zmanenu
wikidata:Q140737592,new,Q140737592,חיים פאליק,acharonei_zmanenu
wikidata:Q6772222,new,Q6772222,יהודה לייב פרנק,acharonei_zmanenu
wikidata:Q55915249,new,Q55915249,יוסף יצחק קובק,acharonei_zmanenu
wikidata:Q1686101,new,Q1686101,יחיאל מיכל פינס,acharonei_zmanenu
wikidata:Q23063020,new,Q23063020,יעקב אריה סלבנדי,acharonei_zmanenu
wikidata:Q2910340,new,Q2910340,יעקב דוד וילובסקי,acharonei_zmanenu
wikidata:Q104554619,new,Q104554619,מאיר אוסטרליץ,acharonei_zmanenu
wikidata:Q137210272,new,Q137210272,מקס יוסטר,acharonei_zmanenu
wikidata:Q106449953,new,Q106449953,משה שמואל תג'ר,acharonei_zmanenu
wikidata:Q2903948,new,Q2903948,צבי הירש שפירא,acharonei_zmanenu
wikidata:Q55186731,new,Q55186731,שלמה דאנה,acharonei_zmanenu
wikidata:Q18121771,new,Q18121771,שלמה תווינא,acharonei_zmanenu
wikidata:Q16522704,new,Q16522704,ארמין שניצר,acharonei_zmanenu
wikidata:Q107534221,new,Q107534221,יעקב אלחאייק,acharonei_zmanenu
wikidata:Q8053923,new,Q8053923,יצחק אייזיק הלוי,acharonei_zmanenu
wikidata:Q18640801,new,Q18640801,משה בצלאל לוריא,acharonei_zmanenu
wikidata:Q12411857,new,Q12411857,שמעון אגסי,acharonei_zmanenu
wikidata:Q98924046,new,Q98924046,אברהם בנימין קלוגר,acharonei_zmanenu
wikidata:Q90649,new,Q90649,אברהם ברלינר,acharonei_zmanenu
wikidata:Q7009524,new,Q7009524,דוד פרידמן (פינסק-קרלין),acharonei_zmanenu
wikidata:Q63953258,new,Q63953258,דיולה ולס,acharonei_zmanenu
wikidata:Q25492095,new,Q25492095,זכריה יוסף רוזנפלד,acharonei_zmanenu
wikidata:Q30527108,new,Q30527108,חייא דוד הלוי שפיצר,acharonei_zmanenu
wikidata:Q18120908,new,Q18120908,יהודה ליב קנטור,acharonei_zmanenu
wikidata:Q136410256,new,Q136410256,יעקב קאפיל לנדמן,acharonei_zmanenu
wikidata:Q108777494,new,Q108777494,יצחק אשכנזי (רב),acharonei_zmanenu
wikidata:Q941726,new,Q941726,יצחק יעקב ריינס,acharonei_zmanenu
wikidata:Q89406913,new,Q89406913,מור קליין,acharonei_zmanenu
wikidata:Q110892159,new,Q110892159,משה זקן מאזוז,acharonei_zmanenu
wikidata:Q12234210,new,Q12234210,נפתלי הורוביץ (מעליץ),acharonei_zmanenu
wikidata:Q81944042,new,Q81944042,צבי הירש לויטן,acharonei_zmanenu
wikidata:Q6608314,new,Q6608314,שאול חיים הלוי הורוויץ,acharonei_zmanenu
wikidata:Q1391460,new,Q1391460,שניאור זלמן שכטר,acharonei_zmanenu
wikidata:Q118925061,new,Q118925061,אברהם שמחה הורוביץ,acharonei_zmanenu
wikidata:Q136376421,new,Q136376421,אורי לנדמן,acharonei_zmanenu
wikidata:Q4802678,new,Q4802678,אריה ליב פרומקין,acharonei_zmanenu
wikidata:Q65216586,new,Q65216586,ברנאט זינגר,acharonei_zmanenu
wikidata:Q19749318,new,Q19749318,חיים סתהון,acharonei_zmanenu
wikidata:Q105086001,new,Q105086001,יוסף באראן,acharonei_zmanenu
wikidata:Q12408158,new,Q12408158,יעקב בצלאל שניידר,acharonei_zmanenu
wikidata:Q7018163,new,Q7018163,מרדכי רוזנבלט מאושמינה,acharonei_zmanenu
wikidata:Q11784763,new,Q11784763,משה נחום ירושלמסקי,acharonei_zmanenu
wikidata:Q1963439,new,Q1963439,נפתלי אמסטרדם,acharonei_zmanenu
wikidata:Q6536855,new,Q6536855,שלום דנגור,acharonei_zmanenu
wikidata:Q7222873,new,Q7222873,שמואל וינברג (סלונים),acharonei_zmanenu
wikidata:Q4829396,new,Q4829396,אברהם אליעזר אלפרשטיין,acharonei_zmanenu
wikidata:Q4668801,new,Q4668801,אברהם חזן (ברסלב),acharonei_zmanenu
wikidata:Q65216157,new,Q65216157,אדולף קלמן,acharonei_zmanenu
wikidata:Q6982254,new,Q6982254,אליהו ברוך קמאי,acharonei_zmanenu
wikidata:Q6642144,new,Q6642144,אליהו עקיבא רבינוביץ',acharonei_zmanenu
wikidata:Q1253591,new,Q1253591,אלכסנדר קיש,acharonei_zmanenu
wikidata:Q20502890,new,Q20502890,בן ציון שטרנפלד,acharonei_zmanenu
wikidata:Q12258662,new,Q12258662,ברכיה טייטלבוים,acharonei_zmanenu
wikidata:Q87008235,new,Q87008235,דב בר רטנר,acharonei_zmanenu
wikidata:Q12408078,new,Q12408078,יחיא צארום,acharonei_zmanenu
wikidata:Q7023320,new,Q7023320,יעקב יצחקי,acharonei_zmanenu
wikidata:Q30527387,new,Q30527387,יצחק דאנציג,acharonei_zmanenu
wikidata:Q8053903,new,Q8053903,יצחק פרידמן (בויאן),acharonei_zmanenu
wikidata:Q820919,new,Q820919,ישראל לוי,acharonei_zmanenu
wikidata:Q359694,new,Q359694,מנדלי מוכר ספרים,acharonei_zmanenu
wikidata:Q11777339,new,Q11777339,מנחם קאליש,acharonei_zmanenu
wikidata:Q99839531,new,Q99839531,מרדכי בן ג'ו,acharonei_zmanenu
wikidata:Q11785463,new,Q11785463,מרדכי טברסקי (קוזמיר),acharonei_zmanenu
wikidata:Q1949222,new,Q1949222,משה שמואל צוקרמנדל,acharonei_zmanenu
wikidata:Q18227830,new,Q18227830,שמואל בורשטין,acharonei_zmanenu
wikidata:Q50582599,new,Q50582599,אברהם גרינבורג,acharonei_zmanenu
wikidata:Q112201916,new,Q112201916,אברהם לופטביר,acharonei_zmanenu
wikidata:Q1217243,new,Q1217243,אדה נוימן,acharonei_zmanenu
wikidata:Q4684152,new,Q4684152,אדולף רוזנצווייג,acharonei_zmanenu
wikidata:Q11693103,new,Q11693103,דוד צבי שלמה בידרמן,acharonei_zmanenu
wikidata:Q2637350,new,Q2637350,חיים הלוי סולובייצ'יק,acharonei_zmanenu
wikidata:Q124821140,new,Q124821140,יוסף ברבי,acharonei_zmanenu
wikidata:Q16043522,new,Q16043522,ישראל קרדונר,acharonei_zmanenu
wikidata:Q876134,new,Q876134,משה גידמן,acharonei_zmanenu
wikidata:Q139540086,new,Q139540086,משולם סלט,acharonei_zmanenu
wikidata:Q55649412,new,Q55649412,רפאל ענתבי,acharonei_zmanenu
wikidata:Q18913466,new,Q18913466,שאול אדאדי,acharonei_zmanenu
wikidata:Q18081768,new,Q18081768,שלמה במברגר,acharonei_zmanenu
wikidata:Q5360964,new,Q5360964,אליהו משה פאניז'יל,acharonei_zmanenu
wikidata:Q735103,new,Q735103,אלפרד לוי (רב),acharonei_zmanenu
wikidata:Q4736287,new,Q4736287,אלתר טפליקר,acharonei_zmanenu
wikidata:Q5302353,new,Q5302353,דובר אברמוביץ,acharonei_zmanenu
wikidata:Q16129808,new,Q16129808,דוד אבוחצירא,acharonei_zmanenu
wikidata:Q24288111,new,Q24288111,דיולה וייסבורג,acharonei_zmanenu
wikidata:Q117830170,new,Q117830170,חיים נפתלי הרץ היילפרין,acharonei_zmanenu
wikidata:Q12407997,new,Q12407997,יוסף זונדל הוטנר,acharonei_zmanenu
wikidata:Q8055909,new,Q8055909,יוסף יוזל הורוביץ,acharonei_zmanenu
wikidata:Q12408023,new,Q12408023,יוסף ענגיל,acharonei_zmanenu
wikidata:Q97992,new,Q97992,יעקב גוטמן,acharonei_zmanenu
wikidata:Q60416188,new,Q60416188,יצחק יעקב רבינוביץ (פוניבז'),acharonei_zmanenu
wikidata:Q1966457,new,Q1966457,נתן במברגר,acharonei_zmanenu
wikidata:Q125667,new,Q125667,שלמה קרליבך (ליבק),acharonei_zmanenu
wikidata:Q7499609,new,Q7499609,שלמה שטנצל,acharonei_zmanenu
wikidata:Q20609912,new,Q20609912,שמואל רוזנברג,acharonei_zmanenu
wikidata:Q20607319,new,Q20607319,שמחה ישכר בער הלברשטאם,acharonei_zmanenu
wikidata:Q16129102,new,Q16129102,אברהם הלל,acharonei_zmanenu
wikidata:Q124770227,new,Q124770227,אסף פינחסוב,acharonei_zmanenu
wikidata:Q1028442,new,Q1028442,יהודה גרינוולד,acharonei_zmanenu
wikidata:Q6960129,new,Q6960129,יצחק איזיק טאובס,acharonei_zmanenu
wikidata:Q645252,new,Q645252,ישראל טאוב,acharonei_zmanenu
wikidata:Q1674595,new,Q1674595,ישראל פרידלנדר,acharonei_zmanenu
wikidata:Q18121758,new,Q18121758,מרדכי יצחק רבינוביץ,acharonei_zmanenu
wikidata:Q55649722,new,Q55649722,עזרא הכהן מסלתון טראב,acharonei_zmanenu
wikidata:Q12410628,new,Q12410628,פנחס מנחם אלעזר יוסטמן,acharonei_zmanenu
wikidata:Q2230596,new,Q2230596,שלום (בן יחזקאל) אלבק,acharonei_zmanenu
wikidata:Q2661448,new,Q2661448,שלום דובער שניאורסון,acharonei_zmanenu
wikidata:Q1114983,new,Q1114983,שמואל קוהן (רב),acharonei_zmanenu
wikidata:Q59524566,new,Q59524566,שמעון אפנשטיין,acharonei_zmanenu
wikidata:Q5588041,new,Q5588041,גוטהרד דויטש,acharonei_zmanenu
wikidata:Q118380395,new,Q118380395,דב בר דושינסקי,acharonei_zmanenu
wikidata:Q458733,new,Q458733,דוד צבי הופמן,acharonei_zmanenu
wikidata:Q138412248,new,Q138412248,זאב וולף אברך,acharonei_zmanenu
wikidata:Q27974541,new,Q27974541,זלמן פינחס קפלן,acharonei_zmanenu
wikidata:Q9334041,new,Q9334041,חיים שאול הורוביץ,acharonei_zmanenu
wikidata:Q11728295,new,Q11728295,יוסף אהרן רבינוביץ,acharonei_zmanenu
wikidata:Q12408000,new,Q12408000,יוסף חיים הכהן,acharonei_zmanenu
wikidata:Q55651690,new,Q55651690,יעקב חיים,acharonei_zmanenu
wikidata:Q67185694,new,Q67185694,יעקב שטיינהרץ,acharonei_zmanenu
wikidata:Q25497495,new,Q25497495,ישראל זיתון,acharonei_zmanenu
wikidata:Q15906958,new,Q15906958,ישראל מסטולין,acharonei_zmanenu
wikidata:Q30526990,new,Q30526990,משה אליהו הלפרין,acharonei_zmanenu
wikidata:Q96179767,new,Q96179767,פראג'י עלוש,acharonei_zmanenu
wikidata:Q23062735,new,Q23062735,פרדיננד רוזנטל,acharonei_zmanenu
wikidata:Q2899417,new,Q2899417,רפאל שפירא,acharonei_zmanenu
wikidata:Q2355571,new,Q2355571,שמואל אברהם פוזננסקי,acharonei_zmanenu
wikidata:Q16130028,new,Q16130028,דוד יעקובסון,acharonei_zmanenu
wikidata:Q107497625,new,Q107497625,יוסף רוזנפלד,acharonei_zmanenu
wikidata:Q134292873,new,Q134292873,יעקב וילנציק,acharonei_zmanenu
wikidata:Q118378347,new,Q118378347,ישראל חיים פרידמן,acharonei_zmanenu
wikidata:Q15502703,new,Q15502703,לאיוש ונטיאנר,acharonei_zmanenu
wikidata:Q6656742,new,Q6656742,משה נחום ולנשטיין,acharonei_zmanenu
wikidata:Q106243,new,Q106243,נחמיה אנטון נובל,acharonei_zmanenu
wikidata:Q12410434,new,Q12410434,עקיבה יוסף שלזינגר,acharonei_zmanenu
wikidata:Q7499600,new,Q7499600,שלמה מוסאיוף,acharonei_zmanenu
wikidata:Q6122740,new,Q6122740,שמואל צבי מרגליות,acharonei_zmanenu
wikidata:Q30005046,new,Q30005046,אברהם ביג'אג'ו,acharonei_zmanenu
wikidata:Q57175938,new,Q57175938,"אלברט כ""ץ",acharonei_zmanenu
wikidata:Q6841798,new,Q6841798,וולף מישל,acharonei_zmanenu
wikidata:Q6549615,new,Q6549615,זלמן סנדר כהנא שפירא,acharonei_zmanenu
wikidata:Q25490923,new,Q25490923,יהודה תיאודור,acharonei_zmanenu
wikidata:Q8054212,new,Q8054212,יואב יהושע וינגרטן,acharonei_zmanenu
wikidata:Q27020109,new,Q27020109,יום טוב ידיד הלוי,acharonei_zmanenu
wikidata:Q85961,new,Q85961,יוסף שמואל בלוך,acharonei_zmanenu
wikidata:Q20502515,new,Q20502515,יעקב יוסף הכהן טראב מסלתון,acharonei_zmanenu
wikidata:Q12238508,new,Q12238508,ישראל שלום יוסף פרידמן,acharonei_zmanenu
wikidata:Q113355503,new,Q113355503,יששכר דוב קאהן,acharonei_zmanenu
wikidata:Q7215184,new,Q7215184,מאיר מוריץ בק,acharonei_zmanenu
wikidata:Q1652817,new,Q1652817,מרדכי יהודה רוזנק,acharonei_zmanenu
wikidata:Q97907,new,Q97907,סיני שיפר,acharonei_zmanenu
wikidata:Q46230651,new,Q46230651,רפאל דלה-פרגולה,acharonei_zmanenu
wikidata:Q7222925,new,Q7222925,שמואל צבי דנציגר,acharonei_zmanenu
wikidata:Q5371037,new,Q5371037,שמריה נח שניאורסון,acharonei_zmanenu
wikidata:Q118926327,new,Q118926327,אברהם איטינגא,acharonei_zmanenu
wikidata:Q2904224,new,Q2904224,אברהם אליהו קפלן,acharonei_zmanenu
wikidata:Q117833415,new,Q117833415,אברהם אליעזר הירשוביץ,acharonei_zmanenu
wikidata:Q106363267,new,Q106363267,אברהם הכהן סקלי,acharonei_zmanenu
wikidata:Q22081326,new,Q22081326,אברהם יעקב גרשון לסר,acharonei_zmanenu
wikidata:Q504205,new,Q504205,אילש אדלר,acharonei_zmanenu
wikidata:Q19800841,new,Q19800841,אליעזר רבינוביץ,acharonei_zmanenu
wikidata:Q3073025,new,Q3073025,אפרים פישל סלומון,acharonei_zmanenu
wikidata:Q1175892,new,Q1175892,דוד ניימרק,acharonei_zmanenu
wikidata:Q19824120,new,Q19824120,דוד פיפאנו,acharonei_zmanenu
wikidata:Q12407187,new,Q12407187,זאב יעבץ,acharonei_zmanenu
wikidata:Q12257281,new,Q12257281,חיים מאיר יחיאל שפירא מדרוהוביץ',acharonei_zmanenu
wikidata:Q6805699,new,Q6805699,חיים משה אלישר,acharonei_zmanenu
wikidata:Q6284944,new,Q6284944,יוסף לוינשטיין (רב),acharonei_zmanenu
wikidata:Q4274489,new,Q4274489,"יעקב מזא""ה",acharonei_zmanenu
wikidata:Q16340139,new,Q16340139,יעקב שור,acharonei_zmanenu
wikidata:Q1912859,new,Q1912859,מקס קופשטיין,acharonei_zmanenu
wikidata:Q109858021,new,Q109858021,משה אריה במברגר (שנלנקה),acharonei_zmanenu
wikidata:Q12409633,new,Q12409633,משה שמואל גלזנר,acharonei_zmanenu
wikidata:Q820393,new,Q820393,נתן פורגס,acharonei_zmanenu
wikidata:Q12233801,new,Q12233801,צבי אלימלך שפירא (בלאז'וב),acharonei_zmanenu
wikidata:Q12403344,new,Q12403344,אברהם אהרן בורשטין,acharonei_zmanenu
wikidata:Q16338377,new,Q16338377,אברהם דאנון,acharonei_zmanenu
wikidata:Q12403374,new,Q12403374,אברהם חיים עדס,acharonei_zmanenu
wikidata:Q12260151,new,Q12260151,אלימלך בינדיגר,acharonei_zmanenu
wikidata:Q55648246,new,Q55648246,אפרים דב לאפ,acharonei_zmanenu
wikidata:Q29838621,new,Q29838621,בנימין חמווי,acharonei_zmanenu
wikidata:Q27972335,new,Q27972335,דוד צבי חן,acharonei_zmanenu
wikidata:Q5907292,new,Q5907292,הושע יעקבי,acharonei_zmanenu
wikidata:Q94887595,new,Q94887595,זליגמן יששכר מאייר,acharonei_zmanenu
wikidata:Q20502614,new,Q20502614,יהודה ליב גורדין,acharonei_zmanenu
wikidata:Q6731008,new,Q6731008,יצחק ירוחם דיסקין,acharonei_zmanenu
wikidata:Q2899371,new,Q2899371,ישעיה שטיינר,acharonei_zmanenu
wikidata:Q2903495,new,Q2903495,מאיר אריק,acharonei_zmanenu
wikidata:Q18121708,new,Q18121708,מסעוד חי בן שמעון,acharonei_zmanenu
wikidata:Q28058982,new,Q28058982,מרדכי שלמה זילבר,acharonei_zmanenu
wikidata:Q113355572,new,Q113355572,עמרם פישר,acharonei_zmanenu
wikidata:Q256984,new,Q256984,צבי מלטר,acharonei_zmanenu
wikidata:Q28857295,new,Q28857295,רפאל שלמה לניאדו (1876–1925),acharonei_zmanenu
wikidata:Q113803809,new,Q113803809,שלום הכהן (רב תוניסאי),acharonei_zmanenu
wikidata:Q2346533,new,Q2346533,אברהם אשר (רב),acharonei_zmanenu
wikidata:Q708955,new,Q708955,אשר מיכאל (ארתור) כהן,acharonei_zmanenu
wikidata:Q2903870,new,Q2903870,חיים צבי טייטלבוים,acharonei_zmanenu
wikidata:Q2906606,new,Q2906606,ישכר דב רוקח (הראשון),acharonei_zmanenu
wikidata:Q2893902,new,Q2893902,מאיר אטלס,acharonei_zmanenu
wikidata:Q2910090,new,Q2910090,מאיר שמחה הכהן,acharonei_zmanenu
wikidata:Q12352962,new,Q12352962,מרטון שריינר,acharonei_zmanenu
wikidata:Q8075548,new,Q8075548,צבי יעקב אופנהיים,acharonei_zmanenu
wikidata:Q3194287,new,Q3194287,קאופמן קוהלר,acharonei_zmanenu
wikidata:Q12411421,new,Q12411421,רפאל דאבוש,acharonei_zmanenu
wikidata:Q2239932,new,Q2239932,שלמה אלישיב,acharonei_zmanenu
wikidata:Q849455,new,Q849455,שלמה זלמן ברויאר,acharonei_zmanenu
wikidata:Q4369839,new,Q4369839,שמואל בורנשטיין,acharonei_zmanenu
wikidata:Q18035577,new,Q18035577,בנימין זאב רייך,acharonei_zmanenu
wikidata:Q988434,new,Q988434,חנוך ארנטרוי,acharonei_zmanenu
wikidata:Q7066556,new,Q7066556,ישראל אבא ציטרון,acharonei_zmanenu
wikidata:Q385030,new,Q385030,מוזש פלדמן,acharonei_zmanenu
wikidata:Q24790287,new,Q24790287,מסעוד אלחדד,acharonei_zmanenu
wikidata:Q86005990,new,Q86005990,משה שתרוג,acharonei_zmanenu
wikidata:Q2091430,new,Q2091430,נתן צבי פינקל,acharonei_zmanenu
wikidata:Q555506,new,Q555506,פרדריק דה סולה מנדס,acharonei_zmanenu
wikidata:Q244523,new,Q244523,צבי פרץ חיות,acharonei_zmanenu
wikidata:Q6992366,new,Q6992366,שם טוב גפן,acharonei_zmanenu
wikidata:Q5362059,new,Q5362059,אליהו פיינשטיין,acharonei_zmanenu
wikidata:Q746233,new,Q746233,אליעזר דוד גרינוולד,acharonei_zmanenu
wikidata:Q20502217,new,Q20502217,אלישע אפריאט,acharonei_zmanenu
wikidata:Q113547317,new,Q113547317,אריה ליב ברודא (לבוב),acharonei_zmanenu
wikidata:Q4802680,new,Q4802680,אריה לייב שוחט,acharonei_zmanenu
wikidata:Q25490254,new,Q25490254,גדליה שמלקיש,acharonei_zmanenu
wikidata:Q6810235,new,Q6810235,מאיר דן פלוצקי,acharonei_zmanenu
wikidata:Q7069102,new,Q7069102,מאיר יחיאל הולשטוק,acharonei_zmanenu
wikidata:Q27668699,new,Q27668699,משה אביגדור חייקין,acharonei_zmanenu
wikidata:Q20501957,new,Q20501957,משה יוסף הופמן,acharonei_zmanenu
wikidata:Q21780523,new,Q21780523,נסים ירחי,acharonei_zmanenu
wikidata:Q2901086,new,Q2901086,נפתלי טרופ,acharonei_zmanenu
wikidata:Q16129287,new,Q16129287,רפאל אהרן בן שמעון,acharonei_zmanenu
wikidata:Q7499603,new,Q7499603,שלמה פוליצ'ק,acharonei_zmanenu
wikidata:Q7062208,new,Q7062208,אברהם יעקב אורלנסקי,acharonei_zmanenu
wikidata:Q25490844,new,Q25490844,אליהו ילוז,acharonei_zmanenu
wikidata:Q16130979,new,Q16130979,בצלאל זאב שפרן,acharonei_zmanenu
wikidata:Q111465861,new,Q111465861,חיים בלייח,acharonei_zmanenu
wikidata:Q118925845,new,Q118925845,חיים גלרנטר,acharonei_zmanenu
wikidata:Q21570431,new,Q21570431,חנוך חסון (רב),acharonei_zmanenu
wikidata:Q12408002,new,Q12408002,יוסף יהודה לייב בלוך,acharonei_zmanenu
wikidata:Q6635835,new,Q6635835,יעיש גיאת,acharonei_zmanenu
wikidata:Q112144380,new,Q112144380,יעקב דוויק הכהן,acharonei_zmanenu
wikidata:Q1247038,new,Q1247038,יעקב קופל רייך,acharonei_zmanenu
wikidata:Q1028444,new,Q1028444,מנחם גרינוולד,acharonei_zmanenu
wikidata:Q89348155,new,Q89348155,מנחם קרקובסקי,acharonei_zmanenu
wikidata:Q14919760,new,Q14919760,מרדכי יוסף אלעזר ליינר,acharonei_zmanenu
wikidata:Q6578723,new,Q6578723,מרדכי לייב רובין,acharonei_zmanenu
wikidata:Q94641391,new,Q94641391,שבתי ליפשיץ,acharonei_zmanenu
wikidata:Q138863124,new,Q138863124,שלמה זלמן הכהן קוק,acharonei_zmanenu
wikidata:Q20502913,new,Q20502913,שלמה זלמן שך,acharonei_zmanenu
wikidata:Q94617385,new,Q94617385,אביגדור שנפלד,acharonei_zmanenu
wikidata:Q12403346,new,Q12403346,אברהם אהרן יודלוביץ',acharonei_zmanenu
wikidata:Q29360074,new,Q29360074,אברהם חי בן אמוזג,acharonei_zmanenu
wikidata:Q6040914,new,Q6040914,אברהם צבי פרלמוטר,acharonei_zmanenu
wikidata:Q16132153,new,Q16132153,"אליעזר סג""ל מישל",acharonei_zmanenu
wikidata:Q15912539,new,Q15912539,אליעזר פרחי,acharonei_zmanenu
wikidata:Q61126201,new,Q61126201,דובריש טורש,acharonei_zmanenu
wikidata:Q7052136,new,Q7052136,דוד טבל קצנלנבוגן,acharonei_zmanenu
wikidata:Q350713,new,Q350713,הרמן גולנץ,acharonei_zmanenu
wikidata:Q5740428,new,Q5740428,הרמן ואן סטברן,acharonei_zmanenu
wikidata:Q12407469,new,Q12407469,חיים יעקב נפתלי זילברברג,acharonei_zmanenu
wikidata:Q5067823,new,Q5067823,חיים רבינוביץ (ראש ישיבה),acharonei_zmanenu
wikidata:Q18038627,new,Q18038627,יוסף ידיד הלוי,acharonei_zmanenu
wikidata:Q12253951,new,Q12253951,יצחק מרדכי שפירא,acharonei_zmanenu
wikidata:Q21094389,new,Q21094389,ישעיהו זילברשטיין,acharonei_zmanenu
wikidata:Q16132905,new,Q16132905,ישראל ניסן קופרשטוך,acharonei_zmanenu
wikidata:Q3839175,new,Q3839175,לודוויג שטיין,acharonei_zmanenu
wikidata:Q18733361,new,Q18733361,מאיר לרנר,acharonei_zmanenu
wikidata:Q118913493,new,Q118913493,מנחם מנדל קרנגל,acharonei_zmanenu
wikidata:Q7217733,new,Q7217733,מתיאש אייזלר,acharonei_zmanenu
wikidata:Q16131737,new,Q16131737,נתן דוד רבינוביץ (פארציווא),acharonei_zmanenu
wikidata:Q21540398,new,Q21540398,עזרא דנגור,acharonei_zmanenu
wikidata:Q7002793,new,Q7002793,צינה דיזנגוף,acharonei_zmanenu
wikidata:Q7558595,new,Q7558595,שלמה אליעזר אלפנדרי,acharonei_zmanenu
wikidata:Q19776688,new,Q19776688,שמעון גרינפלד,acharonei_zmanenu
wikidata:Q6602199,new,Q6602199,שמעון משה דיסקין (לוחביץ),acharonei_zmanenu
wikidata:Q113802581,new,Q113802581,אברהם מגוץ הכהן,acharonei_zmanenu
wikidata:Q136083962,new,Q136083962,אברהם קאפון,acharonei_zmanenu
wikidata:Q15218191,new,Q15218191,אדולף שוורץ (רב),acharonei_zmanenu
wikidata:Q29548683,new,Q29548683,אהרן שמואל תמרת,acharonei_zmanenu
wikidata:Q12407444,new,Q12407444,חיים בז'רנו,acharonei_zmanenu
wikidata:Q8053978,new,Q8053978,יחיא קאפח,acharonei_zmanenu
wikidata:Q132444155,new,Q132444155,יצחק מלר,acharonei_zmanenu
wikidata:Q100938606,new,Q100938606,מיקשה וייס,acharonei_zmanenu
wikidata:Q18078890,new,Q18078890,משה סוקולובסקי,acharonei_zmanenu
wikidata:Q6686800,new,Q6686800,ציון כהן יהונתן,acharonei_zmanenu
wikidata:Q16132951,new,Q16132951,קלמן ובר,acharonei_zmanenu
wikidata:Q16130444,new,Q16130444,שמואל שבח קנטורוביץ,acharonei_zmanenu
wikidata:Q117827285,new,Q117827285,אברהם נח פאלי,acharonei_zmanenu
wikidata:Q113637008,new,Q113637008,אהרן הלוי גולדמן,acharonei_zmanenu
wikidata:Q113407644,new,Q113407644,אהרן וייס,acharonei_zmanenu
wikidata:Q7064813,new,Q7064813,אליהו פוסק,acharonei_zmanenu
wikidata:Q18038656,new,Q18038656,אליהו קלצקין,acharonei_zmanenu
wikidata:Q9149168,new,Q9149168,אלתר ישראל שמעון פרלוב,acharonei_zmanenu
wikidata:Q18523997,new,Q18523997,אפרים סמונוב,acharonei_zmanenu
wikidata:Q16128575,new,Q16128575,אריאל בן ציון,acharonei_zmanenu
wikidata:Q4994443,new,Q4994443,דוד יעקב סימונסן,acharonei_zmanenu
wikidata:Q124611928,new,Q124611928,הרמן דויטש,acharonei_zmanenu
wikidata:Q16675624,new,Q16675624,יוסף אלחנן מלמד,acharonei_zmanenu
wikidata:Q1706746,new,Q1706746,יוסף חיים זוננפלד,acharonei_zmanenu
wikidata:Q21031978,new,Q21031978,יחזקאל ליבשיץ,acharonei_zmanenu
wikidata:Q65252654,new,Q65252654,יחזקאל נאג'י,acharonei_zmanenu
wikidata:Q7068097,new,Q7068097,יחיא יצחק הלוי,acharonei_zmanenu
wikidata:Q113355491,new,Q113355491,יעקב טולידאנו (בן יוסף),acharonei_zmanenu
wikidata:Q6866685,new,Q6866685,מרדכי יהודה ליב וינקלר,acharonei_zmanenu
wikidata:Q55648095,new,Q55648095,משה פירירה,acharonei_zmanenu
wikidata:Q6855346,new,Q6855346,נחמן הלר,acharonei_zmanenu
wikidata:Q96336381,new,Q96336381,ראובן אליהו ישראל,acharonei_zmanenu
wikidata:Q6996712,new,Q6996712,רחמים מלמד כהן,acharonei_zmanenu
wikidata:Q16508882,new,Q16508882,רפאל ברויאר,acharonei_zmanenu
wikidata:Q115859211,new,Q115859211,שלמה פישר (הסב),acharonei_zmanenu
wikidata:Q112972480,new,Q112972480,אברהם איבלאגון,acharonei_zmanenu
wikidata:Q6040457,new,Q6040457,אברהם וינברג (השני),acharonei_zmanenu
wikidata:Q12719846,new,Q12719846,אברהם מתתיהו פרידמן,acharonei_zmanenu
wikidata:Q3101382,new,Q3101382,ג'ורג' אלכסנדר קוהוט,acharonei_zmanenu
wikidata:Q47028771,new,Q47028771,ז'אק-אנרי דרייפוס,acharonei_zmanenu
wikidata:Q7058475,new,Q7058475,חיים שאול הכהן דוויק,acharonei_zmanenu
wikidata:Q6563813,new,Q6563813,יוסף נחמיה קורניצר,acharonei_zmanenu
wikidata:Q114219822,new,Q114219822,יחיאל מיכל לייטר,acharonei_zmanenu
wikidata:Q55648814,new,Q55648814,יעקב הלוי קופשטיין,acharonei_zmanenu
wikidata:Q107745368,new,Q107745368,ירוחם מאיר ליינר,acharonei_zmanenu
wikidata:Q733140,new,Q733140,ישראל מאיר הכהן,acharonei_zmanenu
wikidata:Q3304735,new,Q3304735,מאיר שלמה ינובסקי,acharonei_zmanenu
wikidata:Q2915710,new,Q2915710,מאיר שפירא,acharonei_zmanenu
wikidata:Q6721776,new,Q6721776,מנחם נחום פרידמן (השני),acharonei_zmanenu
wikidata:Q30526744,new,Q30526744,משה מישל שמואל שפירא,acharonei_zmanenu
wikidata:Q6916131,new,Q6916131,משה מרדכי אפשטיין,acharonei_zmanenu
wikidata:Q114457185,new,Q114457185,משה ניימן (רב),acharonei_zmanenu
wikidata:Q1403719,new,Q1403719,פליקס פרלס,acharonei_zmanenu
wikidata:Q113643602,new,Q113643602,שמואל אלעלוף,acharonei_zmanenu
wikidata:Q16129341,new,Q16129341,אברהם שמואל בנימין שפיצר,acharonei_zmanenu
wikidata:Q2537915,new,Q2537915,אברהם שמשון אונדרוויזר,acharonei_zmanenu
wikidata:Q12403488,new,Q12403488,אהרן הכהן (רב),acharonei_zmanenu
wikidata:Q1419022,new,Q1419022,איזידור שפטלוביץ',acharonei_zmanenu
wikidata:Q12404685,new,Q12404685,בצלאל יאיר דנציגר,acharonei_zmanenu
wikidata:Q63477559,new,Q63477559,ברטלן אדלשטיין,acharonei_zmanenu
wikidata:Q3187431,new,Q3187431,יואל לייב הלוי הרצוג,acharonei_zmanenu
wikidata:Q3572708,new,Q3572708,יוסף גז,acharonei_zmanenu
wikidata:Q18530183,new,Q18530183,יחיא אביץ',acharonei_zmanenu
wikidata:Q12404357,new,Q12404357,יעקב בבכא,acharonei_zmanenu
wikidata:Q6830605,new,Q6830605,יעקב משה ספיר,acharonei_zmanenu
wikidata:Q7063804,new,Q7063804,יצחק צבי ריבלין,acharonei_zmanenu
wikidata:Q12408309,new,Q12408309,ירוחם פישל פרלא,acharonei_zmanenu
wikidata:Q4590023,new,Q4590023,משה קלירס,acharonei_zmanenu
wikidata:Q105047007,new,Q105047007,סאלם אלג'מאל,acharonei_zmanenu
wikidata:Q330110,new,Q330110,אברהם יצחק הכהן קוק,acharonei_zmanenu
wikidata:Q6805598,new,Q6805598,אליעזר ניצברג,acharonei_zmanenu
wikidata:Q98098105,new,Q98098105,אלישע מפאנו,acharonei_zmanenu
wikidata:Q5528373,new,Q5528373,גבריאל זאב מרגליות,acharonei_zmanenu
wikidata:Q117878288,new,Q117878288,דוד פאיאנס (רב),acharonei_zmanenu
wikidata:Q730056,new,Q730056,חיים הירשנזון,acharonei_zmanenu
wikidata:Q7212345,new,Q7212345,חנוך צבי הכהן לוין,acharonei_zmanenu
wikidata:Q37999408,new,Q37999408,יהודה יודל רוזנברג,acharonei_zmanenu
wikidata:Q7040315,new,Q7040315,יהודה צבי יבזרוב,acharonei_zmanenu
wikidata:Q6592946,new,Q6592946,יוסף יוסלביץ',acharonei_zmanenu
wikidata:Q113559936,new,Q113559936,יעקב יהודה ורשנר,acharonei_zmanenu
wikidata:Q11777341,new,Q11777341,מנחם מנדל חיים לנדא,acharonei_zmanenu
wikidata:Q64503911,new,Q64503911,מרדכי רפאל חיים הכהן,acharonei_zmanenu
wikidata:Q12235118,new,Q12235118,משה דוד טייטלבוים,acharonei_zmanenu
wikidata:Q6982194,new,Q6982194,נפתלי מנחם הוטנר,acharonei_zmanenu
wikidata:Q4426756,new,Q4426756,נתן מיליקובסקי,acharonei_zmanenu
wikidata:Q7317645,new,Q7317645,ראובן דב דסלר,acharonei_zmanenu
wikidata:Q3419373,new,Q3419373,רפאל אנקווה,acharonei_zmanenu
wikidata:Q134624980,new,Q134624980,רפאל גורדון,acharonei_zmanenu
wikidata:Q7558551,new,Q7558551,שלמה אהרן ורטהיימר,acharonei_zmanenu
wikidata:Q16026181,new,Q16026181,שמואל אהרון גולדשטיין,acharonei_zmanenu
wikidata:Q6854927,new,Q6854927,שמואל אנגל,acharonei_zmanenu
wikidata:Q119618,new,Q119618,שמריהו לוין,acharonei_zmanenu
wikidata:Q6627747,new,Q6627747,אבא דוד גולדפיין,acharonei_zmanenu
wikidata:Q6641529,new,Q6641529,אבא יעקב הכהן בורוכוב,acharonei_zmanenu
wikidata:Q139935930,new,Q139935930,אברהם יצחק בלייווייס,acharonei_zmanenu
wikidata:Q28236675,new,Q28236675,אברהם צבי הירש ברודנא,acharonei_zmanenu
wikidata:Q63184923,new,Q63184923,אהרן בן יוסף הכהן,acharonei_zmanenu
wikidata:Q9252758,new,Q9252758,אלימלך מנחם מנדל לנדא,acharonei_zmanenu
wikidata:Q18069353,new,Q18069353,אליעזר ליפמן קאהן,acharonei_zmanenu
wikidata:Q76298,new,Q76298,אפרים קרליבך,acharonei_zmanenu
wikidata:Q16130477,new,Q16130477,בן ציון אברהם קואינקה,acharonei_zmanenu
wikidata:Q24700967,new,Q24700967,דוד פויכטואנג,acharonei_zmanenu
wikidata:Q16132700,new,Q16132700,חיים צבי אהרנרייך,acharonei_zmanenu
wikidata:Q12407832,new,Q12407832,יהודה לייב חסמן,acharonei_zmanenu
wikidata:Q63508,new,Q63508,יהושע טהון,acharonei_zmanenu
wikidata:Q11728331,new,Q11728331,יוסף קאליש,acharonei_zmanenu
wikidata:Q2910297,new,Q2910297,יוסף רוזין,acharonei_zmanenu
wikidata:Q12408215,new,Q12408215,יעקב שפירא,acharonei_zmanenu
wikidata:Q8052682,new,Q8052682,ירוחם ליבוביץ,acharonei_zmanenu
wikidata:Q7213275,new,Q7213275,ישראל הגר (אהבת ישראל),acharonei_zmanenu
wikidata:Q12351609,excluded (religion),,ליפוט קצ'קמטי,acharonei_zmanenu
wikidata:Q109274009,new,Q109274009,מאיר רבינזון,acharonei_zmanenu
wikidata:Q4140223,new,Q4140223,מנחם מנדל גלוסקין,acharonei_zmanenu
wikidata:Q12236774,new,Q12236774,מנחם נחום פרידמן (בויאן),acharonei_zmanenu
wikidata:Q25490331,new,Q25490331,מרדכי אקלר,acharonei_zmanenu
wikidata:Q12235890,new,Q12235890,מרדכי זוסיא טברסקי,acharonei_zmanenu
wikidata:Q6915931,new,Q6915931,משה זבולון מרגליות,acharonei_zmanenu
wikidata:Q21036176,new,Q21036176,משה שמעון זיוויץ,acharonei_zmanenu
wikidata:Q6574801,new,Q6574801,נחום אש,acharonei_zmanenu
wikidata:Q6840218,new,Q6840218,עזרא הררי רפול,acharonei_zmanenu
wikidata:Q123940824,new,Q123940824,עזרא מרדכי חכם דוד,acharonei_zmanenu
wikidata:Q20827220,new,Q20827220,פינחס במברגר,acharonei_zmanenu
wikidata:Q112084199,new,Q112084199,צמח רבינר,acharonei_zmanenu
wikidata:Q372586,new,Q372586,ריצ'רד גוטהייל,acharonei_zmanenu
wikidata:Q112593939,new,Q112593939,אברהם צבי הירש גרודזנסקי,acharonei_zmanenu
wikidata:Q18761253,new,Q18761253,אברהם רומנו (רב),acharonei_zmanenu
wikidata:Q302135,new,Q302135,אהרן הימן,acharonei_zmanenu
wikidata:Q555516,new,Q555516,הנרי פררה מנדס,acharonei_zmanenu
wikidata:Q2904862,new,Q2904862,חיים אלעזר שפירא,acharonei_zmanenu
wikidata:Q113679407,new,Q113679407,יהודה לייב גרויברט,acharonei_zmanenu
wikidata:Q6288194,new,Q6288194,יוסף שפוצ'ניק,acharonei_zmanenu
wikidata:Q8048810,new,Q8048810,יעקב מאיר זלקינד,acharonei_zmanenu
wikidata:Q38103796,new,Q38103796,יעקב פריימן,acharonei_zmanenu
wikidata:Q25490323,new,Q25490323,יקותיאל אריה קמלהאר,acharonei_zmanenu
wikidata:Q18609039,new,Q18609039,ישראל חיים דייכס,acharonei_zmanenu
wikidata:Q1912514,new,Q1912514,מקס פרוידנטל,acharonei_zmanenu
wikidata:Q9160257,new,Q9160257,אהרון הפנר,acharonei_zmanenu
wikidata:Q6738174,new,Q6738174,אריה לייב הכהן פופקא,acharonei_zmanenu
wikidata:Q12404624,new,Q12404624,בן ציון לויטן,acharonei_zmanenu
wikidata:Q100323819,new,Q100323819,בנימין הכהן שקוביצקי,acharonei_zmanenu
wikidata:Q7056263,new,Q7056263,זרח ראובן ברוורמן,acharonei_zmanenu
wikidata:Q5067797,new,Q5067797,חיים אברהם דב לוין,acharonei_zmanenu
wikidata:Q110612154,new,Q110612154,חיים ישכר גרוס,acharonei_zmanenu
wikidata:Q135652935,new,Q135652935,יוסף ליכטנשטיין,acharonei_zmanenu
wikidata:Q12408403,new,Q12408403,ישראל ניסן קרק,acharonei_zmanenu
wikidata:Q6842432,new,Q6842432,מרדכי בורר,acharonei_zmanenu
wikidata:Q21198364,new,Q21198364,עזרא אלטשולר,acharonei_zmanenu
wikidata:Q2977854,new,Q2977854,קלוד מונטיפיורי,acharonei_zmanenu
wikidata:Q2895440,new,Q2895440,שמריהו יהודה לייב מדליה,acharonei_zmanenu
wikidata:Q12403355,new,Q12403355,אברהם אמינוף,acharonei_zmanenu
wikidata:Q4684071,new,Q4684071,אברהם ביכלר,acharonei_zmanenu
wikidata:Q2910232,new,Q2910232,ברוך בר ליבוביץ,acharonei_zmanenu
wikidata:Q3018222,new,Q3018222,דוד כטורזה,acharonei_zmanenu
wikidata:Q11689885,new,Q11689885,חיים פוזנר,acharonei_zmanenu
wikidata:Q112353271,new,Q112353271,יעיש קריספין,acharonei_zmanenu
wikidata:Q1679613,new,Q1679613,יעקב חיים סופר,acharonei_zmanenu
wikidata:Q2778326,new,Q2778326,יעקב יצחק נימירובר,acharonei_zmanenu
wikidata:Q6119001,new,Q6119001,יעקב מאיר,acharonei_zmanenu
wikidata:Q2899313,new,Q2899313,יצחק זליג מורגנשטרן,acharonei_zmanenu
wikidata:Q3155667,new,Q3155667,ישראל לוי (הרב הראשי לצרפת),acharonei_zmanenu
wikidata:Q106239,new,Q106239,מקס דינמן,acharonei_zmanenu
wikidata:Q93439168,new,Q93439168,משה בונם קרויס,acharonei_zmanenu
wikidata:Q631006,new,Q631006,משה גסטר,acharonei_zmanenu
wikidata:Q1943140,new,Q1943140,משה מרגל,acharonei_zmanenu
wikidata:Q94839898,new,Q94839898,משה שטרן (היסטוריון),acharonei_zmanenu
wikidata:Q3337780,new,Q3337780,נחמיה שמואל ליבוביץ,acharonei_zmanenu
wikidata:Q111983612,new,Q111983612,עזרא עבאדי-שעיו,acharonei_zmanenu
wikidata:Q12410642,new,Q12410642,פסח פרוסקין,acharonei_zmanenu
wikidata:Q6597062,new,Q6597062,שאול משה זילברמן,acharonei_zmanenu
wikidata:Q12411755,new,Q12411755,שלום הלפרין,acharonei_zmanenu
wikidata:Q2778138,new,Q2778138,שמעון שקופ,acharonei_zmanenu
wikidata:Q61125610,new,Q61125610,אבא שאול חדאד,acharonei_zmanenu
wikidata:Q12403354,new,Q12403354,אברהם אלנדאף,acharonei_zmanenu
wikidata:Q43295359,new,Q43295359,אברהם פילוסוף,acharonei_zmanenu
wikidata:Q1111552,new,Q1111552,ארנולד קיש,acharonei_zmanenu
wikidata:Q12404613,new,Q12404613,בן-ציון אלפס,acharonei_zmanenu
wikidata:Q4501423,new,Q4501423,ברוך שטיינברג,acharonei_zmanenu
wikidata:Q2898520,new,Q2898520,דוב רבל,acharonei_zmanenu
wikidata:Q543723,new,Q543723,חיים עוזר גרודזנסקי,acharonei_zmanenu
wikidata:Q6644143,new,Q6644143,יהודה ליב אשר גולאק,acharonei_zmanenu
wikidata:Q16130707,new,Q16130707,יוסף הכהן שוורץ,acharonei_zmanenu
wikidata:Q8046303,new,Q8046303,יעקב יהודה אריה לייב פרנקל,acharonei_zmanenu
wikidata:Q3157568,new,Q3157568,יעקב מאן,acharonei_zmanenu
wikidata:Q106409702,new,Q106409702,מנו לנקה,acharonei_zmanenu
wikidata:Q15983651,new,Q15983651,מנחם שמואל הלוי,acharonei_zmanenu
wikidata:Q11770412,new,Q11770412,מרכוס שטיינר,acharonei_zmanenu
wikidata:Q25975250,new,Q25975250,משה אשקר הכהן,acharonei_zmanenu
wikidata:Q22085063,new,Q22085063,משה ויינברגר,acharonei_zmanenu
wikidata:Q113464797,new,Q113464797,נחמן גדליהו ברודר,acharonei_zmanenu
wikidata:Q6815144,new,Q6815144,סלמאן אליהו,acharonei_zmanenu
wikidata:Q109780531,new,Q109780531,צבי הירש אורליאנסקי,acharonei_zmanenu
wikidata:Q6768314,new,Q6768314,שאול בראך,acharonei_zmanenu
wikidata:Q6883691,new,Q6883691,שמואל קליין,acharonei_zmanenu
wikidata:Q5573938,new,Q5573938,שמעון ברנפלד,acharonei_zmanenu
wikidata:Q330118,new,Q330118,אברהם יעקב מרק,acharonei_zmanenu
wikidata:Q4829433,new,Q4829433,אברהם יצחק בלוך,acharonei_zmanenu
wikidata:Q7017304,new,Q7017304,אברהם צבי קמאי,acharonei_zmanenu
wikidata:Q6041283,new,Q6041283,אהרן לוין,acharonei_zmanenu
wikidata:Q2737824,new,Q2737824,אלחנן וסרמן,acharonei_zmanenu
wikidata:Q18121756,new,Q18121756,אליעזר יהודה רבינוביץ,acharonei_zmanenu
wikidata:Q132704193,new,Q132704193,אפרים מרדכי צוויגנהפט,acharonei_zmanenu
wikidata:Q2908956,new,Q2908956,בן ציון הלברשטאם,acharonei_zmanenu
wikidata:Q4865853,new,Q4865853,ברוך הלוי אפשטיין,acharonei_zmanenu
wikidata:Q12815963,new,Q12815963,ברכיה שיק,acharonei_zmanenu
wikidata:Q16129864,new,Q16129864,דוד אלקיים,acharonei_zmanenu
wikidata:Q12405736,new,Q12405736,דוד רפפורט,acharonei_zmanenu
wikidata:Q20107442,new,Q20107442,דניאל מובשוביץ,acharonei_zmanenu
wikidata:Q5302569,new,Q5302569,חיים דוד ליבוביץ,acharonei_zmanenu
wikidata:Q6606131,new,Q6606131,חיים וולקין (וולוז'ין),acharonei_zmanenu
wikidata:Q5072567,new,Q5072567,חנוך אייגש,acharonei_zmanenu
wikidata:Q12257120,new,Q12257120,טוביה הורוביץ,acharonei_zmanenu
wikidata:Q12407825,new,Q12407825,יהודה ליב דון יחיא,acharonei_zmanenu
wikidata:Q16129503,new,Q16129503,יהודה לייב פיין,acharonei_zmanenu
wikidata:Q1972641,new,Q1972641,יהודה לייב צירלסון,acharonei_zmanenu
wikidata:Q6598339,new,Q6598339,יהושע הכהן קפלן,acharonei_zmanenu
wikidata:Q16130281,new,Q16130281,יונה קרפילוב,acharonei_zmanenu
wikidata:Q18536154,new,Q18536154,יוסף זוסמנוביץ,acharonei_zmanenu
wikidata:Q18084666,new,Q18084666,יחזקאל ברשטין,acharonei_zmanenu
wikidata:Q18120910,new,Q18120910,יחיאל מיכל רבינוביץ,acharonei_zmanenu
wikidata:Q85991903,new,Q85991903,יעקב אבוקארא,acharonei_zmanenu
wikidata:Q8046284,new,Q8046284,יעקב בן ציון מנדלסון,acharonei_zmanenu
wikidata:Q12408179,new,Q12408179,יעקב יחזקיה גרינוולד (ויגד יעקב),acharonei_zmanenu
wikidata:Q122059361,new,Q122059361,יעקב ישראל רבינוביץ,acharonei_zmanenu
wikidata:Q6118997,new,Q6118997,יעקב מאיר בידרמן,acharonei_zmanenu
wikidata:Q6725194,new,Q6725194,יצחק זונדל ריף,acharonei_zmanenu
wikidata:Q107706411,new,Q107706411,מאיר לייפר,acharonei_zmanenu
wikidata:Q18422162,new,Q18422162,מוריץ לוי,acharonei_zmanenu
wikidata:Q7216706,new,Q7216706,מנחם מנדל הגר (וישווה),acharonei_zmanenu
wikidata:Q6676686,new,Q6676686,משה יחיאל אלימלך רבינוביץ מלברטוב,acharonei_zmanenu
wikidata:Q2000494,new,Q2000494,משה סולובייצ'יק (ישיבה יוניברסיטי),acharonei_zmanenu
wikidata:Q6794294,new,Q6794294,משה פרנקפורטר,acharonei_zmanenu
wikidata:Q6667599,new,Q6667599,משה קרליץ,acharonei_zmanenu
wikidata:Q12409626,new,Q12409626,משה רוזנשטיין,acharonei_zmanenu
wikidata:Q1388246,new,Q1388246,משה שור,acharonei_zmanenu
wikidata:Q20796461,new,Q20796461,משה שורין,acharonei_zmanenu
wikidata:Q18038641,new,Q18038641,נחום ברוך גינצבורג,acharonei_zmanenu
wikidata:Q20817373,new,Q20817373,סאלי לוי,acharonei_zmanenu
wikidata:Q2095437,new,Q2095437,פינחס דוד הורוביץ,acharonei_zmanenu
wikidata:Q113378876,new,Q113378876,שלום יצחק לויטן,acharonei_zmanenu
wikidata:Q83306144,new,Q83306144,שלמה זלמן אוסובסקי,acharonei_zmanenu
wikidata:Q6914576,new,Q6914576,שלמה יוסף אליאך,acharonei_zmanenu
wikidata:Q45362306,new,Q45362306,שלמה פיינזילבר,acharonei_zmanenu
wikidata:Q7499635,new,Q7499635,שמואל אלכסנדרוב,acharonei_zmanenu
wikidata:Q6836050,new,Q6836050,שמואל יהודה הירש,acharonei_zmanenu
wikidata:Q9333402,new,Q9333402,שמואל שמלקה קורניצר,acharonei_zmanenu
wikidata:Q12411848,new,Q12411848,שמחה סולובייצ'יק,acharonei_zmanenu
wikidata:Q12411872,new,Q12411872,שמעון רוזובסקי,acharonei_zmanenu
wikidata:Q19749304,new,Q19749304,תנחום גרשון ביליצקי,acharonei_zmanenu
wikidata:Q4828818,new,Q4828818,אביגדור אפטוביצר,acharonei_zmanenu
wikidata:Q4829503,new,Q4829503,אברהם אלישיב,acharonei_zmanenu
wikidata:Q6986372,new,Q6986372,אברהם ויינברג (ראשית בכורים),acharonei_zmanenu
wikidata:Q25498454,new,Q25498454,אברהם רזניק (רב),acharonei_zmanenu
wikidata:Q12403487,new,Q12403487,אהרן וולקין,acharonei_zmanenu
wikidata:Q130448178,new,Q130448178,אהרן רבינוביץ (רב),acharonei_zmanenu
wikidata:Q56487858,new,Q56487858,אליהו פראנסיס,acharonei_zmanenu
wikidata:Q24259019,new,Q24259019,אליעזר סרלואיס,acharonei_zmanenu
wikidata:Q23943457,new,Q23943457,אלתר דוד קורצמן,acharonei_zmanenu
wikidata:Q63958647,new,Q63958647,ארתור וייסקופף,acharonei_zmanenu
wikidata:Q22693378,new,Q22693378,ברטהולד אופנהיים,acharonei_zmanenu
wikidata:Q16116549,new,Q16116549,גאברו שוורץ,acharonei_zmanenu
wikidata:Q82594303,new,Q82594303,דב בריש איינהורן,acharonei_zmanenu
wikidata:Q2896371,new,Q2896371,דוד בורנשטיין,acharonei_zmanenu
wikidata:Q1563818,new,Q1563818,חיים ברודי,acharonei_zmanenu
wikidata:Q55651732,new,Q55651732,חיים יהודה ארנרייך,acharonei_zmanenu
wikidata:Q5067843,new,Q5067843,חיים ישראל אייז,acharonei_zmanenu
wikidata:Q113679373,new,Q113679373,חיים פישל אפשטיין,acharonei_zmanenu
wikidata:Q12407557,new,Q12407557,חנוך גד יוסטמן,acharonei_zmanenu
wikidata:Q25490967,new,Q25490967,יהודה ליב לנדא (יוהנסבורג),acharonei_zmanenu
wikidata:Q8051284,new,Q8051284,יהודה פתיה,acharonei_zmanenu
wikidata:Q16130527,new,Q16130527,יוסף ביגון (רב),acharonei_zmanenu
wikidata:Q96518,new,Q96518,יוסף צבי קרליבך,acharonei_zmanenu
wikidata:Q2893159,new,Q2893159,יעקב בצלאל לויטרבך,acharonei_zmanenu
wikidata:Q18342260,new,Q18342260,יעקב דוד קאליש (השני),acharonei_zmanenu
wikidata:Q7030247,new,Q7030247,יעקב שרגא זינגר,acharonei_zmanenu
wikidata:Q16132027,new,Q16132027,יצחק אלחנן וולקין,acharonei_zmanenu
wikidata:Q58189434,new,Q58189434,יצחק הכהן שלאנג,acharonei_zmanenu
wikidata:Q114457186,new,Q114457186,יצחק וייס (וערבוי),acharonei_zmanenu
wikidata:Q2899239,new,Q2899239,יצחק מנחם מנדל דנציגר,acharonei_zmanenu
wikidata:Q12408268,new,Q12408268,יצחק ניסנבוים,acharonei_zmanenu
wikidata:Q7040917,new,Q7040917,יצחק סמואל (רב),acharonei_zmanenu
wikidata:Q16132835,new,Q16132835,ישראל יוסף לאו,acharonei_zmanenu
wikidata:Q6519064,new,Q6519064,לייב וייסברג,acharonei_zmanenu
wikidata:Q7215234,new,Q7215234,מאיר שלמה יהודה רבינוביץ,acharonei_zmanenu
wikidata:Q1423844,new,Q1423844,מיכאל גוטמן (רב),acharonei_zmanenu
wikidata:Q20502231,new,Q20502231,מנחם אקשטיין,acharonei_zmanenu
wikidata:Q96528,new,Q96528,מנחם אריך קליבנסקי,acharonei_zmanenu
wikidata:Q15900813,new,Q15900813,מנחם בנימין פומרנץ,acharonei_zmanenu
wikidata:Q20609783,new,Q20609783,מנחם מנדל קירשבוים,acharonei_zmanenu
wikidata:Q12409570,new,Q12409570,משה בצלאל אלתר,acharonei_zmanenu
wikidata:Q12409585,new,Q12409585,משה חיים לאו,acharonei_zmanenu
wikidata:Q7218786,new,Q7218786,נחמיה אלתר,acharonei_zmanenu
wikidata:Q117353644,new,Q117353644,נתן נטע לייטר,acharonei_zmanenu
wikidata:Q20031688,new,Q20031688,נתן שפיגלגלס,acharonei_zmanenu
wikidata:Q125399271,new,Q125399271,צבי הירש גליקסון,acharonei_zmanenu
wikidata:Q7013507,new,Q7013507,צבי יחזקאל מיכלסון,acharonei_zmanenu
wikidata:Q7212400,new,Q7212400,שלמה חנוך רבינוביץ,acharonei_zmanenu
wikidata:Q12411811,new,Q12411811,שמואל וינטרוב,acharonei_zmanenu
wikidata:Q18515543,new,Q18515543,שמואל נדלר,acharonei_zmanenu
wikidata:Q55647379,new,Q55647379,שמואל פירר,acharonei_zmanenu
wikidata:Q7499666,new,Q7499666,שמואל שלמה ליינר,acharonei_zmanenu
wikidata:Q7013020,new,Q7013020,שמחה זליג ריגר,acharonei_zmanenu
wikidata:Q15996371,new,Q15996371,שמעון אונגר,acharonei_zmanenu
wikidata:Q6987955,new,Q6987955,שמעון הוברבנד,acharonei_zmanenu
wikidata:Q6626656,new,Q6626656,שפטל קרמר,acharonei_zmanenu
wikidata:Q115475508,new,Q115475508,אברהם דה-וולף,acharonei_zmanenu
wikidata:Q3907143,new,Q3907143,אברהם דוב כהנא שפירא,acharonei_zmanenu
wikidata:Q18729614,new,Q18729614,אברהם צבי פינחס,acharonei_zmanenu
wikidata:Q18711069,new,Q18711069,אברהם שמעון הלוי אנגל-הורוביץ,acharonei_zmanenu
wikidata:Q4720463,new,Q4720463,אלכסנדר זושא פרידמן,acharonei_zmanenu
wikidata:Q4802692,new,Q4802692,אריה צבי פרומר,acharonei_zmanenu
wikidata:Q6578783,new,Q6578783,בן ציון נסים פרדס,acharonei_zmanenu
wikidata:Q28778385,new,Q28778385,דב ברנאט הלר,acharonei_zmanenu
wikidata:Q126169736,new,Q126169736,דוד חדאד,acharonei_zmanenu
wikidata:Q55651737,new,Q55651737,חיים חביב,acharonei_zmanenu
wikidata:Q12407831,new,Q12407831,יהודה לייב אורליאן,acharonei_zmanenu
wikidata:Q28358462,new,Q28358462,יוז'ף בורשודי,acharonei_zmanenu
wikidata:Q6858097,new,Q6858097,יוסף מוהליבר,acharonei_zmanenu
wikidata:Q25498065,new,Q25498065,יועץ קים קדיש ראקאץ,acharonei_zmanenu
wikidata:Q11715127,new,Q11715127,יעקב יצחק דן לנדא,acharonei_zmanenu
wikidata:Q8053897,new,Q8053897,יצחק ברייטר,acharonei_zmanenu
wikidata:Q2361434,new,Q2361434,יצחק מהרשן,acharonei_zmanenu
wikidata:Q65628,new,Q65628,יצחק משה אלבוגן,acharonei_zmanenu
wikidata:Q6910830,new,Q6910830,ישראל עוזרי,acharonei_zmanenu
wikidata:Q13829144,new,Q13829144,מאיר דה הונד,acharonei_zmanenu
wikidata:Q30278217,new,Q30278217,מאיר נחמד,acharonei_zmanenu
wikidata:Q6816386,new,Q6816386,מנחם זמבה,acharonei_zmanenu
wikidata:Q7216658,new,Q7216658,מנחם מנדל אלתר,acharonei_zmanenu
wikidata:Q12237497,new,Q12237497,מנחם מנדל פרידמן,acharonei_zmanenu
wikidata:Q4058826,new,Q4058826,משה אלעזר אייזנשטדט,acharonei_zmanenu
wikidata:Q6991757,new,Q6991757,משה יצחקוף הכהן,acharonei_zmanenu
wikidata:Q16129339,new,Q16129339,משה פרידמן,acharonei_zmanenu
wikidata:Q6963556,new,Q6963556,נתן נחום רבינוביץ,acharonei_zmanenu
wikidata:Q139494090,new,Q139494090,עזריאל זליג נח קושלבסקי,acharonei_zmanenu
wikidata:Q12233970,new,Q12233970,פנחס טברסקי,acharonei_zmanenu
wikidata:Q132158658,new,Q132158658,צבי הירש פרידלינג,acharonei_zmanenu
wikidata:Q55852213,new,Q55852213,צדוק הבשי,acharonei_zmanenu
wikidata:Q2891467,new,Q2891467,קלונימוס קלמיש שפירא,acharonei_zmanenu
wikidata:Q824780,new,Q824780,ריקרדו פצ'יפיצ'י,acharonei_zmanenu
wikidata:Q13649521,new,Q13649521,שלום פרייברגר,acharonei_zmanenu
wikidata:Q16007949,new,Q16007949,שלמה ברוך הלוי פראגר,acharonei_zmanenu
wikidata:Q7222724,new,Q7222724,שלמה דוד יהושע וינברג,acharonei_zmanenu
wikidata:Q118924461,new,Q118924461,שלמה חיים פרלוב (בולחוב),acharonei_zmanenu
wikidata:Q16342168,new,Q16342168,שם קלינברג,acharonei_zmanenu
wikidata:Q6951887,new,Q6951887,אברהם אביכזיר,acharonei_zmanenu
wikidata:Q107689499,new,Q107689499,אברהם ישכר בער איזקסון,acharonei_zmanenu
wikidata:Q29886595,new,Q29886595,אברהם שטרן (רב),acharonei_zmanenu
wikidata:Q360743,new,Q360743,אדולף אלטמן,acharonei_zmanenu
wikidata:Q107509350,new,Q107509350,איזידור גולדברגר,acharonei_zmanenu
wikidata:Q687361,new,Q687361,אליעזר פיש,acharonei_zmanenu
wikidata:Q23649999,new,Q23649999,אריה חיימוביץ',acharonei_zmanenu
wikidata:Q104786708,new,Q104786708,ארמין פלש (רב),acharonei_zmanenu
wikidata:Q1105982,new,Q1105982,ארמין קצ'קמטי,acharonei_zmanenu
wikidata:Q16128828,new,Q16128828,אשר אנשיל כץ,acharonei_zmanenu
wikidata:Q793655,new,Q793655,בלה ברנשטיין,acharonei_zmanenu
wikidata:Q2790633,new,Q2790633,בנימין מנשה לוין,acharonei_zmanenu
wikidata:Q5529642,new,Q5529642,גדליה סילברסטון,acharonei_zmanenu
wikidata:Q28358644,new,Q28358644,דיולה פישר,acharonei_zmanenu
wikidata:Q1003933,new,Q1003933,דנש פרידמן,acharonei_zmanenu
wikidata:Q104554893,new,Q104554893,וילמוש אדלר,acharonei_zmanenu
wikidata:Q105079013,new,Q105079013,זולטאן באנדה,acharonei_zmanenu
wikidata:Q104949668,new,Q104949668,זולטאן ולנשטיין,acharonei_zmanenu
wikidata:Q1228708,new,Q1228708,זיגפריד קליין,acharonei_zmanenu
wikidata:Q7060965,new,Q7060965,חזקיה הכהן רבין,acharonei_zmanenu
wikidata:Q23729146,new,Q23729146,טוביאס יעקובוביץ,acharonei_zmanenu
wikidata:Q7045170,new,Q7045170,יהושע בוקסבוים,acharonei_zmanenu
wikidata:Q59531107,new,Q59531107,יוסף זליקוביץ',acharonei_zmanenu
wikidata:Q2691113,new,Q2691113,יחזקאל דוקקעס,acharonei_zmanenu
wikidata:Q56421735,new,Q56421735,יעקב דהאן,acharonei_zmanenu
wikidata:Q105078964,new,Q105078964,יעקב זילברפלד,acharonei_zmanenu
wikidata:Q6988062,new,Q6988062,יצחק אייזיק וייס,acharonei_zmanenu
wikidata:Q12408287,new,Q12408287,יצחק שמואל אליהו פינקלר,acharonei_zmanenu
wikidata:Q20502833,new,Q20502833,ישעיה קרלינסקי,acharonei_zmanenu
wikidata:Q1968142,new,Q1968142,לוי יצחק שניאורסון,acharonei_zmanenu
wikidata:Q19817931,new,Q19817931,מיקשה פולק,acharonei_zmanenu
wikidata:Q3302312,new,Q3302312,מקס שלזינגר,acharonei_zmanenu
wikidata:Q6793403,new,Q6793403,מרדכי שמואל קרול,acharonei_zmanenu
wikidata:Q16340941,new,Q16340941,משה אבינרי,acharonei_zmanenu
wikidata:Q113355557,new,Q113355557,משה אהרון קרויס,acharonei_zmanenu
wikidata:Q15995995,new,Q15995995,משה סופר (ערלוי),acharonei_zmanenu
wikidata:Q434073,new,Q434073,עמנואל לעף,acharonei_zmanenu
wikidata:Q74766101,new,Q74766101,פאל הירשלר,acharonei_zmanenu
wikidata:Q1160777,new,Q1160777,פרנץ לוי,acharonei_zmanenu
wikidata:Q12233737,new,Q12233737,צבי הירש כהנא,acharonei_zmanenu
wikidata:Q63517,new,Q63517,רגינה יונאס,acharonei_zmanenu
wikidata:Q541034,new,Q541034,שאנדור ביכלר,acharonei_zmanenu
wikidata:Q7222597,new,Q7222597,שלום אליעזר הלברשטאם,acharonei_zmanenu
wikidata:Q2897914,new,Q2897914,שלמה היימן,acharonei_zmanenu
wikidata:Q12411757,new,Q12411757,שלמה זלמן אהרנרייך,acharonei_zmanenu
wikidata:Q137016323,new,Q137016323,שמואל אביגדור דרצ'ינסקי,acharonei_zmanenu
wikidata:Q115274039,new,Q115274039,שמואל בנימין דנציג,acharonei_zmanenu
wikidata:Q5625226,new,Q5625226,שמואל שניאורסון (ניקולייב),acharonei_zmanenu
wikidata:Q2516182,new,Q2516182,שמעון דה פריס,acharonei_zmanenu
wikidata:Q2903634,new,Q2903634,שמעון סופר (התעוררות תשובה),acharonei_zmanenu
wikidata:Q61125343,new,Q61125343,אברהם אביטבול,acharonei_zmanenu
wikidata:Q7017007,new,Q7017007,אברהם שלמה לויסון,acharonei_zmanenu
wikidata:Q107524139,new,Q107524139,אלברט גרין,acharonei_zmanenu
wikidata:Q105094685,new,Q105094685,ארמין שפיגל,acharonei_zmanenu
wikidata:Q96536,new,Q96536,בנו יעקב,acharonei_zmanenu
wikidata:Q6971375,new,Q6971375,יעקב קנטורוביץ (רב),acharonei_zmanenu
wikidata:Q1234479,new,Q1234479,יצחק פייפר,acharonei_zmanenu
wikidata:Q11714647,new,Q11714647,יצחק רובינשטיין,acharonei_zmanenu
wikidata:Q10787546,new,Q10787546,יקותיאל יעקב נויבואר,acharonei_zmanenu
wikidata:Q3323875,new,Q3323875,ישכר שלמה טייכטל,acharonei_zmanenu
wikidata:Q7027719,new,Q7027719,ישעיהו שפירא,acharonei_zmanenu
wikidata:Q7310117,new,Q7310117,משה אביגדור עמיאל,acharonei_zmanenu
wikidata:Q18811841,new,Q18811841,נתן קאסוטו,acharonei_zmanenu
wikidata:Q104923716,new,Q104923716,פאל וידור,acharonei_zmanenu
wikidata:Q3546417,new,Q3546417,צבי הירש הורוביץ (דרזדן),acharonei_zmanenu
wikidata:Q231377,new,Q231377,צבי קורץ,acharonei_zmanenu
wikidata:Q3426366,new,Q3426366,רנה הירשלר,acharonei_zmanenu
wikidata:Q7487315,new,Q7487315,שלום הדאיה,acharonei_zmanenu
wikidata:Q7053224,new,Q7053224,שלמה גולדמן,acharonei_zmanenu
wikidata:Q7499599,new,Q7499599,שלמה נתן קוטלר,acharonei_zmanenu
wikidata:Q2898967,new,Q2898967,שמואל דוד אונגר,acharonei_zmanenu
wikidata:Q2507681,new,Q2507681,שמעון דסברג,acharonei_zmanenu
wikidata:Q12762598,new,Q12762598,אברהם אבא (ארמין) פרידר,acharonei_zmanenu
wikidata:Q118186116,new,Q118186116,אהרן בוטבול,acharonei_zmanenu
wikidata:Q6042158,new,Q6042158,אליעזר הגר (דמשק אליעזר),acharonei_zmanenu
wikidata:Q6782938,new,Q6782938,אליעזר מאיר ליפשיץ,acharonei_zmanenu
wikidata:Q6600659,new,Q6600659,"דוד בהר""ן",acharonei_zmanenu
wikidata:Q104384119,new,Q104384119,חיים מרדכי רולר,acharonei_zmanenu
wikidata:Q42038235,new,Q42038235,יהודה הכהן מסלתון טראב,acharonei_zmanenu
wikidata:Q549535,new,Q549535,יוסף צבי הרץ,acharonei_zmanenu
wikidata:Q216566,new,Q216566,יצחק ברויאר,acharonei_zmanenu
wikidata:Q50609147,new,Q50609147,מכלוף עידאן,acharonei_zmanenu
wikidata:Q140338595,new,Q140338595,מנחם מנדל אקשטיין,acharonei_zmanenu
wikidata:Q7217505,new,Q7217505,משה בלוי,acharonei_zmanenu
wikidata:Q12411870,new,Q12411870,שמעון צבי הורוביץ,acharonei_zmanenu
wikidata:Q1220428,new,Q1220428,אברהם יצחק ניבל,acharonei_zmanenu
wikidata:Q18121719,new,Q18121719,אברהם לייב זילברמן,acharonei_zmanenu
wikidata:Q2899306,new,Q2899306,אהרן ראטה,acharonei_zmanenu
wikidata:Q16338464,new,Q16338464,אליהו אהרן מילייקובסקי,acharonei_zmanenu
wikidata:Q3057208,new,Q3057208,ארנסט וייל,acharonei_zmanenu
wikidata:Q106602287,new,Q106602287,בן ציון אברהם שפירא,acharonei_zmanenu
wikidata:Q6890663,new,Q6890663,גטה ירמיהו,acharonei_zmanenu
wikidata:Q16855470,new,Q16855470,חיים בלעיש,acharonei_zmanenu
wikidata:Q18121749,new,Q18121749,יהושע צימבליסט,acharonei_zmanenu
wikidata:Q7217537,new,Q7217537,משה יהודה לייב פרידמן,acharonei_zmanenu
wikidata:Q7011154,new,Q7011154,פתחיה מנקין,acharonei_zmanenu
wikidata:Q110892164,new,Q110892164,צבי הירש גרודזנסקי,acharonei_zmanenu
wikidata:Q20502888,new,Q20502888,צבי שטיינמן,acharonei_zmanenu
wikidata:Q138662818,new,Q138662818,רפאל יצחק חיים,acharonei_zmanenu
wikidata:Q7222113,new,Q7222113,שאול ידידיה אלעזר טאוב,acharonei_zmanenu
wikidata:Q12411529,new,Q12411529,שבתאי ג'אין,acharonei_zmanenu
wikidata:Q12403375,new,Q12403375,אברהם חיים פריימן,acharonei_zmanenu
wikidata:Q2623065,new,Q2623065,אברהם מרדכי אלתר,acharonei_zmanenu
wikidata:Q16129783,new,Q16129783,אהרן זאב אשכולי,acharonei_zmanenu
wikidata:Q5992865,new,Q5992865,איגנץ ציגלר,acharonei_zmanenu
wikidata:Q28722338,new,Q28722338,ארמין פריש,acharonei_zmanenu
wikidata:Q20502017,new,Q20502017,דוד הכהן סקלי,acharonei_zmanenu
wikidata:Q5067840,new,Q5067840,חיים יצחק בלוך,acharonei_zmanenu
wikidata:Q1710862,excluded (description: רפורמי),,יהודה לייב מאגנס,acharonei_zmanenu
wikidata:Q6717760,new,Q6717760,יוסף מדמוני,acharonei_zmanenu
wikidata:Q8055904,new,Q8055904,יוסף צבי דושינסקי,acharonei_zmanenu
wikidata:Q29033738,new,Q29033738,יוסף שאול אלישר,acharonei_zmanenu
wikidata:Q6261986,new,Q6261986,יצחק אביגדור אורנשטיין,acharonei_zmanenu
wikidata:Q6970275,new,Q6970275,יצחק אונא,acharonei_zmanenu
wikidata:Q7213308,new,Q7213308,ישראל פרידמן (הוסיאטין),acharonei_zmanenu
wikidata:Q65006958,new,Q65006958,משומר נסים,acharonei_zmanenu
wikidata:Q2896207,new,Q2896207,ריי פרנק,acharonei_zmanenu
wikidata:Q749349,new,Q749349,שמואל קרויס,acharonei_zmanenu
wikidata:Q12411878,new,Q12411878,שמשון אהרן פולונסקי,acharonei_zmanenu
wikidata:Q2903825,new,Q2903825,שרגא פייבל מנדלוביץ',acharonei_zmanenu
wikidata:Q19749296,new,Q19749296,אליהו דושניצר,acharonei_zmanenu
wikidata:Q6778596,new,Q6778596,גדליה משה גולדמן,acharonei_zmanenu
wikidata:Q104527379,new,Q104527379,חיים חג'בי,acharonei_zmanenu
wikidata:Q12407464,new,Q12407464,חיים טשרנוביץ,acharonei_zmanenu
wikidata:Q55650006,new,Q55650006,יוסף בוכריץ,acharonei_zmanenu
wikidata:Q6604205,new,Q6604205,יוסף חיים שרים,acharonei_zmanenu
wikidata:Q12408092,new,Q12408092,יחיאל מיכל שלזינגר,acharonei_zmanenu
wikidata:Q141593802,new,Q141593802,יצחק ביטון,acharonei_zmanenu
wikidata:Q7052824,new,Q7052824,ירוחם פישל יהושע ברנשטיין,acharonei_zmanenu
wikidata:Q592433,new,Q592433,מאיר בר-אילן,acharonei_zmanenu
wikidata:Q18121736,new,Q18121736,מאיר סטולביץ,acharonei_zmanenu
wikidata:Q105076664,new,Q105076664,מור פנייש,acharonei_zmanenu
wikidata:Q118925855,new,Q118925855,מיכאל ברור,acharonei_zmanenu
wikidata:Q2907162,new,Q2907162,מרדכי רוקח,acharonei_zmanenu
wikidata:Q25489897,new,Q25489897,מרדכי שורנשטיין,acharonei_zmanenu
wikidata:Q1636973,excluded (religion),,סטיבן שמואל וייז,acharonei_zmanenu
wikidata:Q43295367,new,Q43295367,עובדיה שאקי,acharonei_zmanenu
wikidata:Q16130210,new,Q16130210,שלמה מלכה,acharonei_zmanenu
wikidata:Q12411799,new,Q12411799,שמואל בנימין בכר,acharonei_zmanenu
wikidata:Q126374771,new,Q126374771,אהרון טייטלבוים (רב ופעיל ציוני),acharonei_zmanenu
wikidata:Q677637,new,Q677637,אהרן קמינקא,acharonei_zmanenu
wikidata:Q966359,new,Q966359,יוסף יצחק שניאורסון,acharonei_zmanenu
wikidata:Q6447676,new,Q6447676,יצחק אלגאזי (פייטן),acharonei_zmanenu
wikidata:Q75333,new,Q75333,יצחק יוליוס גוטמן,acharonei_zmanenu
wikidata:Q2904983,new,Q2904983,כלפון משה הכהן,acharonei_zmanenu
wikidata:Q1809506,new,Q1809506,לזרוס גולדשמידט,acharonei_zmanenu
wikidata:Q131448390,new,Q131448390,מיכאל ירמיה,acharonei_zmanenu
wikidata:Q3858100,excluded (religion),,מילטון שטיינברג,acharonei_zmanenu
wikidata:Q3323840,new,Q3323840,מרדכי פוגרמנסקי,acharonei_zmanenu
wikidata:Q6934462,new,Q6934462,משה חסקין,acharonei_zmanenu
wikidata:Q6577994,new,Q6577994,צבי יהודה אדלשטיין,acharonei_zmanenu
wikidata:Q1025426,excluded (description: רפורמי),,צזר זליגמן,acharonei_zmanenu
wikidata:Q2895518,new,Q2895518,שמעון יעקב גליקסברג,acharonei_zmanenu
wikidata:Q133283551,new,Q133283551,אברהם אסא,acharonei_zmanenu
wikidata:Q1122994,new,Q1122994,אדן קלמן,acharonei_zmanenu
wikidata:Q28807163,new,Q28807163,בן ציון חזן,acharonei_zmanenu
wikidata:Q28792283,new,Q28792283,בן-ציון אייזנשטט,acharonei_zmanenu
wikidata:Q12407990,new,Q12407990,יוסף גרשון הורביץ,acharonei_zmanenu
wikidata:Q15303124,new,Q15303124,"יעקב משה חרל""פ",acharonei_zmanenu
wikidata:Q30525840,new,Q30525840,יצחק מכמל,acharonei_zmanenu
wikidata:Q12408279,new,Q12408279,יצחק קוסובסקי,acharonei_zmanenu
wikidata:Q25491572,new,Q25491572,ישראל סולובייצ'יק,acharonei_zmanenu
wikidata:Q1947397,new,Q1947397,מרדכי אהרנפרייז,acharonei_zmanenu
wikidata:Q1616413,new,Q1616413,משה דוד קאסוטו,acharonei_zmanenu
wikidata:Q108036040,new,Q108036040,משה צארום,acharonei_zmanenu
wikidata:Q2060878,new,Q2060878,פנחס לצרוס,acharonei_zmanenu
wikidata:Q6664713,new,Q6664713,בנימין מובשוביץ,acharonei_zmanenu
wikidata:Q16339075,new,Q16339075,דב מעייני,acharonei_zmanenu
wikidata:Q5719649,new,Q5719649,הנרי כהן (רב),acharonei_zmanenu
wikidata:Q6775578,new,Q6775578,זליג שכנוביץ,acharonei_zmanenu
wikidata:Q12339485,new,Q12339485,טוביה לוונשטיין,acharonei_zmanenu
wikidata:Q29512727,new,Q29512727,יעקב ישראל זובר,acharonei_zmanenu
wikidata:Q7213161,new,Q7213161,יצחק אייזיק שר,acharonei_zmanenu
wikidata:Q12408253,new,Q12408253,יצחק טריואקס,acharonei_zmanenu
wikidata:Q18121732,new,Q18121732,יצחק מרעלי,acharonei_zmanenu
wikidata:Q113355566,new,Q113355566,מנחם פולק,acharonei_zmanenu
wikidata:Q6890221,new,Q6890221,עמרם קורח,acharonei_zmanenu
wikidata:Q91789669,new,Q91789669,פרנץ הבשי,acharonei_zmanenu
wikidata:Q2904066,new,Q2904066,אברהם דויטש,acharonei_zmanenu
wikidata:Q543442,new,Q543442,אברהם ישעיהו קרליץ,acharonei_zmanenu
wikidata:Q2393836,new,Q2393836,איסר זלמן מלצר,acharonei_zmanenu
wikidata:Q1331113,new,Q1331113,אליהו אליעזר דסלר,acharonei_zmanenu
wikidata:Q12071865,new,Q12071865,בן-ציון מאיר חי עוזיאל,acharonei_zmanenu
wikidata:Q5762989,new,Q5762989,הלל פוסק,acharonei_zmanenu
wikidata:Q2899235,new,Q2899235,זליג ראובן בנגיס,acharonei_zmanenu
wikidata:Q108845763,new,Q108845763,חנניה חביב אזולאי,acharonei_zmanenu
wikidata:Q7005609,new,Q7005609,יעקב קלמס,acharonei_zmanenu
wikidata:Q387826,excluded (description: הקונסרבטיבית),,לוי גינצבורג,acharonei_zmanenu
wikidata:Q57260899,new,Q57260899,צבי הירש דכוביץ,acharonei_zmanenu
wikidata:Q30012653,new,Q30012653,שלמה דוד כהנא,acharonei_zmanenu
wikidata:Q7494059,new,Q7494059,שם טוב גאגין,acharonei_zmanenu
wikidata:Q7499671,new,Q7499671,שמואל יצחק הילמן,acharonei_zmanenu
wikidata:Q1444408,new,Q1444408,שמחה אסף,acharonei_zmanenu
wikidata:Q4829394,new,Q4829394,אברהם חיים נאה,acharonei_zmanenu
wikidata:Q6793073,new,Q6793073,אברהם יצחק גרשונוביץ,acharonei_zmanenu
wikidata:Q214279,new,Q214279,הרמן שרייבר,acharonei_zmanenu
wikidata:Q1059225,new,Q1059225,חיים יהודה לייב אוירבך,acharonei_zmanenu
wikidata:Q212589,new,Q212589,יהודה לייב הלוי אשלג,acharonei_zmanenu
wikidata:Q6262887,new,Q6262887,מאיר אשכנזי,acharonei_zmanenu
wikidata:Q18121751,new,Q18121751,מרדכי סנדר קופשטיין,acharonei_zmanenu
wikidata:Q20502924,new,Q20502924,משה שניידר,acharonei_zmanenu
wikidata:Q12410125,new,Q12410125,סעיד עוזרי,acharonei_zmanenu
wikidata:Q56421719,new,Q56421719,ציון ביתאן,acharonei_zmanenu
wikidata:Q7003159,new,Q7003159,שמואל שמעון בן-ציון,acharonei_zmanenu
wikidata:Q7496996,new,Q7496996,שמעון שלום קאליש,acharonei_zmanenu
wikidata:Q4669197,new,Q4669197,אברהם שטרנהרץ,acharonei_zmanenu
wikidata:Q6625559,new,Q6625559,אליהו מאיר בלוך,acharonei_zmanenu
wikidata:Q6755112,new,Q6755112,אפרים כהן,acharonei_zmanenu
wikidata:Q15431441,new,Q15431441,ברנרד גרונר,acharonei_zmanenu
wikidata:Q3017487,new,Q3017487,דוד בן-בארון,acharonei_zmanenu
wikidata:Q18145504,new,Q18145504,דוד פלדמן,acharonei_zmanenu
wikidata:Q12407400,new,Q12407400,חזקיה שבתי,acharonei_zmanenu
wikidata:Q12408087,new,Q12408087,יחיאל מיכל טוקצינסקי,acharonei_zmanenu
wikidata:Q6526956,new,Q6526956,יקותיאל יהודה גרינוולד,acharonei_zmanenu
wikidata:Q6828189,new,Q6828189,מאיר קרליץ,acharonei_zmanenu
wikidata:Q19840562,new,Q19840562,משה שמעון פסח,acharonei_zmanenu
wikidata:Q113375974,new,Q113375974,צבי דב אייזנר,acharonei_zmanenu
wikidata:Q28058790,new,Q28058790,שלמה צימבליסט,acharonei_zmanenu
wikidata:Q95286955,new,Q95286955,אלפרד גייגר מוזס,acharonei_zmanenu
wikidata:Q6637695,new,Q6637695,אשר ניסן לויטן,acharonei_zmanenu
wikidata:Q18203777,new,Q18203777,דוד צבאח,acharonei_zmanenu
wikidata:Q977354,new,Q977354,זאב גולד,acharonei_zmanenu
wikidata:Q28470461,new,Q28470461,יוסף אוחיון (רב),acharonei_zmanenu
wikidata:Q6576881,new,Q6576881,יוסף הכהן יהונתן,acharonei_zmanenu
wikidata:Q43295393,new,Q43295393,יעקב ברוך,acharonei_zmanenu
wikidata:Q12408175,new,Q12408175,יעקב חנוך סנקביץ',acharonei_zmanenu
wikidata:Q113355495,new,Q113355495,יעקב מסקין,acharonei_zmanenu
wikidata:Q12408204,new,Q12408204,"יעקב פרידמן (אדמו""ר)",acharonei_zmanenu
wikidata:Q18559554,new,Q18559554,ירחמיאל אליהו בוצ'קו,acharonei_zmanenu
wikidata:Q16132715,new,Q16132715,ישעיהו רפאלוביץ,acharonei_zmanenu
wikidata:Q583103,excluded (religion),,ישראל אנטון צולי,acharonei_zmanenu
wikidata:Q130783704,new,Q130783704,ישראל רוזנברג,acharonei_zmanenu
wikidata:Q704954,new,Q704954,ליאו בק,acharonei_zmanenu
wikidata:Q55649203,new,Q55649203,עזרא שושני,acharonei_zmanenu
wikidata:Q113679549,new,Q113679549,רפאל הצרפתי,acharonei_zmanenu
wikidata:Q107100347,new,Q107100347,שלמה משיח (רב),acharonei_zmanenu
wikidata:Q6693043,new,Q6693043,שמואל הלל שינקר,acharonei_zmanenu
wikidata:Q4669239,new,Q4669239,אברהם חן,acharonei_zmanenu
wikidata:Q2827408,new,Q2827408,אהרן רוקח,acharonei_zmanenu
wikidata:Q7044356,new,Q7044356,אשר זאב ורנר,acharonei_zmanenu
wikidata:Q1660234,new,Q1660234,חיים חורי,acharonei_zmanenu
wikidata:Q2261293,new,Q2261293,חיים מיכאל דב ויסמנדל,acharonei_zmanenu
wikidata:Q216542,new,Q216542,יצחק היינמן,acharonei_zmanenu
wikidata:Q122026807,new,Q122026807,משה חי אהרוני,acharonei_zmanenu
wikidata:Q12409625,new,Q12409625,משה רוזין,acharonei_zmanenu
wikidata:Q2895590,new,Q2895590,סידי פרג' חלימי,acharonei_zmanenu
wikidata:Q2894538,new,Q2894538,שלמה שליפר,acharonei_zmanenu
wikidata:Q7052952,new,Q7052952,שמואל גריינימן,acharonei_zmanenu
wikidata:Q18101345,new,Q18101345,שמחה במברגר (שטוטגרט),acharonei_zmanenu
wikidata:Q2901431,new,Q2901431,אברהם-חיים שאג,acharonei_zmanenu
wikidata:Q6745072,new,Q6745072,היינריך אלפרין,acharonei_zmanenu
wikidata:Q2893262,new,Q2893262,יונתן שטייף,acharonei_zmanenu
wikidata:Q108394104,new,Q108394104,יחיא גיאת,acharonei_zmanenu
wikidata:Q28605890,new,Q28605890,מימון בן-עטר,acharonei_zmanenu
wikidata:Q6938030,new,Q6938030,מרדכי ליפסון,acharonei_zmanenu
wikidata:Q111272889,new,Q111272889,משה אייזנבט,acharonei_zmanenu
wikidata:Q24819120,new,Q24819120,משה איררה,acharonei_zmanenu
wikidata:Q6916159,new,Q6916159,משה שצקס,acharonei_zmanenu
wikidata:Q6810387,new,Q6810387,נחום מאיר קרליץ,acharonei_zmanenu
wikidata:Q3470060,new,Q3470060,סלומון פוליאקוב,acharonei_zmanenu
wikidata:Q7307082,new,Q7307082,ראובן גרוזובסקי,acharonei_zmanenu
wikidata:Q2895494,new,Q2895494,שלום מוסקוביץ',acharonei_zmanenu
wikidata:Q7064751,new,Q7064751,שלמה זלמן קלוניצקי (קליין),acharonei_zmanenu
wikidata:Q118143588,new,Q118143588,שלמה פרידמן,acharonei_zmanenu
wikidata:Q20799063,new,Q20799063,שמואל גדליה ניימן,acharonei_zmanenu
wikidata:Q21570447,new,Q21570447,אליהו ראם,acharonei_zmanenu
wikidata:Q6790373,new,Q6790373,יעקב נאכט,acharonei_zmanenu
wikidata:Q1391502,new,Q1391502,יצחק אייזיק הלוי הרצוג,acharonei_zmanenu
wikidata:Q1981562,new,Q1981562,יצחק זאב הלוי סולובייצ'יק,acharonei_zmanenu
wikidata:Q30527360,new,Q30527360,נתן פרג'ון,acharonei_zmanenu
wikidata:Q19841969,new,Q19841969,עקיבא סופר,acharonei_zmanenu
wikidata:Q6763013,new,Q6763013,רחמים חי חויתה הכהן,acharonei_zmanenu
wikidata:Q21570429,new,Q21570429,שמואל וילנסקי,acharonei_zmanenu
wikidata:Q111671586,new,Q111671586,שמעון שלמה שלזינגר,acharonei_zmanenu
wikidata:Q1166103,new,Q1166103,ארנה מרטון,acharonei_zmanenu
wikidata:Q12407455,new,Q12407455,חיים הלר,acharonei_zmanenu
wikidata:Q12407466,new,Q12407466,חיים יהושע קוסובסקי,acharonei_zmanenu
wikidata:Q2160858,new,Q2160858,חיים נחום אפנדי,acharonei_zmanenu
wikidata:Q56421718,new,Q56421718,יוסף ג'יעאן,acharonei_zmanenu
wikidata:Q8055910,new,Q8055910,יוסף צבי הלוי,acharonei_zmanenu
wikidata:Q8055907,new,Q8055907,יוסף שלוש,acharonei_zmanenu
wikidata:Q2906690,new,Q2906690,יעקב משה טולידאנו,acharonei_zmanenu
wikidata:Q3859681,new,Q3859681,מנחם הכהן ריזיקוב,acharonei_zmanenu
wikidata:Q29883913,new,Q29883913,מנשה שהרבני,acharonei_zmanenu
wikidata:Q15999525,new,Q15999525,מרדכי צבי אורבך,acharonei_zmanenu
wikidata:Q29770192,new,Q29770192,משה בנימין טומשוב,acharonei_zmanenu
wikidata:Q6982615,new,Q6982615,מתתיהו שציגל,acharonei_zmanenu
wikidata:Q244525,new,Q244525,צבי פסח פרנק,acharonei_zmanenu
wikidata:Q2126942,new,Q2126942,רפאל סבאן,acharonei_zmanenu
wikidata:Q16130120,new,Q16130120,שלמה בלזר,acharonei_zmanenu
wikidata:Q26242243,new,Q26242243,שמואל למברגר,acharonei_zmanenu
wikidata:Q3569653,new,Q3569653,אברהם יעקב פרידמן (השני),acharonei_zmanenu
wikidata:Q5360769,new,Q5360769,אליעזר פופקו,acharonei_zmanenu
wikidata:Q15664229,new,Q15664229,אפרים זלמן הלפרין,acharonei_zmanenu
wikidata:Q6755592,new,Q6755592,יוסף בן נאים,acharonei_zmanenu
wikidata:Q12408039,new,Q12408039,יוסף שמן,acharonei_zmanenu
wikidata:Q6903955,new,Q6903955,יצחק גרשטנקורן,acharonei_zmanenu
wikidata:Q6957181,new,Q6957181,נחמן שלמה גרינשפאן,acharonei_zmanenu
wikidata:Q6667495,new,Q6667495,סלימון ברזאני,acharonei_zmanenu
wikidata:Q6731490,new,Q6731490,צדקה חוצין,acharonei_zmanenu
wikidata:Q20502644,new,Q20502644,אברהם משה פינגרהוט,acharonei_zmanenu
wikidata:Q2920505,new,Q2920505,אהרן קוטלר,acharonei_zmanenu
wikidata:Q24847274,new,Q24847274,אליהו מרדכי ולקובסקי,acharonei_zmanenu
wikidata:Q26722411,new,Q26722411,אפרים שמואל לרנר,acharonei_zmanenu
wikidata:Q4802681,new,Q4802681,אריה לייב מאלין,acharonei_zmanenu
wikidata:Q4890778,new,Q4890778,בן ציון ידלר,acharonei_zmanenu
wikidata:Q12405746,new,Q12405746,דוד שפרבר (רב),acharonei_zmanenu
wikidata:Q6593946,new,Q6593946,חיים חובארה,acharonei_zmanenu
wikidata:Q83544185,new,Q83544185,יהודה ליב אבידע,acharonei_zmanenu
wikidata:Q2382713,new,Q2382713,יהודה לייב פישמן מימון,acharonei_zmanenu
wikidata:Q18121710,new,Q18121710,יוסף גנאסיא,acharonei_zmanenu
wikidata:Q6080922,new,Q6080922,יחזקאל (איזידור) אפשטיין,acharonei_zmanenu
wikidata:Q7023380,new,Q7023380,יחיא בן המו,acharonei_zmanenu
wikidata:Q6776978,new,Q6776978,יצחק נח,acharonei_zmanenu
wikidata:Q116769681,new,Q116769681,מסעוד חזן,acharonei_zmanenu
wikidata:Q1365144,new,Q1365144,מרדכי נורוק,acharonei_zmanenu
wikidata:Q113355554,new,Q113355554,משה שמשון וסרמן,acharonei_zmanenu
wikidata:Q7217676,new,Q7217676,משולם ראטה,acharonei_zmanenu
wikidata:Q42453997,new,Q42453997,עקיבא ברוך פוזנר,acharonei_zmanenu
wikidata:Q18555623,new,Q18555623,שלמה זלקינד לנדרס,acharonei_zmanenu
wikidata:Q101438258,new,Q101438258,שמואל מרציאנו,acharonei_zmanenu
wikidata:Q4663644,new,Q4663644,אבא הלל סילבר,acharonei_zmanenu
wikidata:Q27020189,new,Q27020189,אליהו שלמה ליס,acharonei_zmanenu
wikidata:Q6962420,new,Q6962420,ברוך הגר (מקור ברוך),acharonei_zmanenu
wikidata:Q18192038,new,Q18192038,יהודה סולודוחה,acharonei_zmanenu
wikidata:Q6931235,new,Q6931235,יעקב עדס,acharonei_zmanenu
wikidata:Q133868884,new,Q133868884,לוי גרוסמן,acharonei_zmanenu
wikidata:Q106725502,new,Q106725502,"מרדכי יהודה ליב זק""ש",acharonei_zmanenu
wikidata:Q7022074,new,Q7022074,ראובן כץ,acharonei_zmanenu
wikidata:Q9333369,new,Q9333369,שמואל ברוט,acharonei_zmanenu
wikidata:Q113652686,new,Q113652686,אברהם חכם,acharonei_zmanenu
wikidata:Q4829410,new,Q4829410,אברהם קלמנוביץ,acharonei_zmanenu
wikidata:Q12404313,new,Q12404313,אשר חננאל,acharonei_zmanenu
wikidata:Q21570418,new,Q21570418,חיים יחיאל מיכל ביק,acharonei_zmanenu
wikidata:Q5067817,new,Q5067817,חיים מרדכי קאטץ,acharonei_zmanenu
wikidata:Q21570440,new,Q21570440,חייקל מילצקי,acharonei_zmanenu
wikidata:Q107657072,new,Q107657072,יחיאל מרדכי גורדון,acharonei_zmanenu
wikidata:Q107737470,new,Q107737470,ירוחם ליינר,acharonei_zmanenu
wikidata:Q118916974,new,Q118916974,ישראל אלפנביין,acharonei_zmanenu
wikidata:Q6677416,new,Q6677416,משה לייב שחור,acharonei_zmanenu
wikidata:Q65006952,new,Q65006952,שמואל מאיר הולנדר,acharonei_zmanenu
wikidata:Q6831341,new,Q6831341,אליה שמואל הרטום,acharonei_zmanenu
wikidata:Q5360785,new,Q5360785,אליעזר יהודה פינקל,acharonei_zmanenu
wikidata:Q108382168,new,Q108382168,אלתר מאיר,acharonei_zmanenu
wikidata:Q2903887,new,Q2903887,דב בריש ויידנפלד,acharonei_zmanenu
wikidata:Q18121717,new,Q18121717,דוד הכהן יהונתן,acharonei_zmanenu
wikidata:Q3015717,new,Q3015717,דנטה לאטס,acharonei_zmanenu
wikidata:Q30526753,new,Q30526753,חיים שאול ברוק,acharonei_zmanenu
wikidata:Q5072564,new,Q5072564,חנוך הניך בורנשטיין,acharonei_zmanenu
wikidata:Q8053904,new,Q8053904,יצחק אייזיק קרסילשציקוב,acharonei_zmanenu
wikidata:Q12408306,new,Q12408306,ירוחם ורהפטיג,acharonei_zmanenu
wikidata:Q16340277,new,Q16340277,כמוס נחאיסי,acharonei_zmanenu
wikidata:Q1648882,new,Q1648882,מרטין ריזנבורגר,acharonei_zmanenu
wikidata:Q115912618,new,Q115912618,סלים זעפראני,acharonei_zmanenu
wikidata:Q111263518,new,Q111263518,פנחס טבול,acharonei_zmanenu
wikidata:Q86005567,new,Q86005567,אברהם אלימלך שפירא,acharonei_zmanenu
wikidata:Q11024861,new,Q11024861,"אברהם משה באב""ד",acharonei_zmanenu
wikidata:Q6990955,new,Q6990955,בנימין דה-פריס,acharonei_zmanenu
wikidata:Q8065533,new,Q8065533,זלמן סורוצקין,acharonei_zmanenu
wikidata:Q12407458,new,Q12407458,"חיים זבולון חרל""פ",acharonei_zmanenu
wikidata:Q16130549,new,Q16130549,יוסף בלומנפלד,acharonei_zmanenu
wikidata:Q8055897,new,Q8055897,יוסף לייפר (פיטסבורג),acharonei_zmanenu
wikidata:Q214136,new,Q214136,יחיאל יעקב וינברג,acharonei_zmanenu
wikidata:Q6689709,new,Q6689709,יעקב אלמולי,acharonei_zmanenu
wikidata:Q111802630,new,Q111802630,ישראל אלעזר הופשטיין,acharonei_zmanenu
wikidata:Q113011585,new,Q113011585,משה דוד גרוס,acharonei_zmanenu
wikidata:Q43295441,new,Q43295441,משה דריהם,acharonei_zmanenu
wikidata:Q6920683,new,Q6920683,משה יעקב רביקוב,acharonei_zmanenu
wikidata:Q1768063,new,Q1768063,עמרם אבורביע,acharonei_zmanenu
wikidata:Q7862013,new,Q7862013,צבי הירש פרבר,acharonei_zmanenu
wikidata:Q12132926,new,Q12132926,אלימלך גבריאל טרס,acharonei_zmanenu
wikidata:Q4798009,new,Q4798009,ארתור בירם,acharonei_zmanenu
wikidata:Q20502846,new,Q20502846,דב מאיר רובמן,acharonei_zmanenu
wikidata:Q16005813,new,Q16005813,הרטוויג נפתלי קרליבך,acharonei_zmanenu
wikidata:Q2776482,new,Q2776482,יעקב אביגדור,acharonei_zmanenu
wikidata:Q41570455,new,Q41570455,ישראל גולדפרב,acharonei_zmanenu
wikidata:Q117317262,new,Q117317262,שאול קוסובסקי שחור,acharonei_zmanenu
wikidata:Q12411826,new,Q12411826,שמואל קלמן מירסקי,acharonei_zmanenu
wikidata:Q2917947,new,Q2917947,אליעזר סילבר,acharonei_zmanenu
wikidata:Q16133173,new,Q16133173,אפרים סוקולובר,acharonei_zmanenu
wikidata:Q12258191,new,Q12258191,דוד צבי שנייבאלג,acharonei_zmanenu
wikidata:Q12408077,new,Q12408077,יחיא עבאהל,acharonei_zmanenu
wikidata:Q4453240,new,Q4453240,יעקב יוסף טברסקי,acharonei_zmanenu
wikidata:Q6262453,new,Q6262453,ישראל זיסל דבורץ,acharonei_zmanenu
wikidata:Q6745835,new,Q6745835,מאיר שוורצמן,acharonei_zmanenu
wikidata:Q16132703,new,Q16132703,מנחם מנשה,acharonei_zmanenu
wikidata:Q1649541,new,Q1649541,מר שושני,acharonei_zmanenu
wikidata:Q6984731,new,Q6984731,מרדכי מרגליות,acharonei_zmanenu
wikidata:Q12409618,new,Q12409618,משה צבי סגל,acharonei_zmanenu
wikidata:Q28605855,new,Q28605855,פינחס וולף,acharonei_zmanenu
wikidata:Q21570450,new,Q21570450,שלמה שוסטר,acharonei_zmanenu
wikidata:Q113378874,new,Q113378874,שמחה הלוי,acharonei_zmanenu
wikidata:Q114958803,new,Q114958803,אברהם אפרים רוזינג,acharonei_zmanenu
wikidata:Q4802688,new,Q4802688,אריה לוין,acharonei_zmanenu
wikidata:Q29914051,new,Q29914051,ברוך טולידאנו,acharonei_zmanenu
wikidata:Q42041216,new,Q42041216,דוד משה רוזנבוים,acharonei_zmanenu
wikidata:Q28605828,new,Q28605828,דוד ציון לניאדו,acharonei_zmanenu
wikidata:Q18121711,new,Q18121711,חיים חייקל גרינברג,acharonei_zmanenu
wikidata:Q4095794,new,Q4095794,יהודה צבי ברנדויין (מקובל),acharonei_zmanenu
wikidata:Q7212794,new,Q7212794,יהושע גרינוולד,acharonei_zmanenu
wikidata:Q98213798,new,Q98213798,יהושע הירשהורן,acharonei_zmanenu
wikidata:Q12407943,new,Q12407943,יונה שטנצל,acharonei_zmanenu
wikidata:Q2907349,new,Q2907349,יוסף שלמה כהנמן,acharonei_zmanenu
wikidata:Q8051044,new,Q8051044,יחזקאל סרנא,acharonei_zmanenu
wikidata:Q6826450,new,Q6826450,מאיר וכסמן,acharonei_zmanenu
wikidata:Q13577363,new,Q13577363,מנחם שלמה בורנשטיין,acharonei_zmanenu
wikidata:Q16133458,new,Q16133458,מרדכי סגרון,acharonei_zmanenu
wikidata:Q6758332,new,Q6758332,מרכוס מלכיאור,acharonei_zmanenu
wikidata:Q28074793,new,Q28074793,נחום לסמן,acharonei_zmanenu
wikidata:Q3959357,new,Q3959357,עובדיה הדאיה,acharonei_zmanenu
wikidata:Q7064185,new,Q7064185,פנחס אפשטיין,acharonei_zmanenu
wikidata:Q20502910,new,Q20502910,שאול מקיקץ שלי,acharonei_zmanenu
wikidata:Q7223005,new,Q7223005,שמעון ישראל פוזן,acharonei_zmanenu
wikidata:Q9352627,new,Q9352627,שמעון פדרבוש,acharonei_zmanenu
wikidata:Q4669230,new,Q4669230,אברהם ווייס,acharonei_zmanenu
wikidata:Q6823668,new,Q6823668,אברהם יפה'ן,acharonei_zmanenu
wikidata:Q793059,new,Q793059,אימרה בנושופסקי,acharonei_zmanenu
wikidata:Q5368448,new,Q5368448,אליהו לופיאן,acharonei_zmanenu
wikidata:Q2899767,new,Q2899767,אליעזר שטיינמן,acharonei_zmanenu
wikidata:Q5241478,new,Q5241478,דוד די סולה פול,acharonei_zmanenu
wikidata:Q61125655,new,Q61125655,חיים יששכר אבולעפיה,acharonei_zmanenu
wikidata:Q13569735,new,Q13569735,חיים שמשון (הרברט) גולדשטיין,acharonei_zmanenu
wikidata:Q7811629,new,Q7811629,טוביה גפן,acharonei_zmanenu
wikidata:Q6968088,new,Q6968088,יהושע זליג דיסקין,acharonei_zmanenu
wikidata:Q12408228,new,Q12408228,יצחק אביחצירא,acharonei_zmanenu
wikidata:Q21616236,new,Q21616236,ישראל חיים קפלן,acharonei_zmanenu
wikidata:Q18810125,new,Q18810125,מקסימיליאן דרכסלר,acharonei_zmanenu
wikidata:Q20502507,new,Q20502507,ניסן טלושקין,acharonei_zmanenu
wikidata:Q385416,new,Q385416,עזרא עטייה,acharonei_zmanenu
wikidata:Q1267648,new,Q1267648,ריכרד פדר,acharonei_zmanenu
wikidata:Q7047154,new,Q7047154,רפאל ברוך טולידאנו,acharonei_zmanenu
wikidata:Q108035712,new,Q108035712,רצ'א צארום,acharonei_zmanenu
wikidata:Q111983585,new,Q111983585,שאול מטלוב עבאדי,acharonei_zmanenu
wikidata:Q68147831,new,Q68147831,אברהם שדמי,acharonei_zmanenu
wikidata:Q27972300,new,Q27972300,בן ציון כהן יהונתן,acharonei_zmanenu
wikidata:Q16339124,new,Q16339124,דוד יונגרייז,acharonei_zmanenu
wikidata:Q21570432,new,Q21570432,חיים אהרן טורצ'ין,acharonei_zmanenu
wikidata:Q31198138,new,Q31198138,חיים שלמה עראקי,acharonei_zmanenu
wikidata:Q4256459,new,Q4256459,יהודה לייב לוין (רב),acharonei_zmanenu
wikidata:Q12408021,new,Q12408021,יוסף נפתלי שטרן,acharonei_zmanenu
wikidata:Q7044402,new,Q7044402,יעקב שכטר,acharonei_zmanenu
wikidata:Q2907909,new,Q2907909,יצחק מאיר לוין,acharonei_zmanenu
wikidata:Q29854127,new,Q29854127,ישראל איסר שפירא (תל אביב),acharonei_zmanenu
wikidata:Q2906644,new,Q2906644,ישראל שלמה בן-מאיר,acharonei_zmanenu
wikidata:Q6777300,new,Q6777300,מצליח מאזוז,acharonei_zmanenu
wikidata:Q6909678,new,Q6909678,מרדכי שלמה פרידמן,acharonei_zmanenu
wikidata:Q7217554,new,Q7217554,משה יחיאל הלוי אפשטיין,acharonei_zmanenu
wikidata:Q355780,new,Q355780,נלסון גליק,acharonei_zmanenu
wikidata:Q6902846,new,Q6902846,נפתלי יעקב הכהן,acharonei_zmanenu
wikidata:Q2907494,new,Q2907494,ראובן מרגליות,acharonei_zmanenu
wikidata:Q7044905,new,Q7044905,שלמה קוק,acharonei_zmanenu
wikidata:Q6904546,new,Q6904546,שמחה בונם אורבאך,acharonei_zmanenu
wikidata:Q215833,new,Q215833,אברהם יהושע השל,acharonei_zmanenu
wikidata:Q6850231,new,Q6850231,אליהו פרדס,acharonei_zmanenu
wikidata:Q4865860,new,Q4865860,ברוך קורצווייל,acharonei_zmanenu
wikidata:Q2910274,new,Q2910274,דוד כהן (הנזיר),acharonei_zmanenu
wikidata:Q7212268,new,Q7212268,חיים מאיר הגר,acharonei_zmanenu
wikidata:Q214216,new,Q214216,חנוך אלבק,acharonei_zmanenu
wikidata:Q463391,new,Q463391,יעקב הרצוג,acharonei_zmanenu
wikidata:Q111671506,new,Q111671506,יצחק שמואל עמנואל,acharonei_zmanenu
wikidata:Q6607877,new,Q6607877,ישראל בארי,acharonei_zmanenu
wikidata:Q12408751,new,Q12408751,מאיר אברהם הלוי,acharonei_zmanenu
wikidata:Q118912995,new,Q118912995,מאיר שצ'רנסקי,acharonei_zmanenu
wikidata:Q6633903,new,Q6633903,מרדכי פרום,acharonei_zmanenu
wikidata:Q117353640,new,Q117353640,מתתיהו יחזקאל גוטמן,acharonei_zmanenu
wikidata:Q20502331,new,Q20502331,נסים כדורי חזן,acharonei_zmanenu
wikidata:Q65250210,new,Q65250210,נסים נדבו הכהן,acharonei_zmanenu
wikidata:Q6998066,new,Q6998066,רפאל קצנלנבוגן,acharonei_zmanenu
wikidata:Q6692207,new,Q6692207,שלום נתן רענן,acharonei_zmanenu
wikidata:Q6714197,new,Q6714197,שלמה חיים פרידמן,acharonei_zmanenu
wikidata:Q113169271,new,Q113169271,שמואל ברליאנט,acharonei_zmanenu
wikidata:Q94652618,new,Q94652618,שמואל הורביץ (ברסלב),acharonei_zmanenu
wikidata:Q2900920,new,Q2900920,אברהם יהודה גולדראט,acharonei_zmanenu
wikidata:Q29360092,new,Q29360092,אברהם לובנוב,acharonei_zmanenu
wikidata:Q6587377,new,Q6587377,אברהם רפופורט,acharonei_zmanenu
wikidata:Q12260267,new,Q12260267,איתמר רוזנבוים,acharonei_zmanenu
wikidata:Q816401,new,Q816401,בן-ציון דינור,acharonei_zmanenu
wikidata:Q5583465,excluded (description: רפורמי),,גודמן ליפקינד,acharonei_zmanenu
wikidata:Q1059214,new,Q1059214,חיים בלוך,acharonei_zmanenu
wikidata:Q1517574,new,Q1517574,יוסף אליהו הנקין,acharonei_zmanenu
wikidata:Q55109181,new,Q55109181,ישראל ולץ,acharonei_zmanenu
wikidata:Q6660942,new,Q6660942,סלמן חוגי עבודי,acharonei_zmanenu
wikidata:Q7064698,new,Q7064698,צבי גוטמן,acharonei_zmanenu
wikidata:Q12411724,excluded (description: קונסרבטיבי),,שלום צבי דוידוביץ,acharonei_zmanenu
wikidata:Q6805783,new,Q6805783,דוד אוקס,acharonei_zmanenu
wikidata:Q20107438,new,Q20107438,הלל ויטקינד,acharonei_zmanenu
wikidata:Q118925991,new,Q118925991,זאב וולף לייטר,acharonei_zmanenu
wikidata:Q19894805,new,Q19894805,חיים דוויק,acharonei_zmanenu
wikidata:Q6550106,new,Q6550106,יוסף אשכנזי,acharonei_zmanenu
wikidata:Q12408015,new,Q12408015,יוסף משאש,acharonei_zmanenu
wikidata:Q8051042,new,Q8051042,יחזקאל לוינשטיין,acharonei_zmanenu
wikidata:Q12408163,new,Q12408163,יעקב ברמן,acharonei_zmanenu
wikidata:Q113355569,new,Q113355569,יצחק אלמליח (תלמסאן),acharonei_zmanenu
wikidata:Q12408232,new,Q12408232,יצחק אריאלי,acharonei_zmanenu
wikidata:Q7047333,new,Q7047333,ישראל פורת,acharonei_zmanenu
wikidata:Q30527437,new,Q30527437,מיכאל חי זירקיוף,acharonei_zmanenu
wikidata:Q12409274,new,Q12409274,מנחם גילוץ,acharonei_zmanenu
wikidata:Q6816576,new,Q6816576,מנחם מנדל זקס,acharonei_zmanenu
wikidata:Q86006308,new,Q86006308,מרדכי אמייס הכהן,acharonei_zmanenu
wikidata:Q55649855,new,Q55649855,ניסים הכהן (שרשרת),acharonei_zmanenu
wikidata:Q6918598,new,Q6918598,סלמאן מוצפי,acharonei_zmanenu
wikidata:Q2904171,new,Q2904171,עמרם בלוי,acharonei_zmanenu
wikidata:Q12410817,new,Q12410817,צבי הירש מייזליש,acharonei_zmanenu
wikidata:Q16131811,new,Q16131811,צבי יעקב אבראהאם,acharonei_zmanenu
wikidata:Q19975484,new,Q19975484,צבי יעקב צימלס,acharonei_zmanenu
wikidata:Q70681986,new,Q70681986,שלום אביחצירא,acharonei_zmanenu
wikidata:Q30318756,new,Q30318756,אברהם יצחק ברומברג,acharonei_zmanenu
wikidata:Q118926490,new,Q118926490,אשר רוזנבוים,acharonei_zmanenu
wikidata:Q80972647,new,Q80972647,טיבור שר,acharonei_zmanenu
wikidata:Q21098695,new,Q21098695,יעקב משה לסין,acharonei_zmanenu
wikidata:Q56088204,new,Q56088204,נחום שמריהו ששונקין,acharonei_zmanenu
wikidata:Q6865224,new,Q6865224,ראובן אהרונוביץ',acharonei_zmanenu
wikidata:Q500484,new,Q500484,איסר יהודה אונטרמן,acharonei_zmanenu
wikidata:Q2889642,new,Q2889642,אליהו כי טוב,acharonei_zmanenu
wikidata:Q108599952,new,Q108599952,ארתור גייר,acharonei_zmanenu
wikidata:Q12407460,new,Q12407460,חיים זאב הירשברג,acharonei_zmanenu
wikidata:Q6973368,new,Q6973368,יהושע מנחם אהרנברג,acharonei_zmanenu
wikidata:Q7026208,new,Q7026208,יוסף משה שכטר,acharonei_zmanenu
wikidata:Q2905227,new,Q2905227,יחזקאל אברמסקי,acharonei_zmanenu
wikidata:Q18387789,new,Q18387789,ירחמיאל יהודה מאיר קאליש,acharonei_zmanenu
wikidata:Q20502517,new,Q20502517,מרדכי יעקב ברייש,acharonei_zmanenu
wikidata:Q6966217,new,Q6966217,משה אוירבך,acharonei_zmanenu
wikidata:Q3324790,new,Q3324790,משה יצחק גווירצמן,acharonei_zmanenu
wikidata:Q26258152,new,Q26258152,נפתלי צבי יהודה ריף,acharonei_zmanenu
wikidata:Q40235428,new,Q40235428,סיני אוקו,acharonei_zmanenu
wikidata:Q2776704,new,Q2776704,פינחס קהתי,acharonei_zmanenu
wikidata:Q113204943,new,Q113204943,שושן הכהן,acharonei_zmanenu
wikidata:Q1804960,new,Q1804960,שלמה רילף,acharonei_zmanenu
wikidata:Q7410895,new,Q7410895,שמואל בלקין,acharonei_zmanenu
wikidata:Q2299275,new,Q2299275,שניאור זלמן צייטלין,acharonei_zmanenu
wikidata:Q3056989,new,Q3056989,ארנסט גוגנהיים,acharonei_zmanenu
wikidata:Q20992653,new,Q20992653,יהודה רובינשטיין (ביבליוגרף),acharonei_zmanenu
wikidata:Q7042228,new,Q7042228,יוסף אדלר,acharonei_zmanenu
wikidata:Q107281592,new,Q107281592,יחיאל יהודה איזקסון,acharonei_zmanenu
wikidata:Q6843886,new,Q6843886,יצחק הוברמן,acharonei_zmanenu
wikidata:Q12254765,new,Q12254765,יצחק הורוביץ (מעליץ),acharonei_zmanenu
wikidata:Q557711,new,Q557711,ישראל אלתר,acharonei_zmanenu
wikidata:Q111983003,new,Q111983003,שלמה הכהן זאגורי,acharonei_zmanenu
wikidata:Q6765120,new,Q6765120,שמואל הומינר (רב),acharonei_zmanenu
wikidata:Q18121718,new,Q18121718,אברהם ורנר,acharonei_zmanenu
wikidata:Q6923209,new,Q6923209,אהרן שויקה,acharonei_zmanenu
wikidata:Q94783734,new,Q94783734,אליהו מונק,acharonei_zmanenu
wikidata:Q6953184,new,Q6953184,בנימין קוסובסקי,acharonei_zmanenu
wikidata:Q50356841,new,Q50356841,חיים מרדכי רוזנבוים,acharonei_zmanenu
wikidata:Q6668282,new,Q6668282,יהודה אריה לייב לוין,acharonei_zmanenu
wikidata:Q12407992,new,Q12407992,יוסף היינימן,acharonei_zmanenu
wikidata:Q12256559,new,Q12256559,יוסף מאיר כהנא,acharonei_zmanenu
wikidata:Q20434579,new,Q20434579,יצחק אלקלעי,acharonei_zmanenu
wikidata:Q7058880,new,Q7058880,מרדכי עטיה,acharonei_zmanenu
wikidata:Q16340919,new,Q16340919,משה ונטורה,acharonei_zmanenu
wikidata:Q21592510,new,Q21592510,קאפל כהנא,acharonei_zmanenu
wikidata:Q2909366,new,Q2909366,שלמה יוסף זוין,acharonei_zmanenu
wikidata:Q5360772,new,Q5360772,אליעזר שמשון רוזנטל,acharonei_zmanenu
wikidata:Q12404655,new,Q12404655,בנימין מנדלזון,acharonei_zmanenu
wikidata:Q4865873,new,Q4865873,ברוך סורוצקין,acharonei_zmanenu
wikidata:Q5529640,new,Q5529640,גדליה שור,acharonei_zmanenu
wikidata:Q16129552,new,Q16129552,"דב כ""ץ",acharonei_zmanenu
wikidata:Q5219153,new,Q5219153,דניאל ציון,acharonei_zmanenu
wikidata:Q2899295,new,Q2899295,חיים שמואלביץ,acharonei_zmanenu
wikidata:Q661697,new,Q661697,יואל טייטלבוים,acharonei_zmanenu
wikidata:Q19810744,new,Q19810744,יוסף אברהם וולף,acharonei_zmanenu
wikidata:Q6285016,new,Q6285016,יוסף חיים לוקשטיין,acharonei_zmanenu
wikidata:Q12256243,new,Q12256243,יעקב אריה טברסקי,acharonei_zmanenu
wikidata:Q2917983,new,Q2917983,ישראל ברודי,acharonei_zmanenu
wikidata:Q7026768,new,Q7026768,כתריאל פישל טכורש,acharonei_zmanenu
wikidata:Q12409629,new,Q12409629,משה שוואב,acharonei_zmanenu
wikidata:Q7040202,new,Q7040202,שמואל אהרן יודלביץ,acharonei_zmanenu
wikidata:Q16130381,new,Q16130381,שמואל דוד וולקין,acharonei_zmanenu
wikidata:Q6800834,new,Q6800834,שמואל קיפניס,acharonei_zmanenu
wikidata:Q2897862,new,Q2897862,שמואל רוזובסקי,acharonei_zmanenu
wikidata:Q16129174,new,Q16129174,אברהם מנחם,acharonei_zmanenu
wikidata:Q6694091,new,Q6694091,אברהם סילברט,acharonei_zmanenu
wikidata:Q5529643,new,Q5529643,גדליהו אהרן קניג,acharonei_zmanenu
wikidata:Q3017893,new,Q3017893,דוד פיירוורקר,acharonei_zmanenu
wikidata:Q18536153,new,Q18536153,דוד שמואל לוינגר,acharonei_zmanenu
wikidata:Q18603737,new,Q18603737,הלל ברוקנטל,acharonei_zmanenu
wikidata:Q7045622,new,Q7045622,טיבור רוזנבאום,acharonei_zmanenu
wikidata:Q6608672,new,Q6608672,יונה מרצבך,acharonei_zmanenu
wikidata:Q3184666,new,Q3184666,יוסף ברויאר,acharonei_zmanenu
wikidata:Q20502380,new,Q20502380,יוסף סוסו הכהן,acharonei_zmanenu
wikidata:Q6773697,new,Q6773697,יצחק ברזאני,acharonei_zmanenu
wikidata:Q2903515,new,Q2903515,יצחק הוטנר,acharonei_zmanenu
wikidata:Q6077170,new,Q6077170,יצחק סטולמן,acharonei_zmanenu
wikidata:Q18603221,new,Q18603221,יצחק שטרנהל,acharonei_zmanenu
wikidata:Q70681717,new,Q70681717,לוי יצחק גרינוולד,acharonei_zmanenu
wikidata:Q55651748,new,Q55651748,מכלוף אבוחצירא,acharonei_zmanenu
wikidata:Q41943329,new,Q41943329,מקיקץ ישראל חדאד,acharonei_zmanenu
wikidata:Q6794912,new,Q6794912,מקס קדושין,acharonei_zmanenu
wikidata:Q122819128,new,Q122819128,עזרא הדאיה,acharonei_zmanenu
wikidata:Q12411185,new,Q12411185,ראובן פלדשוה,acharonei_zmanenu
wikidata:Q16009257,new,Q16009257,שמואל ארנפלד (הנכד),acharonei_zmanenu
wikidata:Q975577,new,Q975577,שניאור זלמן שניאורסון (פריז),acharonei_zmanenu
wikidata:Q16338378,new,Q16338378,אברהם וינברג (השלישי),acharonei_zmanenu
wikidata:Q18228519,new,Q18228519,ברוך אברהם טולידאנו,acharonei_zmanenu
wikidata:Q108692601,new,Q108692601,יהודה מנחם אלפונסו פצ'יפיצ'י,acharonei_zmanenu
wikidata:Q4891242,new,Q4891242,יוסף דוב הלוי סולובייצ'יק (ירושלים),acharonei_zmanenu
wikidata:Q8053925,new,Q8053925,יצחק נסים,acharonei_zmanenu
wikidata:Q107711172,new,Q107711172,ישכר בער רוזנבוים,acharonei_zmanenu
wikidata:Q12408379,new,Q12408379,ישראל אפרת (פרופסור),acharonei_zmanenu
wikidata:Q6774509,new,Q6774509,מרתה נוימרק,acharonei_zmanenu
wikidata:Q30527098,new,Q30527098,עלואן שמעון אבידני,acharonei_zmanenu
wikidata:Q105613084,new,Q105613084,שמואל ברודני,acharonei_zmanenu
wikidata:Q55649655,new,Q55649655,שמעון מימון,acharonei_zmanenu
wikidata:Q6756596,new,Q6756596,אברהם סופר (רב),acharonei_zmanenu
wikidata:Q20008649,new,Q20008649,אליהו חזן (ראש ישיבה),acharonei_zmanenu
wikidata:Q4785438,new,Q4785438,אליעזר זוסיא פורטוגל,acharonei_zmanenu
wikidata:Q6519059,new,Q6519059,אריה זאב גורביץ,acharonei_zmanenu
wikidata:Q6905451,new,Q6905451,בצלאל ז'ולטי,acharonei_zmanenu
wikidata:Q1058986,excluded (religion),,חיים גראדה,acharonei_zmanenu
wikidata:Q2894664,new,Q2894664,חיים דוב שעוועל,acharonei_zmanenu
wikidata:Q4058767,new,Q4058767,יחיאל יהושע רבינוביץ,acharonei_zmanenu
wikidata:Q19634012,new,Q19634012,יצחק בונין,acharonei_zmanenu
wikidata:Q8052680,new,Q8052680,ירוחם גורליק,acharonei_zmanenu
wikidata:Q38227037,new,Q38227037,ישכר תמר,acharonei_zmanenu
wikidata:Q12409509,new,Q12409509,מרדכי שולמן,acharonei_zmanenu
wikidata:Q16129131,new,Q16129131,משה יאיר וינשטוק,acharonei_zmanenu
wikidata:Q2704231,new,Q2704231,צבי יהודה הכהן קוק,acharonei_zmanenu
wikidata:Q118912938,new,Q118912938,קלמן אליעזר פרנקל,acharonei_zmanenu
wikidata:Q111363128,new,Q111363128,שאול פתיה,acharonei_zmanenu
wikidata:Q12411765,new,Q12411765,שלמה מאזוז,acharonei_zmanenu
wikidata:Q41957713,new,Q41957713,שלמה קצין,acharonei_zmanenu
wikidata:Q63094,new,Q63094,שניאור קוטלר,acharonei_zmanenu
wikidata:Q138764339,new,Q138764339,אריה ליב רביץ,acharonei_zmanenu
wikidata:Q711917,new,Q711917,אריה קפלן,acharonei_zmanenu
wikidata:Q5393394,new,Q5393394,ארנסט קליין,acharonei_zmanenu
wikidata:Q111465865,new,Q111465865,דוד אשכנזי (רב),acharonei_zmanenu
wikidata:Q12405707,new,Q12405707,דוד חיים,acharonei_zmanenu
wikidata:Q68987659,new,Q68987659,זאב וולף גוטליב,acharonei_zmanenu
wikidata:Q122841135,new,Q122841135,יוסף בבליקי,acharonei_zmanenu
wikidata:Q6924012,new,Q6924012,יעקב מוצפי,acharonei_zmanenu
wikidata:Q16712033,new,Q16712033,יעקב פישמן,acharonei_zmanenu
wikidata:Q8343357,new,Q8343357,מאיר אבוחצירא,acharonei_zmanenu
wikidata:Q4970644,new,Q4970644,מנחם מנדל כשר,acharonei_zmanenu
wikidata:Q555541,excluded (religion),,מרדכי קפלן,acharonei_zmanenu
wikidata:Q6909679,new,Q6909679,מרדכי שרעבי,acharonei_zmanenu
wikidata:Q2908897,new,Q2908897,שאול ליברמן,acharonei_zmanenu
wikidata:Q7037435,new,Q7037435,שלמה בנימין הלוי אשלג,acharonei_zmanenu
wikidata:Q114457189,new,Q114457189,שמואל היבנר,acharonei_zmanenu
wikidata:Q1032524,new,Q1032524,אישטוואן האן,acharonei_zmanenu
wikidata:Q797542,new,Q797542,באבא סאלי,acharonei_zmanenu
wikidata:Q12407441,new,Q12407441,חיים אלתר פנט,acharonei_zmanenu
wikidata:Q7212938,new,Q7212938,יוסף גרינוולד,acharonei_zmanenu
wikidata:Q12408080,new,Q12408080,יחיאל אריה מונק,acharonei_zmanenu
wikidata:Q4892929,new,Q4892929,יששכר דב ברגמן,acharonei_zmanenu
wikidata:Q6687446,new,Q6687446,לואיס יצחק רבינוביץ,acharonei_zmanenu
wikidata:Q6963141,new,Q6963141,מאיר אלק,acharonei_zmanenu
wikidata:Q43295766,new,Q43295766,מאיר יונה (רב),acharonei_zmanenu
wikidata:Q12409504,new,Q12409504,מרדכי פוגלמן,acharonei_zmanenu
wikidata:Q118913665,new,Q118913665,משה לייטר,acharonei_zmanenu
wikidata:Q4412754,new,Q4412754,משה צבי סגל (לוחם מחתרת),acharonei_zmanenu
wikidata:Q12409632,new,Q12409632,משה שלמה כשר,acharonei_zmanenu
wikidata:Q2896541,new,Q2896541,ניסן נמנוב,acharonei_zmanenu
wikidata:Q108541649,new,Q108541649,שלום רדאעי,acharonei_zmanenu
wikidata:Q379069,new,Q379069,שלמה שונפלד,acharonei_zmanenu
wikidata:Q7222823,new,Q7222823,שמואל אליהו טאוב,acharonei_zmanenu
wikidata:Q457211,new,Q457211,אלכסנדר שייבר,acharonei_zmanenu
wikidata:Q12407893,new,Q12407893,יואל קלופט,acharonei_zmanenu
wikidata:Q377575,new,Q377575,יעקב ישראל קניבסקי,acharonei_zmanenu
wikidata:Q23019324,new,Q23019324,יצחק מאיר השיל (מז'יבוז'-חיפה),acharonei_zmanenu
wikidata:Q1255123,excluded (description: נאולוגי),,לאסלו שלגו,acharonei_zmanenu
wikidata:Q109682314,new,Q109682314,נפתלי הירצקא העניג,acharonei_zmanenu
wikidata:Q118927110,new,Q118927110,צגייר עשוש,acharonei_zmanenu
wikidata:Q3417556,new,Q3417556,רחמים נאהורי,acharonei_zmanenu
wikidata:Q118914124,new,Q118914124,אליהו אזולאי,acharonei_zmanenu
wikidata:Q7066605,new,Q7066605,יחזקאל טאוב,acharonei_zmanenu
wikidata:Q6118322,excluded (description: הקונסרבטיבית),,יעקב אגוס,acharonei_zmanenu
wikidata:Q12408164,new,Q12408164,יעקב גולדמן (רב בתי הסוהר),acharonei_zmanenu
wikidata:Q6261925,new,Q6261925,יעקב לנדא,acharonei_zmanenu
wikidata:Q2920204,new,Q2920204,יעקב קמנצקי,acharonei_zmanenu
wikidata:Q116483171,new,Q116483171,יצחק אלבוים,acharonei_zmanenu
wikidata:Q12408255,new,Q12408255,יצחק ידידיה פרנקל,acharonei_zmanenu
wikidata:Q6086954,new,Q6086954,ישראל גולדשטיין,acharonei_zmanenu
wikidata:Q1391598,new,Q1391598,משה פיינשטיין,acharonei_zmanenu
wikidata:Q12409814,new,Q12409814,נחום פרצוביץ,acharonei_zmanenu
wikidata:Q7041139,new,Q7041139,ניסן אלפרט,acharonei_zmanenu
wikidata:Q6979763,new,Q6979763,שלמה טנא,acharonei_zmanenu
wikidata:Q96377427,new,Q96377427,אברהם אלטלף,acharonei_zmanenu
wikidata:Q79017,new,Q79017,אלכסנדר אלטמן,acharonei_zmanenu
wikidata:Q650151,new,Q650151,יעקב טאובס,acharonei_zmanenu
wikidata:Q8046308,new,Q8046308,יעקב יצחק רודרמן,acharonei_zmanenu
wikidata:Q6859530,new,Q6859530,יעקב לסלוי,acharonei_zmanenu
wikidata:Q6523908,new,Q6523908,לאו יונג,acharonei_zmanenu
wikidata:Q12409601,new,Q12409601,משה מרדכי בידרמן,acharonei_zmanenu
wikidata:Q1457834,new,Q1457834,אנדרה נהר,acharonei_zmanenu
wikidata:Q6259092,new,Q6259092,אפרים אליעזר יולס,acharonei_zmanenu
wikidata:Q21984569,new,Q21984569,בצלאל שטרן (רב),acharonei_zmanenu
wikidata:Q6847182,new,Q6847182,יהודה קומלוש,acharonei_zmanenu
wikidata:Q77828,new,Q77828,יואכים פרינץ,acharonei_zmanenu
wikidata:Q16128849,new,Q16128849,משה אביגדור שולוואס,acharonei_zmanenu
wikidata:Q12409590,new,Q12409590,משה טיקוצ'ינסקי,acharonei_zmanenu
wikidata:Q136849456,new,Q136849456,נסים בן יצחק הלוי,acharonei_zmanenu
wikidata:Q7459226,new,Q7459226,סימור סיגל,acharonei_zmanenu
wikidata:Q7014545,new,Q7014545,שמעון אפרתי,acharonei_zmanenu
wikidata:Q88313,new,Q88313,בנימין מורמלשטיין,acharonei_zmanenu
wikidata:Q16131231,new,Q16131231,זבולון גרז,acharonei_zmanenu
wikidata:Q12407461,new,Q12407461,חיים זייצ'יק,acharonei_zmanenu
wikidata:Q11218312,new,Q11218312,יהודה הורוביץ (דז'יקוב),acharonei_zmanenu
wikidata:Q2910310,new,Q2910310,יצחק יעקב וייס,acharonei_zmanenu
wikidata:Q12238422,new,Q12238422,ישראל שפירא (בלאז'וב),acharonei_zmanenu
wikidata:Q2904215,new,Q2904215,לוי יצחק בנדר,acharonei_zmanenu
wikidata:Q12408755,new,Q12408755,מאיר חדש,acharonei_zmanenu
wikidata:Q2909985,new,Q2909985,משה אונא,acharonei_zmanenu
wikidata:Q2897939,excluded (description: רפורמית),,פאולה אקרמן,acharonei_zmanenu
wikidata:Q7194909,new,Q7194909,פינחס פלאי,acharonei_zmanenu
wikidata:Q25497340,new,Q25497340,שבתי שמואלי,acharonei_zmanenu
wikidata:Q953507,new,Q953507,שלום בארון,acharonei_zmanenu
wikidata:Q123939041,new,Q123939041,שמואל דביר,acharonei_zmanenu
wikidata:Q4829391,new,Q4829391,אברהם אבא לייפר,acharonei_zmanenu
wikidata:Q12403373,new,Q12403373,אברהם זיידה הלר,acharonei_zmanenu
wikidata:Q4914572,new,Q4914572,בנימין ביינוש פינקל,acharonei_zmanenu
wikidata:Q2901999,new,Q2901999,דוד דנינו,acharonei_zmanenu
wikidata:Q2947629,new,Q2947629,חיים יעקב רוטנברג,acharonei_zmanenu
wikidata:Q12407864,new,Q12407864,יהושע דייטש,acharonei_zmanenu
wikidata:Q2336569,new,Q2336569,יעקב גיל (ליפשיץ),acharonei_zmanenu
wikidata:Q28470482,new,Q28470482,יצחק חזן,acharonei_zmanenu
wikidata:Q30904667,new,Q30904667,יצחק שחיבר,acharonei_zmanenu
wikidata:Q247538,new,Q247538,מאיר כהנא,acharonei_zmanenu
wikidata:Q124247151,new,Q124247151,משה צבי אריה ביק,acharonei_zmanenu
wikidata:Q3327066,new,Q3327066,משה קסורלה,acharonei_zmanenu
wikidata:Q2901619,new,Q2901619,ראובן פלדמן,acharonei_zmanenu
wikidata:Q7558600,excluded (description: רפורמי),,שלמה פריהוף,acharonei_zmanenu
wikidata:Q16130389,new,Q16130389,שמואל דיקמן,acharonei_zmanenu
wikidata:Q2900373,new,Q2900373,שמחה פרידמן,acharonei_zmanenu
wikidata:Q111095219,new,Q111095219,שמשון רפאל וייס,acharonei_zmanenu
wikidata:Q2903240,new,Q2903240,אליעזר אריה פינקלשטין,acharonei_zmanenu
wikidata:Q658735,new,Q658735,אפרים אלימלך אורבך,acharonei_zmanenu
wikidata:Q809632,new,Q809632,ברוך שלום הלוי אשלג,acharonei_zmanenu
wikidata:Q958122,excluded (religion),,גרשון כהן,acharonei_zmanenu
wikidata:Q20501934,new,Q20501934,דוד אבן כליפא,acharonei_zmanenu
wikidata:Q8051309,new,Q8051309,יהודה צדקה,acharonei_zmanenu
wikidata:Q7057415,new,Q7057415,יעקב מלמד-כהן,acharonei_zmanenu
wikidata:Q24850891,new,Q24850891,יעקב שריבום,acharonei_zmanenu
wikidata:Q12408265,new,Q12408265,"יצחק מאיר חרל""פ",acharonei_zmanenu
wikidata:Q12408393,new,Q12408393,ישראל זאב גוסטמן,acharonei_zmanenu
wikidata:Q12409503,new,Q12409503,מרדכי סוויצקי,acharonei_zmanenu
wikidata:Q19012322,new,Q19012322,משה הרשלר,acharonei_zmanenu
wikidata:Q2778053,new,Q2778053,קלמן כהנא,acharonei_zmanenu
wikidata:Q2821817,new,Q2821817,אברהם דויטש (רב צרפתי),acharonei_zmanenu
wikidata:Q6600933,new,Q6600933,אהרן יפה'ן,acharonei_zmanenu
wikidata:Q6643152,new,Q6643152,אליהו קושלבסקי,acharonei_zmanenu
wikidata:Q656901,new,Q656901,אליעזר ברקוביץ,acharonei_zmanenu
wikidata:Q2894400,new,Q2894400,אלעזר שמחה וסרמן,acharonei_zmanenu
wikidata:Q4191720,new,Q4191720,אשר ציבעס,acharonei_zmanenu
wikidata:Q10859591,new,Q10859591,"יצחק פרידמן (בוהוש, השני)",acharonei_zmanenu
wikidata:Q81277621,new,Q81277621,ישראל יצחק פיקרסקי,acharonei_zmanenu
wikidata:Q7037237,new,Q7037237,מנחם עמנואל הרטום,acharonei_zmanenu
wikidata:Q16131479,new,Q16131479,פרץ אריאל,acharonei_zmanenu
wikidata:Q7344850,new,Q7344850,רוברט גורדיס,acharonei_zmanenu
wikidata:Q303711,new,Q303711,שמחה בונם אלתר,acharonei_zmanenu
wikidata:Q4694994,new,Q4694994,אהרן פפויפר,acharonei_zmanenu
wikidata:Q5302570,new,Q5302570,דוד ליפשיץ (רב),acharonei_zmanenu
wikidata:Q3572307,new,Q3572307,חיים יצחק חייקין,acharonei_zmanenu
wikidata:Q2895992,new,Q2895992,חיים מרדכי אייזיק חדקוב,acharonei_zmanenu
wikidata:Q7028979,new,Q7028979,יהושע משה אהרונסון,acharonei_zmanenu
wikidata:Q374965,new,Q374965,יוסף דוב הלוי סולובייצ'יק (בוסטון),acharonei_zmanenu
wikidata:Q6910333,new,Q6910333,יחזקאל דאום,acharonei_zmanenu
wikidata:Q18387778,new,Q18387778,יצחק קאליש (אמשינוב),acharonei_zmanenu
wikidata:Q12408298,new,Q12408298,יקותיאל עזריאלי,acharonei_zmanenu
wikidata:Q945437,new,Q945437,מרשל מאייר,acharonei_zmanenu
wikidata:Q6724979,new,Q6724979,ראובן פיין (רב),acharonei_zmanenu
wikidata:Q6831648,new,Q6831648,שמואל ברוך ורנר,acharonei_zmanenu
wikidata:Q4829389,new,Q4829389,אברהם אהרן פרייס,acharonei_zmanenu
wikidata:Q18191318,new,Q18191318,אהרן ברנשטיין (רב),acharonei_zmanenu
wikidata:Q6883423,new,Q6883423,אלימלך ירחמיאל איתמר,acharonei_zmanenu
wikidata:Q6258972,new,Q6258972,אלתר הילביץ,acharonei_zmanenu
wikidata:Q2900747,new,Q2900747,דוד משה רוזן,acharonei_zmanenu
wikidata:Q18121722,new,Q18121722,חיים זליבנסקי,acharonei_zmanenu
wikidata:Q112865100,new,Q112865100,חיים מנחם לויטס,acharonei_zmanenu
wikidata:Q6289995,new,Q6289995,יהושע גולדברג,acharonei_zmanenu
wikidata:Q12408037,new,Q12408037,יוסף שכטר,acharonei_zmanenu
wikidata:Q18121729,new,Q18121729,יחזקאל שרגא ליפשיץ הלברשטאם,acharonei_zmanenu
wikidata:Q3157564,new,Q3157564,יעקב קפלן (רב),acharonei_zmanenu
wikidata:Q571575,new,Q571575,יקותיאל יהודה הלברשטאם,acharonei_zmanenu
wikidata:Q381397,new,Q381397,מנחם מנדל שניאורסון,acharonei_zmanenu
wikidata:Q16129114,new,Q16129114,משה זאב סולה,acharonei_zmanenu
wikidata:Q7067078,new,Q7067078,משה כהן שאולי,acharonei_zmanenu
wikidata:Q7558606,new,Q7558606,סולומון גאון,acharonei_zmanenu
wikidata:Q7219689,new,Q7219689,עוזי קלכהיים,acharonei_zmanenu
wikidata:Q2908206,new,Q2908206,עזרא ציון מלמד,acharonei_zmanenu
wikidata:Q18510951,new,Q18510951,רפאל כדיר צבאן,acharonei_zmanenu
wikidata:Q12411649,new,Q12411649,שילה רפאל,acharonei_zmanenu
wikidata:Q682957,new,Q682957,שלמה גורן,acharonei_zmanenu
wikidata:Q76999,new,Q76999,שלמה קרליבך,acharonei_zmanenu
wikidata:Q6650537,new,Q6650537,שמואל ברוך,acharonei_zmanenu
wikidata:Q114233005,new,Q114233005,שמואל ריבלין,acharonei_zmanenu
wikidata:Q6690000,new,Q6690000,שמעלקא פינטר,acharonei_zmanenu
wikidata:Q110903761,new,Q110903761,אברהם מאיר איזראעל,acharonei_zmanenu
wikidata:Q6746966,new,Q6746966,בן ציון הכהן רבין,acharonei_zmanenu
wikidata:Q15504361,new,Q15504361,ג'ייקוב ראדר מרכוס,acharonei_zmanenu
wikidata:Q1973108,new,Q1973108,חיים זנוויל אברמוביץ',acharonei_zmanenu
wikidata:Q7068643,new,Q7068643,חיים יעקב גולדוויכט,acharonei_zmanenu
wikidata:Q12407486,new,Q12407486,חיים צימרמן,acharonei_zmanenu
wikidata:Q6974591,new,Q6974591,יצחק לוין (רב וחוקר),acharonei_zmanenu
wikidata:Q104820106,new,Q104820106,לוי סעדיה נחמני,acharonei_zmanenu
wikidata:Q7052787,new,Q7052787,מאיר יהודה גץ,acharonei_zmanenu
wikidata:Q104529523,new,Q104529523,מאיר צובירי,acharonei_zmanenu
wikidata:Q2899740,new,Q2899740,מנחם מנדל פוטרפס,acharonei_zmanenu
wikidata:Q20056491,new,Q20056491,מרדכי פינחס טייץ,acharonei_zmanenu
wikidata:Q12409606,new,Q12409606,משה סולובייצ'יק (ציריך),acharonei_zmanenu
wikidata:Q2910391,new,Q2910391,משה צבי נריה,acharonei_zmanenu
wikidata:Q7490788,new,Q7490788,שאול ישראלי,acharonei_zmanenu
wikidata:Q446653,new,Q446653,שלמה זלמן אוירבך,acharonei_zmanenu
wikidata:Q7517467,new,Q7517467,שמחה עלברג,acharonei_zmanenu
wikidata:Q2895787,new,Q2895787,שמעון שוואב,acharonei_zmanenu
wikidata:Q3045418,new,Q3045418,אלמר ברגר,acharonei_zmanenu
wikidata:Q6595751,new,Q6595751,אריה ליב גרוסנס,acharonei_zmanenu
wikidata:Q358282,new,Q358282,יהודא ליאון אשכנזי,acharonei_zmanenu
wikidata:Q7059378,new,Q7059378,יחיא אלשיך,acharonei_zmanenu
wikidata:Q6786263,new,Q6786263,יעקב טולידאנו (צרפת),acharonei_zmanenu
wikidata:Q106459411,new,Q106459411,יצחק קסוטו,acharonei_zmanenu
wikidata:Q2899407,new,Q2899407,משה אריה פריינד,acharonei_zmanenu
wikidata:Q982184,new,Q982184,פינחס מנחם אלתר,acharonei_zmanenu
wikidata:Q12410820,new,Q12410820,צבי חרמון,acharonei_zmanenu
wikidata:Q788197,new,Q788197,רפאל פטאי,acharonei_zmanenu
wikidata:Q7033901,new,Q7033901,שרגא אברמסון,acharonei_zmanenu
wikidata:Q2903899,new,Q2903899,ברוך יהושע ירחמיאל רבינוביץ,acharonei_zmanenu
wikidata:Q3104363,new,Q3104363,גרשון ליבמן,acharonei_zmanenu
wikidata:Q12405702,new,Q12405702,דוד הקשר,acharonei_zmanenu
wikidata:Q7192730,new,Q7192730,דוד מתתיהו רבינוביץ,acharonei_zmanenu
wikidata:Q141624910,new,Q141624910,יהודה ללוש,acharonei_zmanenu
wikidata:Q6078431,new,Q6078431,יצחק אשר טברסקי,acharonei_zmanenu
wikidata:Q12408244,new,Q12408244,יצחק דב גילת,acharonei_zmanenu
wikidata:Q12408391,new,Q12408391,ישראל הס,acharonei_zmanenu
wikidata:Q6556902,new,Q6556902,מישאל דהאן,acharonei_zmanenu
wikidata:Q2904329,new,Q2904329,משה זאב פלדמן,acharonei_zmanenu
wikidata:Q6868712,new,Q6868712,משה מלכה,acharonei_zmanenu
wikidata:Q20202510,new,Q20202510,רפאל שפירא (הנכד),acharonei_zmanenu
wikidata:Q6988624,new,Q6988624,שלום דרמר,acharonei_zmanenu
wikidata:Q2230623,new,Q2230623,שלום שבדרון,acharonei_zmanenu
wikidata:Q115473918,new,Q115473918,שמאי גינזבורג,acharonei_zmanenu
wikidata:Q6657455,new,Q6657455,שמואל קרויזר,acharonei_zmanenu
wikidata:Q12403366,new,Q12403366,אברהם ברון,acharonei_zmanenu
wikidata:Q4886759,new,Q4886759,בן ציון אבא שאול,acharonei_zmanenu
wikidata:Q2009979,new,Q2009979,דוד כהנא (רב),acharonei_zmanenu
wikidata:Q5686749,new,Q5686749,חיים דוד הלוי,acharonei_zmanenu
wikidata:Q706669,new,Q706669,"יעקב כ""ץ (היסטוריון)",acharonei_zmanenu
wikidata:Q2895781,new,Q2895781,יעקב לייזר,acharonei_zmanenu
wikidata:Q12408372,new,Q12408372,ישעיהו משורר,acharonei_zmanenu
wikidata:Q15293698,new,Q15293698,מאיר וייס,acharonei_zmanenu
wikidata:Q18121707,new,Q18121707,מנצור בן שמעון,acharonei_zmanenu
wikidata:Q6916162,new,Q6916162,משה שרר,acharonei_zmanenu
wikidata:Q7061928,new,Q7061928,נתן מאיר וכטפוגל,acharonei_zmanenu
wikidata:Q2896783,new,Q2896783,פנחס הירשפרונג,acharonei_zmanenu
wikidata:Q27020119,new,Q27020119,שלמה נח קרול,acharonei_zmanenu
wikidata:Q6963813,new,Q6963813,שמואל זנוויל כהנא,acharonei_zmanenu
wikidata:Q6849301,new,Q6849301,שמואל תנחום רובינשטיין,acharonei_zmanenu
wikidata:Q117321966,new,Q117321966,ששון מזרחי,acharonei_zmanenu
wikidata:Q5302573,new,Q5302573,דוד פוברסקי,acharonei_zmanenu
wikidata:Q216021,new,Q216021,יוסף בורג,acharonei_zmanenu
wikidata:Q21570436,new,Q21570436,יוסף ליב זוסמן,acharonei_zmanenu
wikidata:Q6958649,new,Q6958649,משה הגר,acharonei_zmanenu
wikidata:Q16933735,new,Q16933735,ניסן מינדל,acharonei_zmanenu
wikidata:Q116809285,new,Q116809285,עזיזי דיעי,acharonei_zmanenu
wikidata:Q1239915,new,Q1239915,עמנואל יעקובוביץ,acharonei_zmanenu
wikidata:Q123965477,new,Q123965477,שאול שרים,acharonei_zmanenu
wikidata:Q18121755,new,Q18121755,שלמה שמשון קרליץ,acharonei_zmanenu
wikidata:Q6685327,new,Q6685327,שמעון משה דיסקין,acharonei_zmanenu
wikidata:Q29052467,new,Q29052467,אברהם שלמה בידרמן,acharonei_zmanenu
wikidata:Q4720031,new,Q4720031,אלכסנדר שינדלר,acharonei_zmanenu
wikidata:Q6982633,new,Q6982633,בנימין הרלינג,acharonei_zmanenu
wikidata:Q864089,new,Q864089,בנימין זאב כהנא,acharonei_zmanenu
wikidata:Q4914569,new,Q4914569,בנימין פאלער,acharonei_zmanenu
wikidata:Q5072562,new,Q5072562,חנוך דב פדווא,acharonei_zmanenu
wikidata:Q6879047,new,Q6879047,יהודה גרשוני,acharonei_zmanenu
wikidata:Q6905802,new,Q6905802,יוסף צוברי,acharonei_zmanenu
wikidata:Q2911194,new,Q2911194,יוסף קאפח,acharonei_zmanenu
wikidata:Q6576154,new,Q6576154,יעקב משה סלומון,acharonei_zmanenu
wikidata:Q21401961,new,Q21401961,יצחק אייזיק ליבס,acharonei_zmanenu
wikidata:Q7050624,new,Q7050624,יצחק אייזיק רוזנבוים,acharonei_zmanenu
wikidata:Q94541325,excluded (description: רפורמי),,משה חיים ויילר,acharonei_zmanenu
wikidata:Q6897143,new,Q6897143,משה לוי (רב),acharonei_zmanenu
wikidata:Q6578138,new,Q6578138,ציון אבן דנאן,acharonei_zmanenu
wikidata:Q7460139,new,Q7460139,שבתי פרנקל,acharonei_zmanenu
wikidata:Q2909664,new,Q2909664,שלום נח ברזובסקי,acharonei_zmanenu
wikidata:Q2891194,new,Q2891194,שלמה הלברשטאם (השני),acharonei_zmanenu
wikidata:Q16130498,new,Q16130498,שמחה זיסל ברוידא,acharonei_zmanenu
wikidata:Q2899276,new,Q2899276,אביגדור מילר,acharonei_zmanenu
wikidata:Q6801712,new,Q6801712,אברהם אביגדור לנדא,acharonei_zmanenu
wikidata:Q4829427,new,Q4829427,אברהם יעקב פאם,acharonei_zmanenu
wikidata:Q2912053,new,Q2912053,אהרן סולובייצ'יק,acharonei_zmanenu
wikidata:Q1324942,new,Q1324942,אלעזר מנחם מן שך,acharonei_zmanenu
wikidata:Q438286,new,Q438286,הלל קוק,acharonei_zmanenu
wikidata:Q5067805,new,Q5067805,חיים דב רבינוביץ,acharonei_zmanenu
wikidata:Q733083,new,Q733083,חיים קרייזווירט,acharonei_zmanenu
wikidata:Q6651801,new,Q6651801,חיים שאול קרליץ,acharonei_zmanenu
wikidata:Q7031975,new,Q7031975,יהודה הכהן רבין,acharonei_zmanenu
wikidata:Q1272982,new,Q1272982,יוליוס קרליבך,acharonei_zmanenu
wikidata:Q6638324,new,Q6638324,יוסף כהן,acharonei_zmanenu
wikidata:Q15691271,new,Q15691271,יצחק שלמה זילברמן,acharonei_zmanenu
wikidata:Q6909652,new,Q6909652,מרדכי גיפטר,acharonei_zmanenu
wikidata:Q6066038,excluded (religion),,עירא אייזנשטיין,acharonei_zmanenu
wikidata:Q6662241,new,Q6662241,שלום סעדיה גמליאל,acharonei_zmanenu
wikidata:Q6914950,new,Q6914950,שמריהו יוסף קרליץ (כולל חזון איש),acharonei_zmanenu
wikidata:Q7497045,new,Q7497045,שמשון דוד פינקוס,acharonei_zmanenu
wikidata:Q97818092,new,Q97818092,אלחנן צ'ארלס ונגרוב,acharonei_zmanenu
wikidata:Q16130770,new,Q16130770,בנימין זאב בנדיקט,acharonei_zmanenu
wikidata:Q6903044,new,Q6903044,ברוך רקובר,acharonei_zmanenu
wikidata:Q203367,new,Q203367,דוד אסאו,acharonei_zmanenu
wikidata:Q16131498,new,Q16131498,זלמן רוטברג,acharonei_zmanenu
wikidata:Q2890045,new,Q2890045,זרח ורהפטיג,acharonei_zmanenu
wikidata:Q560735,new,Q560735,חיים פוטוק,acharonei_zmanenu
wikidata:Q6674414,new,Q6674414,יהושע בכרך,acharonei_zmanenu
wikidata:Q112604991,new,Q112604991,משה מימון (רב),acharonei_zmanenu
wikidata:Q16015434,new,Q16015434,נחמן בולמן,acharonei_zmanenu
wikidata:Q7171317,new,Q7171317,פסח שטיין,acharonei_zmanenu
wikidata:Q6606999,new,Q6606999,פרץ מימון,acharonei_zmanenu
wikidata:Q231354,new,Q231354,צבי עזריה,acharonei_zmanenu
wikidata:Q6790996,new,Q6790996,רפאל בנימין לוין,acharonei_zmanenu
wikidata:Q7063229,new,Q7063229,אברהם חזן,acharonei_zmanenu
wikidata:Q6619971,new,Q6619971,אברהם קארפ,acharonei_zmanenu
wikidata:Q7022200,new,Q7022200,אלנתן הורוביץ,acharonei_zmanenu
wikidata:Q67570,new,Q67570,אמיל פאקנהיים,acharonei_zmanenu
wikidata:Q3055713,new,Q3055713,אפרים אשרי,acharonei_zmanenu
wikidata:Q6979292,new,Q6979292,דב רפל,acharonei_zmanenu
wikidata:Q8340048,new,Q8340048,יהושע קלינג,acharonei_zmanenu
wikidata:Q8051050,new,Q8051050,יחיאל מיכל פיינשטיין,acharonei_zmanenu
wikidata:Q16340162,new,Q16340162,יצחק וסרמן,acharonei_zmanenu
wikidata:Q1689685,new,Q1689685,יצחק קוליץ,acharonei_zmanenu
wikidata:Q55648927,new,Q55648927,ישעיהו גולדשמידט,acharonei_zmanenu
wikidata:Q98446069,new,Q98446069,ישראל אריה זלמנוביץ,acharonei_zmanenu
wikidata:Q8053875,new,Q8053875,ישראל יעקב פישר,acharonei_zmanenu
wikidata:Q6639841,new,Q6639841,ישראל משה דושינסקי,acharonei_zmanenu
wikidata:Q7068905,new,Q7068905,מאיר הרשקוביץ,acharonei_zmanenu
wikidata:Q16166507,new,Q16166507,מאיר רוזנבוים (קובה),acharonei_zmanenu
wikidata:Q6916182,new,Q6916182,משה יהודה בלוי,acharonei_zmanenu
wikidata:Q107324986,new,Q107324986,קולט אבולקר-מוסקט,acharonei_zmanenu
wikidata:Q2960334,new,Q2960334,שארל טואטי,acharonei_zmanenu
wikidata:Q7013081,new,Q7013081,אברהם בכר,acharonei_zmanenu
wikidata:Q20607392,new,Q20607392,אברהם דוד הורוביץ,acharonei_zmanenu
wikidata:Q1217250,new,Q1217250,ארנסט נוימן,acharonei_zmanenu
wikidata:Q12404652,new,Q12404652,בנימין אביעד,acharonei_zmanenu
wikidata:Q12404858,new,Q12404858,גדליה נדל,acharonei_zmanenu
wikidata:Q5067816,new,Q5067816,חיים מאדאר,acharonei_zmanenu
wikidata:Q1263250,new,Q1263250,חיים מקובי,acharonei_zmanenu
wikidata:Q2908860,new,Q2908860,יצחק זילבר,acharonei_zmanenu
wikidata:Q18035580,new,Q18035580,יצחק שלמה אונגר,acharonei_zmanenu
wikidata:Q4830898,new,Q4830898,ישראל מ' תא-שמע,acharonei_zmanenu
wikidata:Q7213301,new,Q7213301,ישראל מרדכי טברסקי,acharonei_zmanenu
wikidata:Q24837608,new,Q24837608,שלמה בורשטין,acharonei_zmanenu
wikidata:Q21570452,new,Q21570452,שמואל שולזינגר,acharonei_zmanenu
wikidata:Q4663633,new,Q4663633,אבא מרדכי ברמן,acharonei_zmanenu
wikidata:Q4829506,new,Q4829506,אברהם ישכר אנגלרד,acharonei_zmanenu
wikidata:Q6976682,new,Q6976682,אברהם מנחם דנציגר,acharonei_zmanenu
wikidata:Q6624367,new,Q6624367,"אליהו כ""ץ",acharonei_zmanenu
wikidata:Q18121759,new,Q18121759,אלתר אליהו רובינשטיין,acharonei_zmanenu
wikidata:Q4865845,new,Q4865845,ברוך בן-חיים,acharonei_zmanenu
wikidata:Q101746,new,Q101746,הרמן נויברגר,acharonei_zmanenu
wikidata:Q5067815,new,Q5067815,חיים קמיל,acharonei_zmanenu
wikidata:Q2903425,new,Q2903425,ידידיה שופט,acharonei_zmanenu
wikidata:Q114457184,new,Q114457184,יחיא אמסלם,acharonei_zmanenu
wikidata:Q18038658,new,Q18038658,מנחם אריה קניגסהפר,acharonei_zmanenu
wikidata:Q6820295,new,Q6820295,מרדכי בורשטיין,acharonei_zmanenu
wikidata:Q2908972,new,Q2908972,נפתלי צבי הלברשטאם,acharonei_zmanenu
wikidata:Q5200751,new,Q5200751,סיריל האריס,acharonei_zmanenu
wikidata:Q117827292,new,Q117827292,צבי הירש פאלי,acharonei_zmanenu
wikidata:Q8075549,new,Q8075549,צבי מאיר שטיינמץ,acharonei_zmanenu
wikidata:Q12744890,new,Q12744890,צדיק דאנון,acharonei_zmanenu
wikidata:Q4404848,new,Q4404848,שלמה וולבה,acharonei_zmanenu
wikidata:Q97128955,new,Q97128955,שלמה זאב צוויגנהפט,acharonei_zmanenu
wikidata:Q6372379,new,Q6372379,שמואל אבידור הכהן,acharonei_zmanenu
wikidata:Q7900591,new,Q7900591,אוריאל דוידי,acharonei_zmanenu
wikidata:Q2891199,new,Q2891199,אליעזר יהודה ולדנברג,acharonei_zmanenu
wikidata:Q2628948,new,Q2628948,אלכסנדר שפרן,acharonei_zmanenu
wikidata:Q709788,new,Q709788,ארתור הרצברג,acharonei_zmanenu
wikidata:Q113355475,new,Q113355475,בוגיד חנינא סעדון,acharonei_zmanenu
wikidata:Q5516267,new,Q5516267,גד נבון,acharonei_zmanenu
wikidata:Q5302563,new,Q5302563,דוד ברקין,acharonei_zmanenu
wikidata:Q7062915,new,Q7062915,יהודה קולודצקי,acharonei_zmanenu
wikidata:Q1977075,new,Q1977075,יחיאל מיכל דורפמן,acharonei_zmanenu
wikidata:Q733669,new,Q733669,יצחק כדורי,acharonei_zmanenu
wikidata:Q7213269,new,Q7213269,ישראל דן טאוב,acharonei_zmanenu
wikidata:Q5049136,new,Q5049136,כתריאל דוד קפלין,acharonei_zmanenu
wikidata:Q2891071,new,Q2891071,לואי ג'ייקובס,acharonei_zmanenu
wikidata:Q3302355,new,Q3302355,מקס ורשבסקי,acharonei_zmanenu
wikidata:Q2907339,new,Q2907339,משה הלברשטאם,acharonei_zmanenu
wikidata:Q571584,new,Q571584,משה טייטלבוים (ברך משה),acharonei_zmanenu
wikidata:Q6916166,new,Q6916166,משה שמואל שפירא (באר יעקב),acharonei_zmanenu
wikidata:Q12410827,new,Q12410827,צבי מרקוביץ,acharonei_zmanenu
wikidata:Q7041889,new,Q7041889,שמואל אליקים קדר,acharonei_zmanenu
wikidata:Q2748654,new,Q2748654,אברהם אלקנה כהנא שפירא,acharonei_zmanenu
wikidata:Q330160,excluded (description: רפורמי),,אברהם קלאוזנר,acharonei_zmanenu
wikidata:Q5360767,new,Q5360767,אליעזר פלצינסקי,acharonei_zmanenu
wikidata:Q6847559,new,Q6847559,דוד הלחמי,acharonei_zmanenu
wikidata:Q6992998,new,Q6992998,חיים מאיר יחיאל שפירא (נארול),acharonei_zmanenu
wikidata:Q2778213,new,Q2778213,יהודה מאיר אברמוביץ,acharonei_zmanenu
wikidata:Q15455015,new,Q15455015,יהודה ניידיץ',acharonei_zmanenu
wikidata:Q7056892,new,Q7056892,יוסף בוקסבוים,acharonei_zmanenu
wikidata:Q6279840,new,Q6279840,יוסף צבי דונר,acharonei_zmanenu
wikidata:Q12254977,new,Q12254977,יעקב יצחק ניימן,acharonei_zmanenu
wikidata:Q28806591,new,Q28806591,ישראל גלזר,acharonei_zmanenu
wikidata:Q6739112,new,Q6739112,מנחם מנדל ברייאר,acharonei_zmanenu
wikidata:Q2890060,new,Q2890060,מרדכי ברויאר,acharonei_zmanenu
wikidata:Q46779214,new,Q46779214,משה דב וולנר,acharonei_zmanenu
wikidata:Q16262711,new,Q16262711,פאול רויטמן,acharonei_zmanenu
wikidata:Q16130557,new,Q16130557,שמעון גרשון רוזנברג,acharonei_zmanenu
wikidata:Q2662497,new,Q2662497,שרווין ויין,acharonei_zmanenu
wikidata:Q6693936,new,Q6693936,אברהם דב אוירבך (ירושלים),acharonei_zmanenu
wikidata:Q20502829,new,Q20502829,אברהם קרויזר,acharonei_zmanenu
wikidata:Q5362052,new,Q5362052,אליהו ברוך פינקל,acharonei_zmanenu
wikidata:Q12407562,new,Q12407562,אלתר חנוך הניך ליבוביץ,acharonei_zmanenu
wikidata:Q116042310,new,Q116042310,אריה הורביץ,acharonei_zmanenu
wikidata:Q6814427,new,Q6814427,בנימין יהושע זילבר,acharonei_zmanenu
wikidata:Q8051046,new,Q8051046,יחיאל פישל אייזנבך,acharonei_zmanenu
wikidata:Q2902530,new,Q2902530,עמנואל רקמן,acharonei_zmanenu
wikidata:Q15971774,new,Q15971774,עמנואל שושנה,acharonei_zmanenu
wikidata:Q119625,new,Q119625,פליקס קרליבך,acharonei_zmanenu
wikidata:Q8072529,new,Q8072529,ציון לוי,acharonei_zmanenu
wikidata:Q7490775,new,Q7490775,שאול ברוס,acharonei_zmanenu
wikidata:Q11142454,new,Q11142454,שמואל ברנבוים,acharonei_zmanenu
wikidata:Q56421737,new,Q56421737,שמעון סויסה,acharonei_zmanenu
wikidata:Q2614411,new,Q2614411,אברהם רביץ,acharonei_zmanenu
wikidata:Q8068765,new,Q8068765,אהרן זליג אפשטיין,acharonei_zmanenu
wikidata:Q5368445,new,Q5368445,אליהו שווי,acharonei_zmanenu
wikidata:Q99706,new,Q99706,אלפרד גוטשאלק (רב),acharonei_zmanenu
wikidata:Q6982457,new,Q6982457,ברוך שמעון סלומון,acharonei_zmanenu
wikidata:Q5302568,new,Q5302568,דוד קוויאט,acharonei_zmanenu
wikidata:Q18120919,new,Q18120919,יהודה שפירא (רב),acharonei_zmanenu
wikidata:Q554993,new,Q554993,יוסף חיים ירושלמי,acharonei_zmanenu
wikidata:Q7009723,new,Q7009723,יעקב הורוביץ (ראש ישיבה),acharonei_zmanenu
wikidata:Q2898944,new,Q2898944,לוי יצחק הורוביץ,acharonei_zmanenu
wikidata:Q2898985,new,Q2898985,מאיר ברנדסדורפר,acharonei_zmanenu
wikidata:Q57260896,new,Q57260896,מנחם מאיר ציוני,acharonei_zmanenu
wikidata:Q12409482,new,Q12409482,מרדכי אליפנט,acharonei_zmanenu
wikidata:Q6661029,new,Q6661029,משה לוריא,acharonei_zmanenu
wikidata:Q2895817,new,Q2895817,נח וינברג,acharonei_zmanenu
wikidata:Q2891809,new,Q2891809,נפתלי צבי לאבין,acharonei_zmanenu
wikidata:Q30527492,new,Q30527492,סרג'יו יוסף סיארה,acharonei_zmanenu
wikidata:Q19817952,new,Q19817952,פינחס שרייבר,acharonei_zmanenu
wikidata:Q2904731,new,Q2904731,שלמה לורינץ,acharonei_zmanenu
wikidata:Q7412804,new,Q7412804,שמואל אלימלך טורק,acharonei_zmanenu
wikidata:Q7223037,new,Q7223037,שמעון נתן נטע בידרמן (השני),acharonei_zmanenu
wikidata:Q6999020,new,Q6999020,איסר פרנקל,acharonei_zmanenu
wikidata:Q4865868,new,Q4865868,ברוך אהרן פופקו,acharonei_zmanenu
wikidata:Q18559553,new,Q18559553,דוד עובדיה,acharonei_zmanenu
wikidata:Q6863882,excluded (description: רפורמי),,דוד פורמן,acharonei_zmanenu
wikidata:Q1177337,new,Q1177337,דוד צבי הילמן,acharonei_zmanenu
wikidata:Q16034252,new,Q16034252,דניאל גוטליב,acharonei_zmanenu
wikidata:Q1245477,new,Q1245477,טמאש ראי,acharonei_zmanenu
wikidata:Q6789388,new,Q6789388,יהודה מועלם,acharonei_zmanenu
wikidata:Q1686577,new,Q1686577,יהודה עמיטל,acharonei_zmanenu
wikidata:Q248159,new,Q248159,יוסף עזרן,acharonei_zmanenu
wikidata:Q1231718,new,Q1231718,יעקב מילגרום,acharonei_zmanenu
wikidata:Q12408199,new,Q12408199,יעקב ניסן רוזנטל,acharonei_zmanenu
wikidata:Q16131869,new,Q16131869,יעקב פנחס שיר,acharonei_zmanenu
wikidata:Q8053871,new,Q8053871,ישראל אליהו וינטרוב,acharonei_zmanenu
wikidata:Q7066322,new,Q7066322,יששכר מאיר,acharonei_zmanenu
wikidata:Q1828731,new,Q1828731,מאיר יוסט,acharonei_zmanenu
wikidata:Q605443,new,Q605443,מנחם פרוש,acharonei_zmanenu
wikidata:Q248943,new,Q248943,מרדכי אליהו,acharonei_zmanenu
wikidata:Q690271,new,Q690271,משה בוצ'קו,acharonei_zmanenu
wikidata:Q120647,new,Q120647,משה גרינברג,acharonei_zmanenu
wikidata:Q2915120,new,Q2915120,משה הירש (נטורי קרתא),acharonei_zmanenu
wikidata:Q7217571,excluded (description: נאולוגי),,משה כרמלי-וינברגר,acharonei_zmanenu
wikidata:Q7055167,new,Q7055167,משה מרדכי הלוי שולזינגר,acharonei_zmanenu
wikidata:Q16130674,new,Q16130674,נחום קוק,acharonei_zmanenu
wikidata:Q7219007,new,Q7219007,נתן גשטטנר,acharonei_zmanenu
wikidata:Q11817104,new,Q11817104,פנחס מנחם יוסקוביץ,acharonei_zmanenu
wikidata:Q4749200,new,Q4749200,אלעזר אבוחצירא,acharonei_zmanenu
wikidata:Q6829831,new,Q6829831,אריה לייב בארון,acharonei_zmanenu
wikidata:Q12404856,new,Q12404856,גדליה אייזמן,acharonei_zmanenu
wikidata:Q1252844,new,Q1252844,דב שוורצמן,acharonei_zmanenu
wikidata:Q25490781,new,Q25490781,דוד בר חן,acharonei_zmanenu
wikidata:Q2893721,new,Q2893721,דוד משאש,acharonei_zmanenu
wikidata:Q7058793,new,Q7058793,חיים זלמן דימיטרובסקי,acharonei_zmanenu
wikidata:Q65006953,new,Q65006953,חיים חמיאל,acharonei_zmanenu
wikidata:Q263543,new,Q263543,חנן פורת,acharonei_zmanenu
wikidata:Q18609302,new,Q18609302,יהושע השל וולהנדלר,acharonei_zmanenu
wikidata:Q6738609,new,Q6738609,יעקב קשמכר,acharonei_zmanenu
wikidata:Q125501,new,Q125501,יצחק דוב קופלמן,acharonei_zmanenu
wikidata:Q6986735,new,Q6986735,ישראל פסח פיינהנדלר,acharonei_zmanenu
wikidata:Q983251,new,Q983251,מיכל יהודה ליפקוביץ,acharonei_zmanenu
wikidata:Q2903862,new,Q2903862,מנשה קליין,acharonei_zmanenu
wikidata:Q1720867,excluded (description: רפורמי),,משה זמר,acharonei_zmanenu
wikidata:Q6957230,new,Q6957230,נחום זאב דסלר,acharonei_zmanenu
wikidata:Q2903567,new,Q2903567,נתן צבי פינקל (מיר),acharonei_zmanenu
wikidata:Q7026013,new,Q7026013,עובדיה יעבץ,acharonei_zmanenu
wikidata:Q12411528,new,Q12411528,שבתאי בן חיים,acharonei_zmanenu
wikidata:Q4829405,new,Q4829405,אברהם גולדברג (חוקר תלמוד),acharonei_zmanenu
wikidata:Q7183172,new,Q7183172,אברהם גנחובסקי,acharonei_zmanenu
wikidata:Q6395801,new,Q6395801,אברהם חיים ראטה,acharonei_zmanenu
wikidata:Q6825642,new,Q6825642,אייזיק אוזבנד,acharonei_zmanenu
wikidata:Q216199,new,Q216199,גונתר פלאוט,acharonei_zmanenu
wikidata:Q6983163,new,Q6983163,זאב חיים ליפשיץ,acharonei_zmanenu
wikidata:Q2899394,new,Q2899394,חיים פינחס שיינברג,acharonei_zmanenu
wikidata:Q983259,new,Q983259,יוסף שלום אלישיב,acharonei_zmanenu
wikidata:Q12408180,new,Q12408180,יעקב ישכר בער רוזנבוים,acharonei_zmanenu
wikidata:Q6111736,excluded (description: רקונסטרוקציוני),,יעקב כהן (רב),acharonei_zmanenu
wikidata:Q865323,new,Q865323,מנדל וינבך,acharonei_zmanenu
wikidata:Q6030373,new,Q6030373,משה יהושע הגר,acharonei_zmanenu
wikidata:Q6625860,new,Q6625860,נסים פרץ,acharonei_zmanenu
wikidata:Q6598936,new,Q6598936,עמרם יצחק זקס,acharonei_zmanenu
wikidata:Q12411250,new,Q12411250,רוברט ליברלס,acharonei_zmanenu
wikidata:Q94689741,new,Q94689741,רפאל יעקב מן רקובסקי,acharonei_zmanenu
wikidata:Q7460150,new,Q7460150,שלום שכנא זאהן,acharonei_zmanenu
wikidata:Q6725968,new,Q6725968,שמחה שוסטל,acharonei_zmanenu
wikidata:Q16338369,new,Q16338369,אביגדור הורוויץ,acharonei_zmanenu
wikidata:Q7183448,new,Q7183448,אברהם יעקב פרידמן (השלישי),acharonei_zmanenu
wikidata:Q7041358,new,Q7041358,אברהם צוקרמן,acharonei_zmanenu
wikidata:Q7053801,new,Q7053801,גרשום הרפנס,acharonei_zmanenu
wikidata:Q5230936,new,Q5230936,דוד אברהם ספקטור,acharonei_zmanenu
wikidata:Q4423223,new,Q4423223,דוד הרטמן,acharonei_zmanenu
wikidata:Q16130201,new,Q16130201,דוד ריאחי,acharonei_zmanenu
wikidata:Q5744339,new,Q5744339,הרשל שכטר,acharonei_zmanenu
wikidata:Q8051260,new,Q8051260,יהושע ישעיה נויבירט,acharonei_zmanenu
wikidata:Q111087126,new,Q111087126,יוסף שוורץ (הסבא מנתניה),acharonei_zmanenu
wikidata:Q2777806,new,Q2777806,יעקב יוסף,acharonei_zmanenu
wikidata:Q16132490,new,Q16132490,ירחמיאל ישראל יצחק דומב,acharonei_zmanenu
wikidata:Q625515,new,Q625515,מנחם אלון,acharonei_zmanenu
wikidata:Q2911233,new,Q2911233,מנחם פרומן,acharonei_zmanenu
wikidata:Q12409565,new,Q12409565,משה ארנסטר,acharonei_zmanenu
wikidata:Q467172,new,Q467172,עובדיה יוסף,acharonei_zmanenu
wikidata:Q2911065,new,Q2911065,עוזי משולם,acharonei_zmanenu
wikidata:Q7011666,new,Q7011666,עזרא נוביק,acharonei_zmanenu
wikidata:Q7048013,new,Q7048013,שלום מאיר יונגרמן,acharonei_zmanenu
wikidata:Q556870,new,Q556870,שרגא ברג,acharonei_zmanenu
wikidata:Q6713450,new,Q6713450,אפרים גרינבלט,acharonei_zmanenu
wikidata:Q3378937,new,Q3378937,בן-עמי בן-ישראל,acharonei_zmanenu
wikidata:Q18121703,new,Q18121703,דוד צבי אליאך,acharonei_zmanenu
wikidata:Q16882593,new,Q16882593,זונדל קרויזר,acharonei_zmanenu
wikidata:Q4357735,new,Q4357735,זלמן שחטר-שלומי,acharonei_zmanenu
wikidata:Q983308,new,Q983308,יוסף המדאני כהן,acharonei_zmanenu
wikidata:Q6726658,new,Q6726658,יעקב גלינסקי,acharonei_zmanenu
wikidata:Q6909671,new,Q6909671,מרדכי פירון,acharonei_zmanenu
wikidata:Q18058408,new,Q18058408,נעים בן אליהו,acharonei_zmanenu
wikidata:Q16130271,new,Q16130271,שלמה שלוש (רב),acharonei_zmanenu
wikidata:Q2910768,new,Q2910768,אהרן ליכטנשטיין,acharonei_zmanenu
wikidata:Q60435690,new,Q60435690,אישטוואן דומאן,acharonei_zmanenu
wikidata:Q21154872,new,Q21154872,איתם הנקין,acharonei_zmanenu
wikidata:Q7184089,new,Q7184089,אלחנן היילפרין,acharonei_zmanenu
wikidata:Q7063736,new,Q7063736,אליהו אביחיל,acharonei_zmanenu
wikidata:Q573861,new,Q573861,אליהו טואף,acharonei_zmanenu
wikidata:Q20782636,new,Q20782636,אליהו ליאון לוי,acharonei_zmanenu
wikidata:Q6813990,new,Q6813990,אליעזר הגר (סרט ויז'ניץ),acharonei_zmanenu
wikidata:Q2906999,new,Q2906999,אליעזר שלמה שיק,acharonei_zmanenu
wikidata:Q20502673,new,Q20502673,בן ציון פלמן,acharonei_zmanenu
wikidata:Q6757318,new,Q6757318,הלל זקס,acharonei_zmanenu
wikidata:Q21031976,new,Q21031976,חיים נפתלי ויסבלום,acharonei_zmanenu
wikidata:Q7044659,new,Q7044659,חיים שאול גריינימן,acharonei_zmanenu
wikidata:Q19799648,new,Q19799648,יהודה טרגר,acharonei_zmanenu
wikidata:Q1286338,new,Q1286338,יוז'ף שווייצר,acharonei_zmanenu
wikidata:Q6676087,new,Q6676087,יורם אברג'ל,acharonei_zmanenu
wikidata:Q7061287,new,Q7061287,יצחק מאיר,acharonei_zmanenu
wikidata:Q19355441,new,Q19355441,לוי רבינוביץ,acharonei_zmanenu
wikidata:Q6332756,new,Q6332756,מרדכי שמואל אשכנזי,acharonei_zmanenu
wikidata:Q328515,new,Q328515,משה לוינגר,acharonei_zmanenu
wikidata:Q7217669,new,Q7217669,משולם פייש לאווי (השני),acharonei_zmanenu
wikidata:Q2778134,new,Q2778134,שמואל הלוי ואזנר,acharonei_zmanenu
wikidata:Q118927409,new,Q118927409,שמעון חיררי,acharonei_zmanenu
wikidata:Q22324569,new,Q22324569,אליהו אלן לוין,acharonei_zmanenu
wikidata:Q4802674,new,Q4802674,אריה פינקל,acharonei_zmanenu
wikidata:Q30526929,new,Q30526929,גבריאל טולדנו,acharonei_zmanenu
wikidata:Q6910485,new,Q6910485,דוד שלוש,acharonei_zmanenu
wikidata:Q6628867,new,Q6628867,חיים שלמה ליבוביץ,acharonei_zmanenu
wikidata:Q5407083,excluded (description: רפורמי),,יוג'ין בורוביץ,acharonei_zmanenu
wikidata:Q8054243,new,Q8054243,יוחנן סופר,acharonei_zmanenu
wikidata:Q591507,new,Q591507,יוסף סיטרוק,acharonei_zmanenu
wikidata:Q6807969,new,Q6807969,יוסף שרביט (רב),acharonei_zmanenu
wikidata:Q1384317,new,Q1384317,יעקב ניוזנר,acharonei_zmanenu
wikidata:Q8053862,new,Q8053862,ישראל בלסקי,acharonei_zmanenu
wikidata:Q721887,new,Q721887,ליונל בלו,acharonei_zmanenu
wikidata:Q6682143,new,Q6682143,משה מרדכי חדש,acharonei_zmanenu
wikidata:Q27990411,new,Q27990411,נתן שולמן,acharonei_zmanenu
wikidata:Q6792777,new,Q6792777,רפאל בנימין פוזן,acharonei_zmanenu
wikidata:Q2277619,new,Q2277619,שאר ישוב כהן,acharonei_zmanenu
wikidata:Q2350552,new,Q2350552,אהרן יהודה ליב שטינמן,acharonei_zmanenu
wikidata:Q25636446,new,Q25636446,אליהו שטרנבוך,acharonei_zmanenu
wikidata:Q2895520,new,Q2895520,אפרים פישל הרשקוביץ,acharonei_zmanenu
wikidata:Q2904001,new,Q2904001,בנימין אלון,acharonei_zmanenu
wikidata:Q595951,new,Q595951,ג'וזי אייזנברג,acharonei_zmanenu
wikidata:Q6892134,new,Q6892134,דב יפה,acharonei_zmanenu
wikidata:Q7047972,new,Q7047972,יעקב אדלשטיין (רב),acharonei_zmanenu
wikidata:Q6684127,new,Q6684127,יצחק עמדי,acharonei_zmanenu
wikidata:Q12408410,new,Q12408410,ישראל פרידמן בן-שלום,acharonei_zmanenu
wikidata:Q2904040,new,Q2904040,ישראל רוזן,acharonei_zmanenu
wikidata:Q6810270,new,Q6810270,מאיר זלוטוביץ,acharonei_zmanenu
wikidata:Q29096398,new,Q29096398,מאיר צבי גרוזמן,acharonei_zmanenu
wikidata:Q33127680,new,Q33127680,משה חיים שמרלר,acharonei_zmanenu
wikidata:Q7066061,new,Q7066061,משה שפירא (רב),acharonei_zmanenu
wikidata:Q15525023,new,Q15525023,ניל גילמן,acharonei_zmanenu
wikidata:Q7499581,new,Q7499581,שלמה גולדמן (זווהיל-צאנז),acharonei_zmanenu
wikidata:Q7834269,new,Q7834269,שמואל יעקב בורנשטיין,acharonei_zmanenu
wikidata:Q440106,new,Q440106,אביחי רונצקי,acharonei_zmanenu
wikidata:Q15215308,new,Q15215308,אהרן דאום,acharonei_zmanenu
wikidata:Q52735998,excluded (description: הרפורמית),,אהרן דוד פנקן,acharonei_zmanenu
wikidata:Q56026182,new,Q56026182,אהרן מונסונגו,acharonei_zmanenu
wikidata:Q6870311,new,Q6870311,אלישיב קנוהל,acharonei_zmanenu
wikidata:Q5353639,new,Q5353639,אלעזר מרדכי קניג,acharonei_zmanenu
wikidata:Q56303470,new,Q56303470,אריה וינברג,acharonei_zmanenu
wikidata:Q122079300,new,Q122079300,דן שוורץ,acharonei_zmanenu
wikidata:Q24639894,new,Q24639894,זאב קרוב,acharonei_zmanenu
wikidata:Q46829899,new,Q46829899,זמרוני ציק,acharonei_zmanenu
wikidata:Q28807104,new,Q28807104,יהודה שביב,acharonei_zmanenu
wikidata:Q6774738,new,Q6774738,יהושע מאמאן,acharonei_zmanenu
wikidata:Q55647236,new,Q55647236,יוסף אוחנה (רב),acharonei_zmanenu
wikidata:Q130645803,new,Q130645803,יוסף ישראל בלוי,acharonei_zmanenu
wikidata:Q6956233,new,Q6956233,ישעיהו הדרי,acharonei_zmanenu
wikidata:Q10756582,new,Q10756582,לייב מינצברג,acharonei_zmanenu
wikidata:Q7217051,new,Q7217051,מרדכי הגר,acharonei_zmanenu
wikidata:Q6861385,new,Q6861385,משה צבי פולין,acharonei_zmanenu
wikidata:Q6705262,new,Q6705262,נתן אורטנר,acharonei_zmanenu
wikidata:Q24038317,new,Q24038317,עזריה בסיס,acharonei_zmanenu
wikidata:Q12411713,new,Q12411713,שלום אלבק,acharonei_zmanenu
wikidata:Q6597717,new,Q6597717,שלמה קורח,acharonei_zmanenu
wikidata:Q3923981,new,Q3923981,שמואל אוירבך,acharonei_zmanenu
wikidata:Q56290480,new,Q56290480,שמחה בונים ארנפלד,acharonei_zmanenu
wikidata:Q12411944,new,Q12411944,שריה דבליצקי,acharonei_zmanenu
wikidata:Q30526595,new,Q30526595,"אביגדור בנש""ק",acharonei_zmanenu
wikidata:Q12403370,new,Q12403370,אברהם דב לוין,acharonei_zmanenu
wikidata:Q124750777,new,Q124750777,אליעזר בן דוד,acharonei_zmanenu
wikidata:Q96140002,new,Q96140002,אליקים רוזנבלט,acharonei_zmanenu
wikidata:Q7006525,new,Q7006525,אלישע וישליצקי,acharonei_zmanenu
wikidata:Q25491141,new,Q25491141,אפרים גוטמן,acharonei_zmanenu
wikidata:Q107262864,new,Q107262864,דוד פוקס,acharonei_zmanenu
wikidata:Q86003421,new,Q86003421,דוד צבי אורדנטליך,acharonei_zmanenu
wikidata:Q7811766,excluded (description: רפורמי),,הנרי סובל,acharonei_zmanenu
wikidata:Q12407473,new,Q12407473,"חיים כהן (""החלבן"")",acharonei_zmanenu
wikidata:Q44641338,new,Q44641338,יאיר הופמן (חוקר המקרא),acharonei_zmanenu
wikidata:Q8051277,new,Q8051277,יהודה לוי (פיזיקאי),acharonei_zmanenu
wikidata:Q27972312,new,Q27972312,יחזקאל ברטלר,acharonei_zmanenu
wikidata:Q8051043,new,Q8051043,יחיאל אקשטיין,acharonei_zmanenu
wikidata:Q16132126,new,Q16132126,יצחק גרודזינסקי,acharonei_zmanenu
wikidata:Q12408258,new,Q12408258,יצחק יחיאל יעקבוביץ,acharonei_zmanenu
wikidata:Q1995843,new,Q1995843,ישראל אברהם פורטוגל,acharonei_zmanenu
wikidata:Q47402117,new,Q47402117,ישראל ניסן רוזנבוים,acharonei_zmanenu
wikidata:Q6816376,new,Q6816376,מנחם מנדל טאוב,acharonei_zmanenu
wikidata:Q66424161,new,Q66424161,נחום יברוב,acharonei_zmanenu
wikidata:Q2903929,new,Q2903929,נסים קרליץ,acharonei_zmanenu
wikidata:Q6962016,new,Q6962016,פנחס דורון,acharonei_zmanenu
wikidata:Q66476481,new,Q66476481,שלמה זלמן אולמן (זכרון מאיר),acharonei_zmanenu
wikidata:Q98102795,new,Q98102795,אברהם יצחק ברזל,acharonei_zmanenu
wikidata:Q20501917,new,Q20501917,אברהם ישעיהו הבר,acharonei_zmanenu
wikidata:Q4669133,new,Q4669133,אברהם פינטר,acharonei_zmanenu
wikidata:Q5362050,new,Q5362050,אליהו בקשי דורון,acharonei_zmanenu
wikidata:Q100580192,new,Q100580192,אשר יעקב וסטהיים,acharonei_zmanenu
wikidata:Q5529637,new,Q5529637,גדליה דוב שוורץ,acharonei_zmanenu
wikidata:Q2674942,new,Q2674942,דוד ברודמן,acharonei_zmanenu
wikidata:Q5302567,new,Q5302567,דוד פיינשטיין,acharonei_zmanenu
wikidata:Q8065529,new,Q8065529,זלמן נחמיה גולדברג,acharonei_zmanenu
wikidata:Q8051295,new,Q8051295,יהודה הרצל הנקין,acharonei_zmanenu
wikidata:Q2894948,new,Q2894948,יהודה לייב גרונר,acharonei_zmanenu
wikidata:Q336766,new,Q336766,יונתן זקס,acharonei_zmanenu
wikidata:Q6292165,new,Q6292165,יוסף פאור,acharonei_zmanenu
wikidata:Q8046301,new,Q8046301,יעקב פרלוב (ארצות הברית),acharonei_zmanenu
wikidata:Q108596937,new,Q108596937,יצחק אייזיק רוזנבוים (קליבלנד),acharonei_zmanenu
wikidata:Q20609647,new,Q20609647,ישראל חיים מנשה פרידמן,acharonei_zmanenu
wikidata:Q3810648,new,Q3810648,ישראל משה פרידמן,acharonei_zmanenu
wikidata:Q94916228,new,Q94916228,ישראל פרידמן (ניו יורק),acharonei_zmanenu
wikidata:Q12409094,new,Q12409094,מיכאל נהוראי,acharonei_zmanenu
wikidata:Q6909686,new,Q6909686,מרדכי ישכר בער לייפר,acharonei_zmanenu
wikidata:Q1962940,new,Q1962940,נחום אליעזר רבינוביץ',acharonei_zmanenu
wikidata:Q3878469,new,Q3878469,נחום לאם,acharonei_zmanenu
wikidata:Q7219202,new,Q7219202,סיני אדלר,acharonei_zmanenu
wikidata:Q357304,new,Q357304,עדין אבן-ישראל (שטיינזלץ),acharonei_zmanenu
wikidata:Q7171318,new,Q7171318,פסח אליהו פאלק,acharonei_zmanenu
wikidata:Q88946519,new,Q88946519,רומי כהן,acharonei_zmanenu
wikidata:Q93501273,new,Q93501273,שמואל ישכר רוזנגרטן,acharonei_zmanenu
wikidata:Q6650108,new,Q6650108,אברהם דב אוירבך (טבריה),acharonei_zmanenu
wikidata:Q43245611,new,Q43245611,אברהם חמרה,acharonei_zmanenu
wikidata:Q3569608,new,Q3569608,אברהם טברסקי,acharonei_zmanenu
wikidata:Q106434216,new,Q106434216,אברהם סטפנסקי,acharonei_zmanenu
wikidata:Q516228,new,Q516228,אליעזר ולדמן,acharonei_zmanenu
wikidata:Q122841139,new,Q122841139,אלעזר אלבז,acharonei_zmanenu
wikidata:Q5382263,new,Q5382263,אפרים פרדיננד איינהורן,acharonei_zmanenu
wikidata:Q4890338,new,Q4890338,בנט מלכיאור,acharonei_zmanenu
wikidata:Q75021,new,Q75021,ג'קי מייסון,acharonei_zmanenu
wikidata:Q5553106,new,Q5553106,גרשון מנדל גרליק,acharonei_zmanenu
wikidata:Q5067834,new,Q5067834,חיים ולדר,acharonei_zmanenu
wikidata:Q7212277,new,Q7212277,חיים מאיר ואזנר,acharonei_zmanenu
wikidata:Q6833618,new,Q6833618,יהושע צוקרמן,acharonei_zmanenu
wikidata:Q2070174,new,Q2070174,יואל כהן,acharonei_zmanenu
wikidata:Q7213028,new,Q7213028,יחזקאל ראטה,acharonei_zmanenu
wikidata:Q6587520,new,Q6587520,יצחק שיינר,acharonei_zmanenu
wikidata:Q111273261,new,Q111273261,ישראל דוד רוסט,acharonei_zmanenu
wikidata:Q111079998,new,Q111079998,מרדכי ליב קצנלנבוגן,acharonei_zmanenu
wikidata:Q19956046,new,Q19956046,משה בר בק,acharonei_zmanenu
wikidata:Q6916098,new,Q6916098,משה דוד טנדלר,acharonei_zmanenu
wikidata:Q2896274,new,Q2896274,משולם דוד הלוי סולובייצ'יק,acharonei_zmanenu
wikidata:Q6581908,new,Q6581908,רונן נויבירט,acharonei_zmanenu
wikidata:Q982976,new,Q982976,ריצ'רד ל' רובינשטיין,acharonei_zmanenu
wikidata:Q2891446,new,Q2891446,אורי זוהר,acharonei_zmanenu
wikidata:Q6542473,new,Q6542473,אליהו אבא שאול,acharonei_zmanenu
wikidata:Q28339544,new,Q28339544,אליעזר קוגל,acharonei_zmanenu
wikidata:Q22211224,new,Q22211224,אלן גולדמן,acharonei_zmanenu
wikidata:Q2778438,new,Q2778438,דוד הלבני,acharonei_zmanenu
wikidata:Q2915616,new,Q2915616,חיים דרוקמן,acharonei_zmanenu
wikidata:Q5067835,new,Q5067835,חיים וואלקין,acharonei_zmanenu
wikidata:Q2760338,new,Q2760338,חיים קניבסקי,acharonei_zmanenu
wikidata:Q5072563,new,Q5072563,חנוך ארנטרוי (לונדון),acharonei_zmanenu
wikidata:Q4617308,new,Q4617308,יואל שוורץ,acharonei_zmanenu
wikidata:Q4825769,new,Q4825769,יוסף דן,acharonei_zmanenu
wikidata:Q113620261,new,Q113620261,יחיאל בוחבוט,acharonei_zmanenu
wikidata:Q139496243,new,Q139496243,יצחק חלמיש,acharonei_zmanenu
wikidata:Q2090979,new,Q2090979,יצחק טוביה וייס,acharonei_zmanenu
wikidata:Q6984453,new,Q6984453,מרדכי שטרנברג,acharonei_zmanenu
wikidata:Q111360743,new,Q111360743,משה צבי בוחבוט,acharonei_zmanenu
wikidata:Q113451185,new,Q113451185,צבי סימן טוב,acharonei_zmanenu
wikidata:Q16130004,new,Q16130004,שלום כהן (רב),acharonei_zmanenu
wikidata:Q113617307,new,Q113617307,שלום לוי,acharonei_zmanenu
wikidata:Q113952400,new,Q113952400,שלמה גולדמן (1956),acharonei_zmanenu
wikidata:Q7499572,new,Q7499572,שלמה קרליבך (משגיח),acharonei_zmanenu
wikidata:Q6695203,new,Q6695203,שמואל זעפרני,acharonei_zmanenu
wikidata:Q6973529,new,Q6973529,שמחה הכהן קוק,acharonei_zmanenu
wikidata:Q7517471,new,Q7517471,שמחה קראוס,acharonei_zmanenu
wikidata:Q4662409,new,Q4662409,אהרן שכטר,acharonei_zmanenu
wikidata:Q5233337,new,Q5233337,דוד אלנסון,acharonei_zmanenu
wikidata:Q19798462,new,Q19798462,זאב אלעזר וולף,acharonei_zmanenu
wikidata:Q12257936,new,Q12257936,חי יצחק טברסקי,acharonei_zmanenu
wikidata:Q27009440,new,Q27009440,יוסף חיים קופשיץ,acharonei_zmanenu
wikidata:Q116481747,new,Q116481747,יוסף ליברמן (רב),acharonei_zmanenu
wikidata:Q76511363,new,Q76511363,מאיר אביטבול,acharonei_zmanenu
wikidata:Q7217525,new,Q7217525,משה גרילק,acharonei_zmanenu
wikidata:Q12409619,new,Q12409619,משה צוריאל,acharonei_zmanenu
wikidata:Q3425725,new,Q3425725,שמואל סיראט,acharonei_zmanenu
wikidata:Q24038305,new,Q24038305,שמחה כהן,acharonei_zmanenu
wikidata:Q6928315,new,Q6928315,שמעון אליטוב,acharonei_zmanenu
wikidata:Q16342191,new,Q16342191,שמעון בעדני,acharonei_zmanenu
wikidata:Q7056766,new,Q7056766,אהרן שאר-ישוב,acharonei_zmanenu
wikidata:Q93049539,new,Q93049539,אליהו אבוחצירא,acharonei_zmanenu
wikidata:Q111080869,new,Q111080869,אליהו ציון סופר,acharonei_zmanenu
wikidata:Q11030418,new,Q11030418,בן-ציון רבינוביץ,acharonei_zmanenu
wikidata:Q6710261,new,Q6710261,ברוך ויסבקר,acharonei_zmanenu
wikidata:Q27990424,new,Q27990424,דוד צדקה,acharonei_zmanenu
wikidata:Q6606288,new,Q6606288,יהודה בויאר,acharonei_zmanenu
wikidata:Q19891297,new,Q19891297,יהודה דרעי,acharonei_zmanenu
wikidata:Q8051049,new,Q8051049,יחיאל יצחק פאר,acharonei_zmanenu
wikidata:Q124715492,new,Q124715492,יעקב ישראל פוזן,acharonei_zmanenu
wikidata:Q116148197,new,Q116148197,יעקב פרץ (רב),acharonei_zmanenu
wikidata:Q7066965,new,Q7066965,מאיר וונדר,acharonei_zmanenu
wikidata:Q6981284,new,Q6981284,מייקל לרנר (רב),acharonei_zmanenu
wikidata:Q3866111,new,Q3866111,משה קוטלרסקי,acharonei_zmanenu
wikidata:Q6787611,new,Q6787611,מתתיהו סלומון,acharonei_zmanenu
wikidata:Q131314303,new,Q131314303,רצח צבי קוגן,acharonei_zmanenu
wikidata:Q113946266,new,Q113946266,שבתי זליקוביץ,acharonei_zmanenu
wikidata:Q131027623,new,Q131027623,שלמה חליווה (ראש ישיבה),acharonei_zmanenu
wikidata:Q14475841,new,Q14475841,שרגא פייבוש הגר,acharonei_zmanenu
wikidata:Q6889897,new,Q6889897,ברוך שמואל דויטש,acharonei_zmanenu
wikidata:Q2896999,new,Q2896999,דוב ברל ויין,acharonei_zmanenu
wikidata:Q6818901,new,Q6818901,יוסף גליקסברג,acharonei_zmanenu
wikidata:Q12408003,new,Q12408003,יוסף יצחק וילשנסקי,acharonei_zmanenu
wikidata:Q975673,new,Q975673,יצחק חליבה,acharonei_zmanenu
wikidata:Q16442044,new,Q16442044,יצחק עבאדי (רב),acharonei_zmanenu
wikidata:Q119962596,new,Q119962596,ישראל יפרח,acharonei_zmanenu
wikidata:Q12408762,new,Q12408762,מאיר מאזוז,acharonei_zmanenu
wikidata:Q2778248,new,Q2778248,מנחם הכהן,acharonei_zmanenu
wikidata:Q6602825,new,Q6602825,מנחם כהנא,acharonei_zmanenu
wikidata:Q6542883,new,Q6542883,משה ארנרייך,acharonei_zmanenu
wikidata:Q27020210,new,Q27020210,משה דימנטמן,acharonei_zmanenu
wikidata:Q7062357,new,Q7062357,נטע שילר,acharonei_zmanenu
wikidata:Q133909167,new,Q133909167,פינחס אדרי,acharonei_zmanenu
wikidata:Q135934214,new,Q135934214,צאלח אליהו,acharonei_zmanenu
wikidata:Q124769512,new,Q124769512,אביעזר שפירא,acharonei_zmanenu
wikidata:Q20610233,new,Q20610233,אליקים שלזינגר,acharonei_zmanenu
wikidata:Q4802691,new,Q4802691,אריה שטרן,acharonei_zmanenu
wikidata:Q49840386,new,Q49840386,גדעון לנגמן,acharonei_zmanenu
wikidata:Q20502917,new,Q20502917,דוד שמידל,acharonei_zmanenu
wikidata:Q2906971,new,Q2906971,יאיר לוי (פוליטיקאי),acharonei_zmanenu
wikidata:Q2902600,new,Q2902600,ירמיהו ברנובר,acharonei_zmanenu
wikidata:Q3155664,new,Q3155664,ישראל יצחק בזנסון,acharonei_zmanenu
wikidata:Q113679380,new,Q113679380,משה טופיק,acharonei_zmanenu
wikidata:Q140405035,new,Q140405035,עמוס גואטה,acharonei_zmanenu
wikidata:Q105548138,new,Q105548138,פטר קרדוש,acharonei_zmanenu
wikidata:Q16130022,new,Q16130022,שלום מאיר ולך,acharonei_zmanenu
wikidata:Q6681244,new,Q6681244,אברהם אלימלך פרלוב,acharonei_zmanenu
wikidata:Q20605774,new,Q20605774,אברהם יהושע השיל טברסקי (מכנובקה),acharonei_zmanenu
wikidata:Q7067477,new,Q7067477,אנטואן לוי,acharonei_zmanenu
wikidata:Q65216179,new,Q65216179,דז'ה קליין,acharonei_zmanenu
wikidata:Q7021235,new,Q7021235,חיים יעקב לוין,acharonei_zmanenu
wikidata:Q6903662,new,Q6903662,חיים שרגא פייבל פרנק,acharonei_zmanenu
wikidata:Q557278,new,Q557278,יהודה ליב קרינסקי,acharonei_zmanenu
wikidata:Q24038334,new,Q24038334,יעקב יוסף שלמה הלפרין,acharonei_zmanenu
wikidata:Q12408183,new,Q12408183,"יעקב כ""ץ (רב)",acharonei_zmanenu
wikidata:Q6638066,new,Q6638066,מאיר הכהן קפלן,acharonei_zmanenu
wikidata:Q16341126,new,Q16341126,נפתלי יוסף פריינד,acharonei_zmanenu
wikidata:Q7293948,new,Q7293948,רפאל חייא פונטרימולי,acharonei_zmanenu
wikidata:Q112862622,new,Q112862622,שלמה בראון,acharonei_zmanenu
wikidata:Q6586786,new,Q6586786,שרגא פייבל הינדס,acharonei_zmanenu
wikidata:Q5241455,new,Q5241455,"זמרא, דוד בן שלמה אבן,",acharonim
wikidata:Q975883,new,Q975883,יעקב קרנץ,acharonim
wikidata:Q9077,new,Q9077,משה,mikra
wikidata:Q6577515,new,Q6577515,שמואל,mikra
wikidata:Q188794,new,Q188794,ישעיהו,mikra
wikidata:Q191787,new,Q191787,עזרא הסופר,mikra
wikidata:Q2664632,new,Q2664632,שמעון הצדיק,zugot
wikidata:Q319062,new,Q319062,הבעל שם טוב,acharonim
toldot_tannaim:332920,ambiguous,,אבא,tannaim
toldot_tannaim:333900,new,tta-333900,אבא אבוה דר' אבא מרי,
toldot_tannaim:333901,new,tta-333901,אבא אבוה דר' ירמיה בר אבא,
toldot_tannaim:332938,new,tta-332938,אבא אבוה דר' שמלאי,
toldot_tannaim:333899,new,tta-333899,אבא אבי אביו דשמואל,
toldot_tannaim:333031,linked,Q4663686,אבא אומנא,
toldot_tannaim:333453,new,tta-333453,אבא אושעיא איש טריא,
toldot_tannaim:333656,new,tta-333656,אבא איסי בן יוחנן,
toldot_tannaim:333035,new,tta-333035,אבא אלעזר,
toldot_tannaim:333718,new,tta-333718,אבא אלעזר בן גימל,
toldot_tannaim:333722,new,tta-333722,אבא אלעזר בן דולעאי,
toldot_tannaim:333840,new,tta-333840,אבא אנטולי,
toldot_tannaim:333037,new,tta-333037,אבא ביראה,
toldot_tannaim:333098,new,tta-333098,אבא בן יוסי,tannaim
toldot_tannaim:333138,new,tta-333138,אבא בנו של רבן שמעון בן גמליאל הנהרג,
toldot_tannaim:333038,new,tta-333038,אבא בר אבא אבוה דשמואל כהן,
toldot_tannaim:333039,new,tta-333039,אבא בר אבא בר ממל,
toldot_tannaim:333040,new,tta-333040,אבא בר אבהו,
toldot_tannaim:333046,linked,Q25498181,אבא בר אחא בר סלא מכפרי,
toldot_tannaim:333056,new,tta-333056,אבא בר בנימין,
toldot_tannaim:333061,new,tta-333061,אבא בר בר חנא,
toldot_tannaim:333066,new,tta-333066,אבא בר הונא,
toldot_tannaim:333091,new,tta-333091,אבא בר חמא,
toldot_tannaim:333093,new,tta-333093,אבא בר חננא,
toldot_tannaim:333113,new,tta-333113,אבא בר מחסיא,
toldot_tannaim:333121,linked,Q4663670,אבא בר מרתא,
toldot_tannaim:333129,new,tta-333129,אבא בר קורייה,
toldot_tannaim:333131,new,tta-333131,אבא בר קפרא,
toldot_tannaim:333139,new,tta-333139,אבא בר תחליפא,
toldot_tannaim:333119,new,tta-333119,אבא בריה דרב מנימין,
toldot_tannaim:333132,new,tta-333132,אבא בריה דרבה בר רב הונא,
toldot_tannaim:333251,new,tta-333251,אבא דקרנא,
toldot_tannaim:333146,new,tta-333146,אבא הדורש,
toldot_tannaim:333156,new,tta-333156,אבא כהן ברדלא,
toldot_tannaim:333158,new,tta-333158,אבא מהגרוניא,
toldot_tannaim:333159,new,tta-333159,אבא מר בר רב אשי,
toldot_tannaim:333161,new,tta-333161,אבא מר בריה דרב פפא,
toldot_tannaim:333163,new,tta-333163,אבא מרי,
toldot_tannaim:333166,new,tta-333166,אבא מרי ריש גלותא,
toldot_tannaim:333170,new,tta-333170,אבא סוראה,
toldot_tannaim:333176,new,tta-333176,אבא צידוני,
toldot_tannaim:333178,new,tta-333178,אבא קשישא,
toldot_tannaim:333330,new,tta-333330,אבא תורן,
toldot_tannaim:333182,new,tta-333182,אבא תנחומא,
toldot_tannaim:333227,new,tta-333227,אבדן,
toldot_tannaim:333237,new,tta-333237,אבהו בר גניבא,
toldot_tannaim:333240,new,tta-333240,אבהו בר חנינא,
toldot_tannaim:333243,new,tta-333243,אבוברם,
toldot_tannaim:333244,new,tta-333244,אבוה,
toldot_tannaim:333246,new,tta-333246,אבוה בר איהי,
toldot_tannaim:333247,new,tta-333247,אבוה דר' אבין,
toldot_tannaim:333249,new,tta-333249,אבוה דר' זירא,
toldot_tannaim:333253,new,tta-333253,אבוה דשמואל בר אבין,
toldot_tannaim:333254,new,tta-333254,אבוה דשמואל בר רב יצחק,
toldot_tannaim:333256,new,tta-333256,אבויה,
toldot_tannaim:333264,new,tta-333264,אבטולוס בר ראובן,
toldot_tannaim:333265,linked,Q2695791,אבטולמוס,tannaim
toldot_tannaim:333257,new,tta-333257,אביבי סגוותאה,
toldot_tannaim:333269,linked,Q304924,אביי,amoraim
toldot_tannaim:333270,new,tta-333270,אביי,
toldot_tannaim:333272,new,tta-333272,אביי בר אבין,
toldot_tannaim:333274,new,tta-333274,אביי בר הונא,
toldot_tannaim:333275,new,tta-333275,אביי בר נאזי חמיו דרבינא,
toldot_tannaim:333271,new,tta-333271,אביי בריה דר' אבהו,
toldot_tannaim:333276,new,tta-333276,אביי דברדלייה,
toldot_tannaim:333277,new,tta-333277,אביי קשישא,
toldot_tannaim:333279,linked,Q6569449,אבימי,amoraim
toldot_tannaim:333284,new,tta-333284,אבימי בן רחבה מפומבדיתא,
toldot_tannaim:333281,new,tta-333281,אבימי בר טובי,
toldot_tannaim:333282,linked,Q21035167,אבימי בר נאזי,
toldot_tannaim:333283,linked,Q18575248,אבימי בר פפי,
toldot_tannaim:333280,new,tta-333280,אבימי בריה דר' אבהו,
toldot_tannaim:333285,new,tta-333285,אבימי דמן חבריא,
toldot_tannaim:333287,linked,Q21035168,אבימי מהגרוניא,
toldot_tannaim:333288,new,tta-333288,אבימי נותאה,
toldot_tannaim:333311,new,tta-333311,אבין בר חסדא,
toldot_tannaim:333305,new,tta-333305,אבין בר הונא,
toldot_tannaim:333322,new,tta-333322,אבין דמן נשיקיא,
toldot_tannaim:333328,new,tta-333328,אבין צפוראה,
toldot_tannaim:333340,new,tta-333340,אבלט,
toldot_tannaim:333344,new,tta-333344,אבסקנטה,
toldot_tannaim:333346,new,tta-333346,אברם חוזאה,
toldot_tannaim:333349,new,tta-333349,אגובר,
toldot_tannaim:333351,new,tta-333351,אגרא,
toldot_tannaim:333352,new,tta-333352,אגריפוס המלך,
toldot_tannaim:333355,new,tta-333355,אדא,
toldot_tannaim:333364,new,tta-333364,אדא בר אוכמי,
toldot_tannaim:333372,new,tta-333372,אדא בר בר חנא,
toldot_tannaim:333367,new,tta-333367,אדא בר גרשון,
toldot_tannaim:333368,new,tta-333368,אדא בר חבו,
toldot_tannaim:333379,new,tta-333379,אדא בר עתליה,
toldot_tannaim:333384,new,tta-333384,אדא בר תחליפא,
toldot_tannaim:333385,new,tta-333385,אדא ברבי,
toldot_tannaim:333387,new,tta-333387,אדא דיילא,
toldot_tannaim:333416,new,tta-333416,אדא הרפנאה,
toldot_tannaim:333424,new,tta-333424,אדא ציידא,
toldot_tannaim:333426,new,tta-333426,אדא שמשא,
toldot_tannaim:333427,new,tta-333427,אדמון בן גדאי,
toldot_tannaim:333430,new,tta-333430,אהבה בריה דר' זירא,
toldot_tannaim:333429,new,tta-333429,אהבה בריה דרב בנימין בר חייא,
toldot_tannaim:333438,new,tta-333438,אולפנא,
toldot_tannaim:333439,new,tta-333439,און בר אמי,
toldot_tannaim:333441,linked,Q2533433,אונקלוס הגר,
toldot_tannaim:333442,new,tta-333442,אוסטייא,
toldot_tannaim:333448,new,tta-333448,אושעיא,
toldot_tannaim:333463,new,tta-333463,אושעיא זעירא דמן חבריא,
toldot_tannaim:333465,new,tta-333465,אזגור מלכא,
toldot_tannaim:333469,new,tta-333469,אחא אחיו דאבא אבוה דר' ירמיה,
toldot_tannaim:333495,new,tta-333495,אחא בר חדייא דמתקרי אייא מרי,
toldot_tannaim:333518,new,tta-333518,אחא בר סלא מכפרי,
toldot_tannaim:333529,new,tta-333529,אחא בר שילא,
toldot_tannaim:333551,new,tta-333551,אחי,
toldot_tannaim:333554,new,tta-333554,אחי שקיא,
toldot_tannaim:333560,new,tta-333560,אחיה,
toldot_tannaim:333559,new,tta-333559,אחיה,
toldot_tannaim:333561,new,tta-333561,אחיה ושמעיה אחיו,
toldot_tannaim:333570,new,tta-333570,אחיתאי,
toldot_tannaim:333573,new,tta-333573,אחרים,
toldot_tannaim:333574,new,tta-333574,אטיטס,
toldot_tannaim:333580,new,tta-333580,איבו,
toldot_tannaim:333576,new,tta-333576,איבו אביו של רב,
toldot_tannaim:333577,new,tta-333577,איבו בנו של רב,
toldot_tannaim:333578,new,tta-333578,איבו נכד רב,
toldot_tannaim:333610,new,tta-333610,אידי בר יעקב,
toldot_tannaim:333617,new,tta-333617,איהי,
toldot_tannaim:333619,new,tta-333619,איו,
toldot_tannaim:333620,new,tta-333620,איכו,
toldot_tannaim:333621,linked,Q467142,אילא,
toldot_tannaim:333625,new,tta-333625,אילעאי,
toldot_tannaim:333637,new,tta-333637,אילפא ובירושלמי חילפיי,
toldot_tannaim:333645,new,tta-333645,אימא שלום,
toldot_tannaim:333646,new,tta-333646,איניונא,
toldot_tannaim:333668,new,tta-333668,איסור,
toldot_tannaim:333669,new,tta-333669,איסור גיורא,
toldot_tannaim:333650,new,tta-333650,איסי,
toldot_tannaim:333652,new,tta-333652,איסי אבוה דר' זירא,
toldot_tannaim:333655,linked,Q2905244,איסי בן יהודה,
toldot_tannaim:333660,new,tta-333660,איסי בן מנחם,
toldot_tannaim:333662,new,tta-333662,איסי בן עזאי,
toldot_tannaim:333666,new,tta-333666,איסי בן שמאי,
toldot_tannaim:333653,new,tta-333653,איסי בר אחא,
toldot_tannaim:333665,new,tta-333665,איסי בר שבתי,
toldot_tannaim:333658,new,tta-333658,איסי בריה דרב יצחק בריה דרב יהודה בר יחזקאל,
toldot_tannaim:333678,new,tta-333678,אישתתא,
toldot_tannaim:333632,new,tta-333632,אליהו,
toldot_tannaim:333634,new,tta-333634,אליהועיני,
toldot_tannaim:333635,new,tta-333635,אליהועיני בן הקוף,
toldot_tannaim:333709,new,tta-333709,אליעזר איש ביריא,
toldot_tannaim:333683,new,tta-333683,אליפוסה,
toldot_tannaim:333688,linked,Q542710,אלישע בן אבויה,
toldot_tannaim:333689,new,tta-333689,אלישע בעל כנפים,
toldot_tannaim:333690,new,tta-333690,אלכסא,
toldot_tannaim:333693,new,tta-333693,אלכסא,
toldot_tannaim:333697,new,tta-333697,אלכסנדר,
toldot_tannaim:333703,new,tta-333703,אלם,
toldot_tannaim:333706,ambiguous,,אלעזר,
toldot_tannaim:333713,new,tta-333713,אלעזר בן אחוי,
toldot_tannaim:333723,new,tta-333723,אלעזר בן דורדיא,
toldot_tannaim:333724,new,tta-333724,אלעזר בן דינאי,
toldot_tannaim:333730,new,tta-333730,אלעזר בן חנוך,
toldot_tannaim:333732,new,tta-333732,אלעזר בן חנניה בן חזקיה בן גרון,
toldot_tannaim:333733,new,tta-333733,"אלעזר בן חרסום כה""ג",
toldot_tannaim:333735,new,tta-333735,אלעזר בן יהודה איש אבלים,
toldot_tannaim:333762,new,tta-333762,אלעזר בן פועירה,
toldot_tannaim:333764,new,tta-333764,אלעזר בן פנחס,
toldot_tannaim:333799,new,tta-333799,אלעזר זעירא,
toldot_tannaim:333804,new,tta-333804,אלעזר ספרא,
toldot_tannaim:333806,new,tta-333806,אמוראי דנהרדעא,
toldot_tannaim:333807,new,tta-333807,אמוראי דפומבדיתא,
toldot_tannaim:333811,new,tta-333811,אמי אבוה דשמואל בר אמי,
toldot_tannaim:333814,new,tta-333814,אמי בר אבין,
toldot_tannaim:333829,new,tta-333829,אמי וורדנאה,
toldot_tannaim:333831,new,tta-333831,אמי שפיר נאה,
toldot_tannaim:333832,new,tta-333832,אמי תנוראה,
toldot_tannaim:333833,linked,Q454422,אמימר,
toldot_tannaim:333835,linked,Q7038220,אמימר בר מר ינוקא,
toldot_tannaim:333836,new,tta-333836,אמרי בי רב,
toldot_tannaim:333837,new,tta-333837,אמרי במערבא,
toldot_tannaim:333838,new,tta-333838,אנדרולינאי,
toldot_tannaim:333844,new,tta-333844,אנטונינוס,
toldot_tannaim:333843,linked,Q2590159,אנטיגנוס איש סוכו,
toldot_tannaim:333855,new,tta-333855,אסי בר היני,
toldot_tannaim:333867,new,tta-333867,אסיא,
toldot_tannaim:333872,new,tta-333872,אפיקולוס,
toldot_tannaim:333874,new,tta-333874,אפרא הורמיז אימיה דשבור מלכא,
toldot_tannaim:333875,new,tta-333875,אפרים מקשאה,
toldot_tannaim:333876,new,tta-333876,אפרים ספרא,
toldot_tannaim:333878,new,tta-333878,ארטבון,
toldot_tannaim:333880,new,tta-333880,אריוס,
toldot_tannaim:333882,new,tta-333882,אריסטון,
toldot_tannaim:333884,linked,Q742620,אשי,
toldot_tannaim:333890,new,tta-333890,אשיאן,
toldot_tannaim:333892,new,tta-333892,אשייאן נגרא,
toldot_tannaim:333894,linked,Q100559223,אשיין בר נדבך,
toldot_tannaim:333456,new,tta-333456,הושעיא בר זבדא,
toldot_tannaim:333128,new,tta-333128,ר' אבא בריה דר' פפי,
toldot_tannaim:333127,new,tta-333127,ר' אבא בר פפא,
toldot_tannaim:332922,ambiguous,,ר' אבא,
toldot_tannaim:332930,new,tta-332930,ר' אבא א,
toldot_tannaim:333034,new,tta-333034,ר' אבא אחוה דר' יהודה בר זבדי,
toldot_tannaim:333033,new,tta-333033,ר' אבא אחוה דרב בריה דרב משרשיה,
toldot_tannaim:332933,new,tta-332933,ר' אבא ב,
toldot_tannaim:333042,new,tta-333042,ר' אבא בר אבין,
toldot_tannaim:333043,new,tta-333043,ר' אבא בר אבינא,
toldot_tannaim:333044,new,tta-333044,ר' אבא בר אדא,
toldot_tannaim:333045,linked,Q30527570,ר' אבא בר אחא,
toldot_tannaim:333047,new,tta-333047,ר' אבא בר אחוה דר' יוסי,
toldot_tannaim:333049,linked,Q305760,ר' אבא בר איבו,
toldot_tannaim:333048,new,tta-333048,ר' אבא בר איבו,
toldot_tannaim:333051,new,tta-333051,ר' אבא בר אלישע,
toldot_tannaim:333052,new,tta-333052,ר' אבא בר אמי,
toldot_tannaim:333053,new,tta-333053,ר' אבא בר ביבי,
toldot_tannaim:333054,new,tta-333054,ר' אבא בר ביזנא,
toldot_tannaim:333068,new,tta-333068,ר' אבא בר המנונא,
toldot_tannaim:333069,new,tta-333069,ר' אבא בר זבדא,
toldot_tannaim:333070,new,tta-333070,ר' אבא בר זבינא,
toldot_tannaim:333084,new,tta-333084,ר' אבא בר זוטרא,
toldot_tannaim:333086,new,tta-333086,ר' אבא בר זעירא,
toldot_tannaim:333087,new,tta-333087,ר' אבא בר חייא בר אבא,
toldot_tannaim:333096,new,tta-333096,ר' אבא בר טבליי,
toldot_tannaim:333097,new,tta-333097,ר' אבא בר יהודה,
toldot_tannaim:333099,new,tta-333099,ר' אבא בר יוסף,
toldot_tannaim:333102,new,tta-333102,ר' אבא בר יסא,
toldot_tannaim:333103,new,tta-333103,ר' אבא בר יעקב,
toldot_tannaim:333104,new,tta-333104,ר' אבא בר יעקב בר אידי,
toldot_tannaim:333107,new,tta-333107,ר' אבא בר כהן,
toldot_tannaim:333108,new,tta-333108,ר' אבא בר כהנא,
toldot_tannaim:333109,new,tta-333109,ר' אבא בר כהנא בר יודן,
toldot_tannaim:333110,new,tta-333110,ר' אבא בר לוי,
toldot_tannaim:333114,new,tta-333114,ר' אבא בר מימי,
toldot_tannaim:333115,new,tta-333115,ר' אבא בר ממל,
toldot_tannaim:333120,new,tta-333120,ר' אבא בר מריא,
toldot_tannaim:333124,new,tta-333124,ר' אבא בר סיסי,
toldot_tannaim:333125,new,tta-333125,ר' אבא בר עילאי,
toldot_tannaim:333126,new,tta-333126,ר' אבא בר פפא,
toldot_tannaim:333105,new,tta-333105,ר' אבא בר רב יצחק,
toldot_tannaim:333137,new,tta-333137,ר' אבא בר שומני,
toldot_tannaim:333100,new,tta-333100,ר' אבא ברב יוסף בר רבא,
toldot_tannaim:332936,new,tta-332936,ר' אבא ג,
toldot_tannaim:333141,new,tta-333141,ר' אבא דמן חיפה,
toldot_tannaim:333143,new,tta-333143,ר' אבא דמן עכו,
toldot_tannaim:333144,new,tta-333144,ר' אבא דמן קיסרי,
toldot_tannaim:333149,new,tta-333149,ר' אבא החדייזה,
toldot_tannaim:333150,new,tta-333150,ר' אבא הכהן,
toldot_tannaim:333151,new,tta-333151,ר' אבא הכהן בר' אליעזר,
toldot_tannaim:333154,new,tta-333154,ר' אבא חסידא,
toldot_tannaim:333157,new,tta-333157,ר' אבא כיפ',
toldot_tannaim:333162,new,tta-333162,ר' אבא מרי,
toldot_tannaim:333164,new,tta-333164,ר' אבא מרי אחוה דר' יוסי,
toldot_tannaim:333165,new,tta-333165,ר' אבא מרי בצלאה,
toldot_tannaim:333172,new,tta-333172,ר' אבא סומקה,
toldot_tannaim:333173,new,tta-333173,ר' אבא סלא רבא,
toldot_tannaim:333175,new,tta-333175,ר' אבא סרונגיא,
toldot_tannaim:333177,new,tta-333177,ר' אבא קרטינאה,
toldot_tannaim:333220,new,tta-333220,ר' אבדומי דציפורין,
toldot_tannaim:333221,new,tta-333221,ר' אבדומי מלחא,
toldot_tannaim:333222,new,tta-333222,ר' אבדימום,
toldot_tannaim:333225,new,tta-333225,ר' אבדימוס,
toldot_tannaim:333184,new,tta-333184,ר' אבדימי,
toldot_tannaim:333186,new,tta-333186,ר' אבדימי אחוה דר' יוסי ב,
toldot_tannaim:333192,new,tta-333192,ר' אבדימי בר ברתיה דר' טובי,
toldot_tannaim:333188,new,tta-333188,ר' אבדימי בר המדורא,
toldot_tannaim:333189,linked,Q30526578,ר' אבדימי בר חמא בר חסא,
toldot_tannaim:333191,new,tta-333191,ר' אבדימי בר טובי,
toldot_tannaim:333193,new,tta-333193,ר' אבדימי בר נחוניא,
toldot_tannaim:333218,new,tta-333218,ר' אבדימי בר תנחום,
toldot_tannaim:333219,linked,Q574650,ר' אבדימי דמן חיפה,
toldot_tannaim:333232,ambiguous,,ר' אבהו,
toldot_tannaim:333234,ambiguous,,ר' אבהו,
toldot_tannaim:333238,new,tta-333238,ר' אבהו בר זוטרתי,
toldot_tannaim:333239,new,tta-333239,ר' אבהו בר זעירא,
toldot_tannaim:333241,new,tta-333241,ר' אבהו בר כהנא,
toldot_tannaim:333242,new,tta-333242,ר' אבהו בר נגרי,
toldot_tannaim:333312,new,tta-333312,ר' אבון בי ר' יוסי,
toldot_tannaim:333337,new,tta-333337,ר' אבונא ספרא,
toldot_tannaim:333333,new,tta-333333,ר' אבונה בר סחורה,
toldot_tannaim:333336,new,tta-333336,ר' אבונה זעירא,
toldot_tannaim:333261,new,tta-333261,ר' אבטולוס הזקן,tannaim
toldot_tannaim:333260,new,tta-333260,ר' אבטולס,amoraim
toldot_tannaim:333263,new,tta-333263,ר' אבטילס,
toldot_tannaim:333259,new,tta-333259,ר' אביה,
toldot_tannaim:333267,new,tta-333267,ר' אביטל ספרא,
toldot_tannaim:333306,new,tta-333306,ר' אבין בר חייא,
toldot_tannaim:333307,new,tta-333307,ר' אבין בר חייא בריה דר' שמעון,
toldot_tannaim:333297,linked,Q16133521,ר' אבין בר רב אדא,
toldot_tannaim:333318,new,tta-333318,ר' אבין בר שבא,
toldot_tannaim:333291,linked,Q6546877,ר' אבין,
toldot_tannaim:333293,new,tta-333293,ר' אבין אביו דר' אבין הלוי,
toldot_tannaim:333294,new,tta-333294,ר' אבין איש נחום,
toldot_tannaim:333292,new,tta-333292,ר' אבין,
toldot_tannaim:333296,new,tta-333296,ר' אבין בר אבין,
toldot_tannaim:333300,new,tta-333300,ר' אבין בר ביסנא,
toldot_tannaim:333304,new,tta-333304,ר' אבין בר בנימין,
toldot_tannaim:333309,new,tta-333309,ר' אבין בר חנין,
toldot_tannaim:333314,new,tta-333314,ר' אבין בר כהנא,
toldot_tannaim:333320,new,tta-333320,ר' אבין בריה דר' תנחום בר טרפון,
toldot_tannaim:333323,new,tta-333323,ר' אבין הלוי,
toldot_tannaim:333308,new,tta-333308,ר' אבין הלוי בר חמא,
toldot_tannaim:333324,new,tta-333324,ר' אבין זוטרתי,
toldot_tannaim:333326,linked,Q104399845,ר' אבין נגרא,
toldot_tannaim:333332,new,tta-333332,ר' אבינא,
toldot_tannaim:333339,new,tta-333339,ר' אביתר,
toldot_tannaim:333343,new,tta-333343,ר' אבסומכוס,
toldot_tannaim:333348,new,tta-333348,ר' אבשלום הזקן,tannaim
toldot_tannaim:333394,new,tta-333394,ר' אדא דקיסרין,
toldot_tannaim:333383,new,tta-333383,ר' אדא בר' שמעון,
toldot_tannaim:333380,new,tta-333380,ר' אדא בר פפא,
toldot_tannaim:333391,new,tta-333391,ר' אדא דמן יפו,
toldot_tannaim:333431,new,tta-333431,ר' אהבה בר כהנא,
toldot_tannaim:333440,new,tta-333440,ר' אוניא,
toldot_tannaim:333443,new,tta-333443,ר' אורי,
toldot_tannaim:333458,new,tta-333458,ר' אושעיא בנו של ר' יהודה הבושם,
toldot_tannaim:333457,new,tta-333457,ר' אושעיא בר' חייא,
toldot_tannaim:333460,new,tta-333460,ר' אושעיא בר' שמאי,
toldot_tannaim:333454,new,tta-333454,ר' אושעיא בר אבא,
toldot_tannaim:333455,new,tta-333455,ר' אושעיא בריה דרב אידי,
toldot_tannaim:333452,new,tta-333452,ר' אושעיא ובירושלמי הושעיא,
toldot_tannaim:333451,new,tta-333451,ר' אושעיא רבה,
toldot_tannaim:333468,linked,Q1394943,ר' אחא,amoraim
toldot_tannaim:333467,new,tta-333467,ר' אחא,tannaim
toldot_tannaim:333471,new,tta-333471,ר' אחא אחוי דר' יוסי מברקתיה,
toldot_tannaim:333502,new,tta-333502,ר' אחא בר' יוסי,
toldot_tannaim:333521,new,tta-333521,ר' אחא בר עולא,
toldot_tannaim:333474,new,tta-333474,ר' אחא בר אבא בר אחא,
toldot_tannaim:333477,new,tta-333477,ר' אחא בר אבין בר בנימין,
toldot_tannaim:333493,new,tta-333493,ר' אחא בר זבינא,
toldot_tannaim:333498,new,tta-333498,ר' אחא בר חנא,
toldot_tannaim:333499,new,tta-333499,ר' אחא בר חנינא,
toldot_tannaim:333500,new,tta-333500,ר' אחא בר חסדא,
toldot_tannaim:333506,new,tta-333506,ר' אחא בר יצחק,
toldot_tannaim:333507,new,tta-333507,ר' אחא בר מניומי,
toldot_tannaim:333517,new,tta-333517,ר' אחא בר סימון,
toldot_tannaim:333475,new,tta-333475,ר' אחא בריה דר' בא בר ממל,
toldot_tannaim:333533,new,tta-333533,ר' אחא דיפו,
toldot_tannaim:333534,new,tta-333534,ר' אחא הגדול,
toldot_tannaim:333547,new,tta-333547,ר' אחאי אמורא ירושלמי בדור,
toldot_tannaim:333549,new,tta-333549,ר' אחאי בר חנינא,tannaim
toldot_tannaim:333550,new,tta-333550,ר' אחאי בריבי,
toldot_tannaim:333553,new,tta-333553,ר' אחי בר' יאשיה,
toldot_tannaim:333564,new,tta-333564,ר' אחייא,
toldot_tannaim:333565,new,tta-333565,ר' אחייא בר אבא,
toldot_tannaim:333583,new,tta-333583,ר' איבו בר נגרי,
toldot_tannaim:333579,new,tta-333579,ר' איבו,
toldot_tannaim:333589,new,tta-333589,ר' אידי,
toldot_tannaim:333614,new,tta-333614,ר' אידי דחוטריה,
toldot_tannaim:333622,new,tta-333622,ר' אילא בריה דרב שמואל בר מרתא,
toldot_tannaim:333623,new,tta-333623,ר' אילאי דנציבין,
toldot_tannaim:333636,new,tta-333636,ר' אילם,
toldot_tannaim:333628,new,tta-333628,ר' אילעאי בן אלעזר,
toldot_tannaim:333639,new,tta-333639,ר' אילפי בר קרויא,
toldot_tannaim:333638,new,tta-333638,ר' אילפיי,
toldot_tannaim:333641,new,tta-333641,ר' אימי,
toldot_tannaim:333643,new,tta-333643,ר' אימי בר חיננא,
toldot_tannaim:333649,new,tta-333649,ר' איניא בר פזי,
toldot_tannaim:333647,new,tta-333647,ר' אינייא,
toldot_tannaim:333667,new,tta-333667,ר' איסי דקיסרין,
toldot_tannaim:333624,new,tta-333624,ר' אלאי היורש,
toldot_tannaim:333681,new,tta-333681,ר' אלוני בר טברי,
toldot_tannaim:333633,new,tta-333633,ר' אליהו,
toldot_tannaim:333720,new,tta-333720,ר' אליעזר בן דהבאי,
toldot_tannaim:333726,linked,Q1329310,ר' אליעזר בן הורקנוס,
toldot_tannaim:333729,new,tta-333729,ר' אליעזר בן חלפתא,amoraim
toldot_tannaim:333743,linked,Q1329293,ר' אליעזר בן יעקב,
toldot_tannaim:333744,new,tta-333744,ר' אליעזר בן יעקב,
toldot_tannaim:333686,linked,Q983259,ר' אלישיב,
toldot_tannaim:333691,new,tta-333691,ר' אלכסא,
toldot_tannaim:333699,new,tta-333699,ר' אלכסנדרי,
toldot_tannaim:333700,new,tta-333700,ר' אלכסנדרי בר חנאי,
toldot_tannaim:333701,new,tta-333701,ר' אלכסנדרי דצדוקא,
toldot_tannaim:333626,linked,Q679634,ר' אלעאי,
toldot_tannaim:333627,new,tta-333627,ר' אלעאי,amoraim
toldot_tannaim:333629,new,tta-333629,ר' אלעאי בר ברכיה,
toldot_tannaim:333630,new,tta-333630,ר' אלעאי בר מנחם,
toldot_tannaim:333631,new,tta-333631,ר' אלעאי בר שמעיה,
toldot_tannaim:333708,new,tta-333708,ר' אלעזר אבוי דר' יצחק בר נחמן,
toldot_tannaim:333787,new,tta-333787,"ר' אלעזר ב""ר שמעון בן יוחי",
toldot_tannaim:333710,new,tta-333710,ר' אלעזר בוצראה,
toldot_tannaim:333788,new,tta-333788,"ר' אלעזר בי ר""ש",
toldot_tannaim:333714,new,tta-333714,ר' אלעזר בן אנטיגנוס,
toldot_tannaim:333721,new,tta-333721,ר' אלעזר בן דלגאי,
toldot_tannaim:333725,new,tta-333725,ר' אלעזר בן דמא,
toldot_tannaim:333728,new,tta-333728,ר' אלעזר בן חגייא,
toldot_tannaim:333736,linked,Q2086119,ר' אלעזר בן יהודה איש ברתותא,
toldot_tannaim:333746,new,tta-333746,ר' אלעזר בן יצחק,
toldot_tannaim:333747,new,tta-333747,ר' אלעזר בן ירמיה,
toldot_tannaim:333750,new,tta-333750,ר' אלעזר בן מהבאי,
toldot_tannaim:333756,new,tta-333756,ר' אלעזר בן מתיא,
toldot_tannaim:333759,linked,Q1325787,ר' אלעזר בן עזריה,
toldot_tannaim:333760,linked,Q1325789,ר' אלעזר בן ערך,
toldot_tannaim:333761,linked,Q1325773,ר' אלעזר בן פדת,
toldot_tannaim:333763,new,tta-333763,ר' אלעזר בן פילא,
toldot_tannaim:333765,linked,Q2697384,ר' אלעזר בן פרטא,
toldot_tannaim:333786,new,tta-333786,ר' אלעזר בן שמוע הכהן,
toldot_tannaim:333791,new,tta-333791,ר' אלעזר בן תדאי,
toldot_tannaim:333792,new,tta-333792,ר' אלעזר בן תרדיון,
toldot_tannaim:333741,new,tta-333741,ר' אלעזר בנו של ר' יוסי הגלילי,
toldot_tannaim:333738,new,tta-333738,ר' אלעזר בר' יוסי בן זמרא,
toldot_tannaim:333739,new,tta-333739,ר' אלעזר בר' יוסי בן חלפתא,
toldot_tannaim:333742,new,tta-333742,ר' אלעזר בר' ינאי,
toldot_tannaim:333745,new,tta-333745,ר' אלעזר בר' יצחק,
toldot_tannaim:333767,new,tta-333767,ר' אלעזר בר' צדוק,tannaim
toldot_tannaim:333712,new,tta-333712,ר' אלעזר בר אבין,
toldot_tannaim:333711,new,tta-333711,ר' אלעזר בר אבינא,
toldot_tannaim:333716,new,tta-333716,ר' אלעזר בר ביסנא,
toldot_tannaim:333717,new,tta-333717,ר' אלעזר בר ברכיה,
toldot_tannaim:333731,new,tta-333731,ר' אלעזר בר חנינא,
toldot_tannaim:333737,new,tta-333737,ר' אלעזר בר יוסי,
toldot_tannaim:333748,new,tta-333748,ר' אלעזר בר ישיטה,
toldot_tannaim:333749,new,tta-333749,ר' אלעזר בר ישמעאל,
toldot_tannaim:333751,new,tta-333751,ר' אלעזר בר מלאי,
toldot_tannaim:333752,new,tta-333752,ר' אלעזר בר מנחם,
toldot_tannaim:333753,new,tta-333753,ר' אלעזר בר מניומי,
toldot_tannaim:333754,new,tta-333754,ר' אלעזר בר מרום,
toldot_tannaim:333755,new,tta-333755,ר' אלעזר בר מרינוס,
toldot_tannaim:333794,new,tta-333794,ר' אלעזר דמן נינוה,
toldot_tannaim:333793,new,tta-333793,ר' אלעזר דמן רומא,
toldot_tannaim:333795,new,tta-333795,ר' אלעזר דרומה,
toldot_tannaim:333796,linked,Q982078,ר' אלעזר המודעי,
toldot_tannaim:333798,new,tta-333798,ר' אלעזר הקפר בריבי,
toldot_tannaim:333800,linked,Q982199,ר' אלעזר חסמא,
toldot_tannaim:333801,new,tta-333801,ר' אלעזר חרסנה,
toldot_tannaim:333802,new,tta-333802,ר' אלעזר מהגרוניא,
toldot_tannaim:333803,new,tta-333803,ר' אלעזר ניותאה,
toldot_tannaim:333805,new,tta-333805,ר' אלעשא,
toldot_tannaim:333809,new,tta-333809,ר' אמי,
toldot_tannaim:333810,new,tta-333810,ר' אמי בבלאי,
toldot_tannaim:333812,new,tta-333812,ר' אמי אסיא,
toldot_tannaim:333813,new,tta-333813,ר' אמי בר אבא,
toldot_tannaim:333820,new,tta-333820,ר' אמי בר טביומי,
toldot_tannaim:333823,new,tta-333823,ר' אמי בר מתנה,
toldot_tannaim:333825,new,tta-333825,ר' אמי בר עוקבא,
toldot_tannaim:333827,new,tta-333827,ר' אמי בר קרחה,
toldot_tannaim:333828,new,tta-333828,ר' אמי בר שמואל,
toldot_tannaim:333846,new,tta-333846,ר' אנינייא בר סיסי,
toldot_tannaim:333849,new,tta-333849,ר' אסא,
toldot_tannaim:333856,new,tta-333856,ר' אסי בר חייא,
toldot_tannaim:333857,new,tta-333857,ר' אסי בר חמא,
toldot_tannaim:333858,new,tta-333858,ר' אסי בר חנינא,
toldot_tannaim:333859,new,tta-333859,ר' אסי בר ממל,
toldot_tannaim:333860,new,tta-333860,ר' אסי בר מתיא,
toldot_tannaim:333852,new,tta-333852,ר' אסי חבירו דר' אמי,
toldot_tannaim:333866,new,tta-333866,ר' אסי מנהרבול,
toldot_tannaim:333869,new,tta-333869,ר' אפטוריקי,
toldot_tannaim:333871,new,tta-333871,ר' אפס,
toldot_tannaim:333881,new,tta-333881,ר' אריסטי,
toldot_tannaim:333883,new,tta-333883,ר' ארמניא,
toldot_tannaim:333889,new,tta-333889,ר' אשיאן,
toldot_tannaim:333891,new,tta-333891,ר' אשייאן בר יקים,
toldot_tannaim:333313,new,tta-333313,ר' בון בר כהן,
toldot_tannaim:333461,new,tta-333461,ר' הושעיא בריה דר' שמלאי דקיסרין,
toldot_tannaim:333464,new,tta-333464,ר' הושעיא תורגמנא,
toldot_tannaim:333233,ambiguous,,רב אבהו,
toldot_tannaim:333354,new,tta-333354,רב אדא,
toldot_tannaim:333357,new,tta-333357,רב אדא בר אבימי,
toldot_tannaim:333358,new,tta-333358,רב אדא בר אבין,
toldot_tannaim:333360,linked,Q1410699,רב אדא בר אהבה,
toldot_tannaim:333361,new,tta-333361,רב אדא בר אהבה ב בימי רבא,
toldot_tannaim:333362,new,tta-333362,רב אדא בר אהבה,
toldot_tannaim:333365,new,tta-333365,רב אדא בר אחא,
toldot_tannaim:333370,new,tta-333370,רב אדא בר חוניא,
toldot_tannaim:333369,new,tta-333369,רב אדא בר חמא,
toldot_tannaim:333374,new,tta-333374,רב אדא בר מניומי,
toldot_tannaim:333375,new,tta-333375,רב אדא בר מתנא,
toldot_tannaim:333382,new,tta-333382,רב אדא בר שימי,
toldot_tannaim:333371,new,tta-333371,רב אדא ברב חיננא,
toldot_tannaim:333378,new,tta-333378,רב אדא ברב עזא,
toldot_tannaim:333363,new,tta-333363,רב אדא בריה דרב אויא,
toldot_tannaim:333366,new,tta-333366,רב אדא בריה דרב איקא,
toldot_tannaim:333373,new,tta-333373,רב אדא בריה דרב יצחק,
toldot_tannaim:333381,new,tta-333381,רב אדא בריה דרבא,
toldot_tannaim:333417,new,tta-333417,רב אדא מבי כלוחית,
toldot_tannaim:333418,new,tta-333418,רב אדא מסורא,
toldot_tannaim:333419,new,tta-333419,רב אדא מרי,
toldot_tannaim:333421,new,tta-333421,רב אדא נרשאה,
toldot_tannaim:333422,new,tta-333422,רב אדא סבא,
toldot_tannaim:333425,new,tta-333425,רב אדא קרחנאה,
toldot_tannaim:333432,new,tta-333432,רב אהילאי,
toldot_tannaim:333434,linked,Q62758092,רב אהרן,
toldot_tannaim:333435,new,tta-333435,רב אויא,
toldot_tannaim:333436,new,tta-333436,רב אויא סבא מפומבדיתא,
toldot_tannaim:333470,new,tta-333470,רב אחא אחוה דמר אחאי,
toldot_tannaim:333472,new,tta-333472,רב אחא אריכא,
toldot_tannaim:333473,new,tta-333473,רב אחא בר אבא,
toldot_tannaim:333476,linked,Q6510428,רב אחא בר אביי,
toldot_tannaim:333478,linked,Q6582301,רב אחא בר אדא,
toldot_tannaim:333479,new,tta-333479,רב אחא בר אהבה,
toldot_tannaim:333481,new,tta-333481,רב אחא בר אושעיא,
toldot_tannaim:333485,new,tta-333485,רב אחא בר אלישיב,
toldot_tannaim:333488,new,tta-333488,רב אחא בר ביבי מר,
toldot_tannaim:333489,new,tta-333489,רב אחא בר ביזנא,
toldot_tannaim:333492,linked,Q6741480,רב אחא בר הונא,
toldot_tannaim:333503,linked,Q12411197,רב אחא בר יוסף,
toldot_tannaim:333505,linked,Q4694892,רב אחא בר יעקב,
toldot_tannaim:333509,new,tta-333509,רב אחא בר נפחא,
toldot_tannaim:333510,new,tta-333510,רב אחא בר נתן,
toldot_tannaim:333519,new,tta-333519,רב אחא בר עויא,
toldot_tannaim:333523,new,tta-333523,רב אחא בר פנחס,
toldot_tannaim:333526,linked,Q4694908,רב אחא בר רב,
toldot_tannaim:333525,new,tta-333525,רב אחא בר רב קטינא,
toldot_tannaim:333527,new,tta-333527,רב אחא בר רבא,
toldot_tannaim:333530,new,tta-333530,רב אחא בר שישא,
toldot_tannaim:333531,new,tta-333531,רב אחא בר תחליפא,
toldot_tannaim:333522,new,tta-333522,רב אחא ברב עזא,
toldot_tannaim:333491,linked,Q6560952,רב אחא ברדלא,
toldot_tannaim:333497,new,tta-333497,רב אחא בריה דר' חייא בר אבא,
toldot_tannaim:333480,linked,Q120861203,רב אחא בריה דרב אויא,
toldot_tannaim:333482,new,tta-333482,רב אחא בריה דרב אחא,
toldot_tannaim:333484,new,tta-333484,רב אחא בריה דרב איקא,
toldot_tannaim:333486,new,tta-333486,רב אחא בריה דרב אמי,
toldot_tannaim:333487,new,tta-333487,רב אחא בריה דרב אשי,
toldot_tannaim:333496,new,tta-333496,רב אחא בריה דרב חייא,
toldot_tannaim:333504,new,tta-333504,רב אחא בריה דרב ייבא,
toldot_tannaim:333508,new,tta-333508,רב אחא בריה דרב נחמן,
toldot_tannaim:333532,new,tta-333532,רב אחא גלילאה,
toldot_tannaim:333535,new,tta-333535,רב אחא מאקרא דאגמא,
toldot_tannaim:333536,new,tta-333536,רב אחא מבי חוזאה,
toldot_tannaim:333539,new,tta-333539,רב אחא מדיפתא,
toldot_tannaim:333540,new,tta-333540,רב אחא מהוצל,
toldot_tannaim:333541,new,tta-333541,רב אחא מפרזיקיא,
toldot_tannaim:333542,new,tta-333542,רב אחא סבא,
toldot_tannaim:333543,new,tta-333543,רב אחא קרחנאה,
toldot_tannaim:333544,new,tta-333544,רב אחא קרטיגנאה,
toldot_tannaim:333546,new,tta-333546,רב אחא שר הבירה,
toldot_tannaim:333548,new,tta-333548,רב אחאי,
toldot_tannaim:333566,new,tta-333566,רב אחדבוי אחוי דמר אחא,
toldot_tannaim:333567,new,tta-333567,רב אחדבוי בר אבין,
toldot_tannaim:333568,new,tta-333568,רב אחדבוי בר אמי,
toldot_tannaim:333569,new,tta-333569,רב אחדבוי בר רב מתנה,
toldot_tannaim:333552,new,tta-333552,רב אחי,
toldot_tannaim:333563,new,tta-333563,רב אחיי דמן אחא,
toldot_tannaim:333572,new,tta-333572,רב אחלי,
toldot_tannaim:333585,new,tta-333585,רב אידאי,
toldot_tannaim:333588,new,tta-333588,רב אידי,
toldot_tannaim:333590,ambiguous,,רב אידי בר אבין,
toldot_tannaim:333591,new,tta-333591,רב אידי בר אבין השני,
toldot_tannaim:333605,new,tta-333605,רב אידי בר אושעיא,
toldot_tannaim:333609,new,tta-333609,רב אידי בר גרשום,
toldot_tannaim:333613,new,tta-333613,רב אידי בר שישי,
toldot_tannaim:333608,new,tta-333608,רב אידי בריה דרב איקא,
toldot_tannaim:333615,new,tta-333615,רב אידי סרסיה דרב ששת,
toldot_tannaim:333616,new,tta-333616,רב אידית,
toldot_tannaim:333672,new,tta-333672,רב איקא,
toldot_tannaim:333673,new,tta-333673,רב איקא בר אבין,
toldot_tannaim:333675,new,tta-333675,רב איקא בריה דרב אמי,
toldot_tannaim:333676,new,tta-333676,רב איקא בריה דרב חיננא,
toldot_tannaim:333677,new,tta-333677,רב איקא מפשרוניא,
toldot_tannaim:333685,new,tta-333685,רב אליקים,
toldot_tannaim:333815,new,tta-333815,רב אמי בר אדא הרפנאה,
toldot_tannaim:333816,new,tta-333816,רב אמי בר אהבה,
toldot_tannaim:333818,new,tta-333818,רב אמי בר חייא,
toldot_tannaim:333851,linked,Q741458,רב אסי,
toldot_tannaim:333854,new,tta-333854,"רב אסי בר אבא. א""ר יוחנן",
toldot_tannaim:333861,new,tta-333861,רב אסי בר נתן,
toldot_tannaim:333853,new,tta-333853,רב אסי חבירו דר' אשי,
toldot_tannaim:333885,new,tta-333885,רב אשי,
toldot_tannaim:333886,new,tta-333886,רב אשי בר אבין,
toldot_tannaim:333887,new,tta-333887,רב אשי מאוירא,
toldot_tannaim:333459,new,tta-333459,רב הושעיא בר רב יצחק,
toldot_tannaim:333315,new,tta-333315,"רבין בריה דר""נ",
toldot_tannaim:333295,new,tta-333295,רבין בר אבא,
toldot_tannaim:333310,new,tta-333310,רבין בר חיננא,
toldot_tannaim:333316,new,tta-333316,רבין בר עולא,
toldot_tannaim:333317,new,tta-333317,רבין בר קיסי,
toldot_tannaim:333319,new,tta-333319,רבין בר שמואל,
toldot_tannaim:333321,new,tta-333321,רבין דמן גרש,
toldot_tannaim:333325,new,tta-333325,רבין חסידא,
toldot_tannaim:333327,new,tta-333327,רבין סבא,
toldot_tannaim:380562,linked,Q30527571,אבא בנימין,
toldot_tannaim:334678,new,tta-334678,באדן,
toldot_tannaim:334679,new,tta-334679,באלי,
toldot_tannaim:334682,linked,Q2070197,בבא בן בוטא,
toldot_tannaim:335062,new,tta-335062,בהא,
toldot_tannaim:379114,new,tta-379114,בונייס בן בונייס,
toldot_tannaim:379117,new,tta-379117,בטי בר טוביה,
toldot_tannaim:379120,new,tta-379120,בטיטיי,
toldot_tannaim:379121,new,tta-379121,בטנית,
toldot_tannaim:379122,new,tta-379122,בטרים בר יטסס,
toldot_tannaim:379244,new,tta-379244,ביבי בר גוזלון,
toldot_tannaim:379247,new,tta-379247,ביבי מר,
toldot_tannaim:379255,new,tta-379255,בילל,
toldot_tannaim:379265,new,tta-379265,בירא,
toldot_tannaim:379268,new,tta-379268,בית אבטינוס,
toldot_tannaim:379269,new,tta-379269,בית בייתוס,
toldot_tannaim:379271,new,tta-379271,בית גרמו,
toldot_tannaim:379272,new,tta-379272,בית דין של חשמונאים,
toldot_tannaim:379273,new,tta-379273,בית דין של צדוקים,
toldot_tannaim:379275,new,tta-379275,בית חגירה,
toldot_tannaim:379276,new,tta-379276,בית נתזה,
toldot_tannaim:379277,new,tta-379277,בית צריפה,
toldot_tannaim:379280,new,tta-379280,ביתוס בן זונין,
toldot_tannaim:379281,new,tta-379281,בלווטא,
toldot_tannaim:379282,new,tta-379282,בלוריא הגיורת,
toldot_tannaim:379283,new,tta-379283,בלצא,
toldot_tannaim:379284,new,tta-379284,בן אחייה,
toldot_tannaim:379288,new,tta-379288,בן אלעשה,
toldot_tannaim:379289,new,tta-379289,בן אנטיגנוס,
toldot_tannaim:379290,new,tta-379290,בן ארזה,
toldot_tannaim:379291,new,tta-379291,בן בבי,
toldot_tannaim:379293,new,tta-379293,בן בוהיין,
toldot_tannaim:379294,new,tta-379294,בן בוכרי,
toldot_tannaim:380494,new,tta-380494,בן בטיח,
toldot_tannaim:380497,new,tta-380497,בן גבר,
toldot_tannaim:380500,new,tta-380500,בן דופאי,
toldot_tannaim:380499,new,tta-380499,בן דינאי,
toldot_tannaim:380501,new,tta-380501,בן דרוסאי,
toldot_tannaim:380504,new,tta-380504,בן הסגן,
toldot_tannaim:380507,new,tta-380507,בן זזא,
toldot_tannaim:380508,new,tta-380508,בן זכאי,
toldot_tannaim:380510,new,tta-380510,בן טוטפת,
toldot_tannaim:380511,new,tta-380511,בן יאסיין,
toldot_tannaim:380512,new,tta-380512,בן יהוצדק,
toldot_tannaim:380513,new,tta-380513,בן יצף,
toldot_tannaim:380516,new,tta-380516,בן כוזבה,
toldot_tannaim:380517,new,tta-380517,בן כלבא שבוע,
toldot_tannaim:380518,new,tta-380518,בן מארא,
toldot_tannaim:380520,new,tta-380520,בן מקליט,
toldot_tannaim:380522,new,tta-380522,בן נצר,
toldot_tannaim:380523,new,tta-380523,בן סבר,
toldot_tannaim:380524,new,tta-380524,בן סירא,
toldot_tannaim:380526,new,tta-380526,בן פזי,
toldot_tannaim:380533,new,tta-380533,בן פלח,
toldot_tannaim:380534,new,tta-380534,בן ציון,
toldot_tannaim:380535,new,tta-380535,בן ציצית הכסת,
toldot_tannaim:380537,new,tta-380537,בן קוביסין,
toldot_tannaim:380538,new,tta-380538,בן קופיא,
toldot_tannaim:380539,new,tta-380539,בן קטין,
toldot_tannaim:380536,new,tta-380536,בן קידרה,
toldot_tannaim:380540,new,tta-380540,בן קמצר,
toldot_tannaim:380541,new,tta-380541,בן רחומי,
toldot_tannaim:380543,new,tta-380543,בן שלקות,
toldot_tannaim:380544,new,tta-380544,בן תדל,
toldot_tannaim:380546,new,tta-380546,בן תמליון,
toldot_tannaim:380560,new,tta-380560,בנימין,
toldot_tannaim:380567,new,tta-380567,בנימין אסיא,
toldot_tannaim:380571,new,tta-380571,בנימין בר אשתור,
toldot_tannaim:380580,new,tta-380580,בנימין גנזכייה,
toldot_tannaim:380583,new,tta-380583,בנימין הצדיק,tannaim
toldot_tannaim:380584,new,tta-380584,בנימין רעיא,
toldot_tannaim:380588,new,tta-380588,בר אבוה,
toldot_tannaim:380589,new,tta-380589,בר אביי,
toldot_tannaim:380592,new,tta-380592,בר אבין,
toldot_tannaim:380616,new,tta-380616,בר אדא בר אחוה דר' יהודה,
toldot_tannaim:380617,new,tta-380617,בר אדא מרי,
toldot_tannaim:380618,new,tta-380618,בר אדא משוחאה,
toldot_tannaim:380619,new,tta-380619,בר אדא סבולאה,
toldot_tannaim:380620,new,tta-380620,בר אהינא,
toldot_tannaim:380621,new,tta-380621,בר אלישיב,
toldot_tannaim:380622,new,tta-380622,בר אלנתן,
toldot_tannaim:380623,new,tta-380623,בר ביניתוס,
toldot_tannaim:380624,new,tta-380624,בר גלילא,
toldot_tannaim:380625,new,tta-380625,בר דליה,
toldot_tannaim:380627,new,tta-380627,בר דרומא,
toldot_tannaim:380629,new,tta-380629,בר הא הא,
toldot_tannaim:380628,new,tta-380628,בר הדיא,
toldot_tannaim:380630,new,tta-380630,בר הינק,
toldot_tannaim:380631,new,tta-380631,בר המדורא,
toldot_tannaim:380633,new,tta-380633,בר זוזא,
toldot_tannaim:380634,new,tta-380634,בר חבו,
toldot_tannaim:380636,new,tta-380636,בר חטייא,
toldot_tannaim:380637,new,tta-380637,בר חמא,
toldot_tannaim:380638,new,tta-380638,בר טברי,
toldot_tannaim:380641,new,tta-380641,בר יוחנא,
toldot_tannaim:380643,new,tta-380643,בר ינטה,
toldot_tannaim:380644,new,tta-380644,בר ישיטא,
toldot_tannaim:380645,new,tta-380645,בר כדה,
toldot_tannaim:380646,new,tta-380646,בר לוליתא,
toldot_tannaim:380647,new,tta-380647,בר לופייני,
toldot_tannaim:380648,new,tta-380648,בר ליואי,
toldot_tannaim:380649,new,tta-380649,בר לקישא,
toldot_tannaim:381346,new,tta-381346,בר מריון,
toldot_tannaim:381347,new,tta-381347,בר מרינא,
toldot_tannaim:381349,new,tta-381349,בר נטיזא,
toldot_tannaim:381351,new,tta-381351,בר סיסין,
toldot_tannaim:381352,new,tta-381352,בר עולא,
toldot_tannaim:381353,new,tta-381353,בר עולא חזנא,
toldot_tannaim:381354,new,tta-381354,בר עיטיין,
toldot_tannaim:381451,new,tta-381451,בר פזי דברדלייה,
toldot_tannaim:381452,new,tta-381452,בר פחתי,
toldot_tannaim:381450,new,tta-381450,בר פטא,
toldot_tannaim:381453,new,tta-381453,בר פיולי,
toldot_tannaim:381454,new,tta-381454,בר פיקה,
toldot_tannaim:381455,new,tta-381455,בר ציתאי,
toldot_tannaim:381456,new,tta-381456,בר צרצור,
toldot_tannaim:381457,new,tta-381457,בר קזא,
toldot_tannaim:381514,linked,Q449117,בר קפרא,
toldot_tannaim:381515,new,tta-381515,בר קשא,
toldot_tannaim:381516,new,tta-381516,בר ראשון,
toldot_tannaim:381518,new,tta-381518,בר שישך,
toldot_tannaim:381517,new,tta-381517,בר שלמיא ספרא,
toldot_tannaim:381519,new,tta-381519,בר תוטני,
toldot_tannaim:381520,new,tta-381520,בר תמלון,
toldot_tannaim:381521,new,tta-381521,בר תרימה,
toldot_tannaim:381529,new,tta-381529,ברוריא,
toldot_tannaim:381530,new,tta-381530,בריבי,
toldot_tannaim:381547,new,tta-381547,בתא,
toldot_tannaim:334677,new,tta-334677,ר' בא,
toldot_tannaim:335061,new,tta-335061,ר' בדן,
toldot_tannaim:379108,new,tta-379108,ר' בוטא,
toldot_tannaim:379115,new,tta-379115,ר' בורקי,
toldot_tannaim:379125,new,tta-379125,ר' ביבא בר אחא,
toldot_tannaim:379126,new,tta-379126,ר' ביבא רבה,
toldot_tannaim:379250,new,tta-379250,ר' ביבון בר חייא,
toldot_tannaim:379246,new,tta-379246,ר' ביבי בר כהנא,
toldot_tannaim:379242,new,tta-379242,ר' ביבי בריה דר' אמי,
toldot_tannaim:379248,new,tta-379248,ר' ביבי מרנניא,
toldot_tannaim:379254,new,tta-379254,ר' ביזנא בר זבדא,
toldot_tannaim:379279,new,tta-379279,ר' בייתוס,
toldot_tannaim:379262,new,tta-379262,ר' ביסא,
toldot_tannaim:379264,new,tta-379264,ר' ביסנא,
toldot_tannaim:379267,new,tta-379267,ר' בירים,
toldot_tannaim:380552,linked,Q450436,ר' בנאה,
toldot_tannaim:380555,new,tta-380555,ר' בנאה אחוה דר' חייא בר אבא,
toldot_tannaim:380551,new,tta-380551,ר' בנאה הקדמון,
toldot_tannaim:380556,new,tta-380556,ר' בנאי בריה דר' עולא,
toldot_tannaim:380553,new,tta-380553,ר' בניי,
toldot_tannaim:380554,new,tta-380554,ר' בנייה,
toldot_tannaim:380564,new,tta-380564,ר' בנימין,
toldot_tannaim:380573,new,tta-380573,ר' בנימין בר גידל,
toldot_tannaim:380574,new,tta-380574,ר' בנימין בר חייא,
toldot_tannaim:380576,new,tta-380576,ר' בנימין בר יפת,
toldot_tannaim:380577,new,tta-380577,ר' בנימין בר לוי,
toldot_tannaim:380586,new,tta-380586,ר' בצלאל,
toldot_tannaim:380585,new,tta-380585,ר' בצלה,
toldot_tannaim:381526,new,tta-381526,ר' ברוקא,
toldot_tannaim:381527,new,tta-381527,ר' ברוקא חוזאה,
toldot_tannaim:381528,new,tta-381528,ר' ברוקיא,
toldot_tannaim:381531,new,tta-381531,ר' ברייס,
toldot_tannaim:381533,linked,Q7278538,ר' ברכיה,
toldot_tannaim:381534,new,tta-381534,ר' ברכיה בוצריה,
toldot_tannaim:381538,new,tta-381538,ר' ברכיה בר' חלבו,
toldot_tannaim:381543,new,tta-381543,"ר' ברכיה בר' סימון נכד ריב""ל",
toldot_tannaim:381535,new,tta-381535,ר' ברכיה בר אבא בר כהנא,
toldot_tannaim:381536,new,tta-381536,ר' ברכיה בר אבוה,
toldot_tannaim:381537,new,tta-381537,ר' ברכיה בר חייא הכהן,
toldot_tannaim:381539,new,tta-381539,ר' ברכיה בר חנינא בר איקא,
toldot_tannaim:381540,new,tta-381540,ר' ברכיה בר יהודה בר' סימון,
toldot_tannaim:381541,new,tta-381541,ר' ברכיה בר יעקב בר בת יעקב,
toldot_tannaim:381542,new,tta-381542,ר' ברכיה בר יצחק,
toldot_tannaim:381544,new,tta-381544,ר' ברכיה הכהן,
toldot_tannaim:381545,new,tta-381545,"ר' ברכיה הכהן ב""ר",
toldot_tannaim:381546,new,tta-381546,ר' ברכיה סבא,
toldot_tannaim:335058,new,tta-335058,רב בבהו,
toldot_tannaim:335059,new,tta-335059,רב בבי,
toldot_tannaim:335063,new,tta-335063,רב בודיא,
toldot_tannaim:379128,linked,Q6976406,רב ביבי,
toldot_tannaim:379241,new,tta-379241,רב ביבי בר אבונא,
toldot_tannaim:379240,linked,Q7016001,רב ביבי בר אביי,
toldot_tannaim:379243,new,tta-379243,רב ביבי בר ביזנא,
toldot_tannaim:379245,new,tta-379245,רב ביבי בר גידל,
toldot_tannaim:379260,new,tta-379260,רב בינה,
toldot_tannaim:380626,new,tta-380626,רב ברדלא בר טביומי,
toldot_tannaim:381524,linked,Q7296277,רב ברונא,
toldot_tannaim:379147,new,tta-379147,רבי ביבי,
toldot_tannaim:381592,new,tta-381592,אבא גוריא,
toldot_tannaim:381596,new,tta-381596,אבא גוריון איש ציידין,
toldot_tannaim:381561,new,tta-381561,גביהא בן פסיסא,
toldot_tannaim:381573,new,tta-381573,גביני,
toldot_tannaim:381574,new,tta-381574,גביני בן חרסון,
toldot_tannaim:381584,new,tta-381584,גובתא דאריח,
toldot_tannaim:381586,new,tta-381586,גודגדא,
toldot_tannaim:381589,new,tta-381589,גופתא,
toldot_tannaim:381593,new,tta-381593,גוריא בר חמא,
toldot_tannaim:381597,new,tta-381597,גוריון בן אסטיון,
toldot_tannaim:381598,new,tta-381598,גוריון מאספורק,
toldot_tannaim:381599,new,tta-381599,גורסק בר דרי,
toldot_tannaim:381607,new,tta-381607,גידל בר רעולאי,
toldot_tannaim:381608,new,tta-381608,גיורי,
toldot_tannaim:381612,new,tta-381612,גלילאי,
toldot_tannaim:381627,new,tta-381627,גמליאל דקונתיה,
toldot_tannaim:381628,new,tta-381628,גמליאל זוגא,
toldot_tannaim:381635,linked,Q18038621,גניבא,
toldot_tannaim:381636,new,tta-381636,גרדיים,
toldot_tannaim:381638,new,tta-381638,גרון,
toldot_tannaim:381578,new,tta-381578,ר' גדולה,
toldot_tannaim:381595,new,tta-381595,ר' גוריון,
toldot_tannaim:381633,linked,Q1492866,ר' גמליאל,
toldot_tannaim:381632,new,tta-381632,ר' גמליאל,
toldot_tannaim:381617,new,tta-381617,ר' גמליאל בר אבינא,
toldot_tannaim:381618,new,tta-381618,ר' גמליאל בר אינינוא,
toldot_tannaim:381619,new,tta-381619,ר' גמליאל ברבי חנינא,
toldot_tannaim:381639,linked,Q982050,ר' גרשום,
toldot_tannaim:381570,new,tta-381570,רב גביהא מארגיזא,
toldot_tannaim:381571,new,tta-381571,רב גביהא מבי כתיל,
toldot_tannaim:381577,new,tta-381577,רב גדא,
toldot_tannaim:381600,new,tta-381600,רב גזא,
toldot_tannaim:381602,linked,Q7296280,רב גידל,
toldot_tannaim:381603,new,tta-381603,רב גידל בר בנימין,
toldot_tannaim:381605,new,tta-381605,רב גידל בר מנשיא,
toldot_tannaim:381606,new,tta-381606,רב גידל דמן נרש,
toldot_tannaim:381614,linked,Q104054899,רב גמדא,
toldot_tannaim:381631,new,tta-381631,רבן גמליאל,
toldot_tannaim:381630,new,tta-381630,רבן גמליאל בן רבן שמעון הנהרג,
toldot_tannaim:381629,linked,Q310584,רבן גמליאל הזקן,
toldot_tannaim:1710130,new,tta-1710130,דואג בן יוסף,
toldot_tannaim:1710132,new,tta-1710132,דוד בר נהילאי מנהרדעא,
toldot_tannaim:1710143,new,tta-1710143,דוסתאי אבוה דר' אפטוריקי,
toldot_tannaim:1710144,new,tta-1710144,דוסתאי איש כפר יתמה,
toldot_tannaim:1710475,new,tta-1710475,דוסתאי סבא,
toldot_tannaim:1710478,new,tta-1710478,דורמסקית,
toldot_tannaim:1710480,new,tta-1710480,דורתאי,
toldot_tannaim:1710484,new,tta-1710484,דושו אחוי דדודו,
toldot_tannaim:1710496,new,tta-1710496,דייני ארץ ישראל,
toldot_tannaim:1710497,new,tta-1710497,דייני גולה,
toldot_tannaim:1710498,new,tta-1710498,דייני גזירות שבירושלים,
toldot_tannaim:1710500,new,tta-1710500,דייני דפומבדיתא,
toldot_tannaim:1710501,new,tta-1710501,דייני דציפורי,
toldot_tannaim:1710502,new,tta-1710502,דייני דקיסרי,
toldot_tannaim:1710492,new,tta-1710492,דימי בר קקוזתא,
toldot_tannaim:1710504,new,tta-1710504,דלגאי,
toldot_tannaim:1710506,new,tta-1710506,דמא בן נתינה,
toldot_tannaim:1710509,new,tta-1710509,דניאל חייטא,
toldot_tannaim:1710510,new,tta-1710510,דנין לפני חכמים,
toldot_tannaim:1710512,new,tta-1710512,דנכו,
toldot_tannaim:1710511,new,tta-1710511,דנקאי ספרא,
toldot_tannaim:1710514,new,tta-1710514,דרו בר פפא,
toldot_tannaim:1710515,new,tta-1710515,דרו עבדיה דרב נחמן,
toldot_tannaim:1710517,new,tta-1710517,דרומאי,
toldot_tannaim:1710136,new,tta-1710136,ר' דוסא,amoraim
toldot_tannaim:1710135,new,tta-1710135,ר' דוסא,
toldot_tannaim:1710138,new,tta-1710138,ר' דוסא בן טבת,
toldot_tannaim:1710137,new,tta-1710137,ר' דוסא בר' חנינא,
toldot_tannaim:1710139,new,tta-1710139,ר' דוסא ממלחיא,
toldot_tannaim:1710140,new,tta-1710140,ר' דוסי סבא,
toldot_tannaim:1710142,new,tta-1710142,ר' דוסתאי,
toldot_tannaim:1710145,new,tta-1710145,ר' דוסתאי בר' יהודה,
toldot_tannaim:1710146,new,tta-1710146,ר' דוסתאי בר' ינאי,
toldot_tannaim:1710147,new,tta-1710147,ר' דוסתאי בר' מתון,
toldot_tannaim:1710473,new,tta-1710473,ר' דוסתאי דמן בירי,
toldot_tannaim:1710474,new,tta-1710474,ר' דוסתאי מבי ישבב,
toldot_tannaim:1710518,new,tta-1710518,ר' דרוסא-דרוסי-דרוסתאי,
toldot_tannaim:383501,linked,Q6715844,רב דימי,
toldot_tannaim:383502,new,tta-383502,רב דימי אחוה דרב ספרא,
toldot_tannaim:383503,new,tta-383503,רב דימי בר אבא,
toldot_tannaim:1710485,new,tta-1710485,רב דימי בר חיננא,
toldot_tannaim:1710486,new,tta-1710486,רב דימי בר חיננא,
toldot_tannaim:1710488,linked,Q7060590,רב דימי בר יוסף,
toldot_tannaim:1710489,new,tta-1710489,רב דימי בר יצחק,
toldot_tannaim:1710490,new,tta-1710490,רב דימי בר ליואי,
toldot_tannaim:1710491,new,tta-1710491,רב דימי בר נחמיה בריה דרב יוסף,
toldot_tannaim:1710493,new,tta-1710493,רב דימי בר שישנא,
toldot_tannaim:383505,new,tta-383505,רב דימי בריה דרב הונא מדמהריא,
toldot_tannaim:1710495,linked,Q1225775,רב דימי מנהרדעא,
toldot_tannaim:1710508,new,tta-1710508,רב דניאל בר רב קטינא,
toldot_tannaim:383834,new,tta-383834,הוגרס בן לוי,
toldot_tannaim:383835,new,tta-383835,הון בריה דרב נחמן,
toldot_tannaim:1710519,linked,Q6921148,הונא בר חיננא,
toldot_tannaim:1710559,new,tta-1710559,הונא בר מרימר,
toldot_tannaim:399639,new,tta-399639,הונא בריה דמר זוטרא,
toldot_tannaim:1710557,new,tta-1710557,הונא מר בריה דרב אידי,
toldot_tannaim:1710561,new,tta-1710561,הונא מר בריה דרבא מפרזקא,
toldot_tannaim:1710562,new,tta-1710562,הונא מרי בר מר זוטרא נשיא,
toldot_tannaim:1710566,new,tta-1710566,הורדוס,
toldot_tannaim:1710570,new,tta-1710570,הורקנוס בנו של ר' אליעזר בן הורקנוס,
toldot_tannaim:1710569,new,tta-1710569,הורקנוס ואריסטובלוס אחיו,
toldot_tannaim:1710572,new,tta-1710572,החוטף אפרתי,
toldot_tannaim:1710575,new,tta-1710575,הילני המלכה,
toldot_tannaim:399564,new,tta-399564,הלל אחוה דר' גמליאל זוגא,
toldot_tannaim:399560,linked,Q16156905,הלל,
toldot_tannaim:399565,new,tta-399565,הלל בר ברכיה,
toldot_tannaim:399562,new,tta-399562,הלל האחרון,
toldot_tannaim:399553,new,tta-399553,הלל הבבלי,
toldot_tannaim:399573,new,tta-399573,הלל תלמיד רבא,
toldot_tannaim:1710525,new,tta-1710525,ר' הונא בר יצחק,
toldot_tannaim:1710541,new,tta-1710541,ר' הונא בר פפא,
toldot_tannaim:1710545,new,tta-1710545,ר' הונא בריה דר' שמואל בר נחמני,
toldot_tannaim:1710548,new,tta-1710548,ר' הונא דשאב,
toldot_tannaim:1710549,new,tta-1710549,ר' הונא הכהן,
toldot_tannaim:1710550,new,tta-1710550,ר' הונא הכהן בר אבין,
toldot_tannaim:1710564,new,tta-1710564,ר' הונא רובא דציפורן,
toldot_tannaim:1710567,new,tta-1710567,ר' הורייני אחוי דר' שמואל בר סוסרטי,
toldot_tannaim:399568,new,tta-399568,ר' הלל בן פזי,
toldot_tannaim:399566,new,tta-399566,ר' הלל בר הילני,
toldot_tannaim:399567,new,tta-399567,ר' הלל בריה דר' וולס,
toldot_tannaim:399569,new,tta-399569,ר' הלל בריה דר' שמואל בר נחמני,
toldot_tannaim:399570,new,tta-399570,ר' הלל דכיפרא,
toldot_tannaim:399571,new,tta-399571,ר' הלל חתניה דר' יוסי בר אבין,
toldot_tannaim:1710524,new,tta-1710524,ר' חונא בר' יוסי,
toldot_tannaim:383837,ambiguous,,רב הונא,
toldot_tannaim:383840,ambiguous,,רב הונא,
toldot_tannaim:383841,new,tta-383841,רב הונא אביו של ר' אחא,
toldot_tannaim:383842,new,tta-383842,רב הונא אביו של ר' זעירא הכהן,
toldot_tannaim:383838,ambiguous,,רב הונא,
toldot_tannaim:1710533,new,tta-1710533,רב הונא בן משה בר עצרי הכהן,
toldot_tannaim:399625,new,tta-399625,רב הונא בר אבין,
toldot_tannaim:399626,new,tta-399626,רב הונא בר אדא,
toldot_tannaim:399627,new,tta-399627,רב הונא בר אויא,
toldot_tannaim:399628,new,tta-399628,רב הונא בר אחא,
toldot_tannaim:399629,new,tta-399629,רב הונא בר אידי,
toldot_tannaim:399632,new,tta-399632,רב הונא בר אמי,
toldot_tannaim:399633,new,tta-399633,רב הונא בר אשי,
toldot_tannaim:399635,new,tta-399635,רב הונא בר ברכיה,
toldot_tannaim:399636,new,tta-399636,רב הונא בר גוריון,
toldot_tannaim:399637,new,tta-399637,רב הונא בר גניבא,
toldot_tannaim:399641,linked,Q1637333,רב הונא בר חייא,
toldot_tannaim:399648,new,tta-399648,רב הונא בר חיננא,
toldot_tannaim:1710520,new,tta-1710520,רב הונא בר חלוב,
toldot_tannaim:1710521,new,tta-1710521,רב הונא בר חלוון,
toldot_tannaim:1710522,new,tta-1710522,רב הונא בר יהודא,
toldot_tannaim:1710528,new,tta-1710528,רב הונא בר כהנא,
toldot_tannaim:1710529,new,tta-1710529,רב הונא בר לואי,
toldot_tannaim:1710530,new,tta-1710530,רב הונא בר לוליאני,
toldot_tannaim:1710531,linked,Q6550301,רב הונא בר מנוח,
toldot_tannaim:1710532,new,tta-1710532,רב הונא בר מניומי,
toldot_tannaim:1710535,new,tta-1710535,רב הונא בר סחורה,
toldot_tannaim:1710536,new,tta-1710536,רב הונא בר עוקבא,
toldot_tannaim:1710543,new,tta-1710543,רב הונא בר רב קטינא,
toldot_tannaim:1710547,new,tta-1710547,רב הונא בר רב תחליפא,
toldot_tannaim:1710546,new,tta-1710546,רב הונא בר תורתא,
toldot_tannaim:1710527,new,tta-1710527,רב הונא בריה דר' ירמיה בר אבא,
toldot_tannaim:399630,new,tta-399630,רב הונא בריה דרב אידי,
toldot_tannaim:399631,linked,Q6609431,רב הונא בריה דרב איקא,
toldot_tannaim:399638,new,tta-399638,רב הונא בריה דרב הושעיא,
toldot_tannaim:399647,new,tta-399647,רב הונא בריה דרב חייא,
toldot_tannaim:1710523,linked,Q1637336,רב הונא בריה דרב יהושע,
toldot_tannaim:1708437,new,tta-1708437,רב הונא בריה דרב נחמן,
toldot_tannaim:1710534,linked,Q454405,רב הונא בריה דרב נתן,
toldot_tannaim:1710537,new,tta-1710537,רב הונא בריה דרב עילאי,
toldot_tannaim:1710540,new,tta-1710540,רב הונא בריה דרב פנחס,
toldot_tannaim:1710542,new,tta-1710542,רב הונא בריה דרב פפי,
toldot_tannaim:1710544,new,tta-1710544,רב הונא בריה דרבא,
toldot_tannaim:383839,ambiguous,,רב הונא,
toldot_tannaim:1710551,new,tta-1710551,רב הונא זוטא,
toldot_tannaim:1710552,new,tta-1710552,רב הונא מברניש,
toldot_tannaim:1710553,new,tta-1710553,רב הונא מדמהריא,
toldot_tannaim:1710554,new,tta-1710554,רב הונא מדסקרתא,
toldot_tannaim:1710555,new,tta-1710555,רב הונא מסורא,
toldot_tannaim:1710556,new,tta-1710556,רב הונא מר בר אויא,
toldot_tannaim:1710558,new,tta-1710558,רב הונא מר בר רב חייא,
toldot_tannaim:1710560,new,tta-1710560,רב הונא מר בריה דרב נחמיה,
toldot_tannaim:1710563,new,tta-1710563,רב הונא ספרא דסדרא,
toldot_tannaim:1710565,new,tta-1710565,רב הונא ריש הגולה,
toldot_tannaim:1710526,new,tta-1710526,רב הונה בר יקי,
toldot_tannaim:399556,new,tta-399556,רב הינק,
toldot_tannaim:399572,new,tta-399572,רב הלל,
toldot_tannaim:399613,ambiguous,,רב המנונא,
toldot_tannaim:399614,new,tta-399614,רב המנונא ב תלמידו דרב,
toldot_tannaim:399617,new,tta-399617,רב המנונא בריה דרב אדא בר אהבה,
toldot_tannaim:399618,new,tta-399618,רב המנונא בריה דרב יוסף,
toldot_tannaim:399619,new,tta-399619,רב המנונא בריה דרבא מפשרוניא,
toldot_tannaim:399615,ambiguous,,רב המנונא,
toldot_tannaim:399616,ambiguous,,רב המנונא,
toldot_tannaim:399620,new,tta-399620,רב המנונא זוטא,
toldot_tannaim:380787,linked,Q100154111,רב המנונא סבא,
toldot_tannaim:399621,new,tta-399621,רב המנונא ספרא,
toldot_tannaim:333909,new,tta-333909,ויתור מעונה,
toldot_tannaim:333912,new,tta-333912,ותיקין,
toldot_tannaim:333908,new,tta-333908,ר' וולס,
toldot_tannaim:1710579,new,tta-1710579,זבדא בן לוי,
toldot_tannaim:1710582,new,tta-1710582,זבולון בן דן,
toldot_tannaim:1710592,new,tta-1710592,זבידא,
toldot_tannaim:1710597,new,tta-1710597,זוגא,
toldot_tannaim:1710598,new,tta-1710598,זוגא דמן חדייב,
toldot_tannaim:1710599,new,tta-1710599,זוגא קריביה דר' בא בר זבדי,
toldot_tannaim:1710622,new,tta-1710622,זונין,
toldot_tannaim:1710624,new,tta-1710624,זיגוד,
toldot_tannaim:1710626,new,tta-1710626,זיואי,
toldot_tannaim:1710627,new,tta-1710627,זיותאי,
toldot_tannaim:1710696,new,tta-1710696,זירוז,
toldot_tannaim:1710648,new,tta-1710648,זכיי טבחא,
toldot_tannaim:1710661,linked,Q7296294,זעירא,
toldot_tannaim:1710666,new,tta-1710666,זעירא בר חייא בר אשי,
toldot_tannaim:1710667,new,tta-1710667,זעירא בר חמא,
toldot_tannaim:1710671,new,tta-1710671,זעירא יתמא,
toldot_tannaim:1710669,new,tta-1710669,זעירא מדיהבות,
toldot_tannaim:1710699,new,tta-1710699,זעירי,
toldot_tannaim:1710700,new,tta-1710700,זעירי,
toldot_tannaim:1710703,new,tta-1710703,זקנים הראשונים,
toldot_tannaim:1710606,linked,Q1892187,מר זוטרא,
toldot_tannaim:1710607,new,tta-1710607,מר זוטרא בר אבדימי,
toldot_tannaim:1710608,new,tta-1710608,מר זוטרא בריה דרב הונא בריה דרב פפי,
toldot_tannaim:1710610,new,tta-1710610,מר זוטרא בריה דרב טבי,
toldot_tannaim:1710613,new,tta-1710613,מר זוטרא בריה דרב מרי,
toldot_tannaim:1710614,new,tta-1710614,מר זוטרא בריה דרב נחמן,
toldot_tannaim:1710615,new,tta-1710615,מר זוטרא זוטא,
toldot_tannaim:1710616,new,tta-1710616,מר זוטרא חסידא,
toldot_tannaim:1710617,new,tta-1710617,מר זוטרא מדרישבא,
toldot_tannaim:1710618,new,tta-1710618,מר זוטרא רבה,
toldot_tannaim:1710578,new,tta-1710578,ר' זבדי בריה דר' יעקב בר זבדי,
toldot_tannaim:1710580,new,tta-1710580,ר' זבדי חתניה דר' לוי,
toldot_tannaim:1710593,new,tta-1710593,ר' זבידא,
toldot_tannaim:1710601,new,tta-1710601,ר' זוהמאי,
toldot_tannaim:1710629,new,tta-1710629,ר' זינון החזן,
toldot_tannaim:1710632,new,tta-1710632,ר' זירא,
toldot_tannaim:1710633,new,tta-1710633,ר' זירא,
toldot_tannaim:1710634,new,tta-1710634,ר' זירא בר אבא,
toldot_tannaim:1710635,new,tta-1710635,ר' זירא בר אדא,
toldot_tannaim:1710637,new,tta-1710637,ר' זירא בר ממל,
toldot_tannaim:1710638,new,tta-1710638,ר' זירא בר רב,
toldot_tannaim:1710639,new,tta-1710639,ר' זירא ריש כנישתא דציפורי,
toldot_tannaim:1710643,new,tta-1710643,ר' זכאי,
toldot_tannaim:1710644,new,tta-1710644,ר' זכאי,amoraim
toldot_tannaim:1710645,new,tta-1710645,ר' זכאי דאלכסנדריאה,
toldot_tannaim:1710646,new,tta-1710646,ר' זכאי דכבול,
toldot_tannaim:1710647,new,tta-1710647,ר' זכאי דשאב,
toldot_tannaim:1710649,new,tta-1710649,ר' זכאי רבה,
toldot_tannaim:1710651,new,tta-1710651,ר' זכריה,
toldot_tannaim:1710652,new,tta-1710652,ר' זכריה בן אבקולס,
toldot_tannaim:1710653,new,tta-1710653,ר' זכריה בן הקצב הכהן,
toldot_tannaim:1710654,new,tta-1710654,ר' זכריה בן קבוטל,
toldot_tannaim:1710655,new,tta-1710655,ר' זכריה חתניה דר' לוי,
toldot_tannaim:1710657,new,tta-1710657,ר' זמינא,
toldot_tannaim:1710664,new,tta-1710664,ר' זעירא בר אבונא,
toldot_tannaim:1710665,new,tta-1710665,ר' זעירא בר הלל,
toldot_tannaim:1710636,new,tta-1710636,ר' זעירא בר זביד,
toldot_tannaim:1710668,new,tta-1710668,ר' זעירא בר חנינא,
toldot_tannaim:1710663,new,tta-1710663,ר' זעירא בריה דר' אבהו,
toldot_tannaim:1710670,new,tta-1710670,ר' זעירא דכפר ראמין,
toldot_tannaim:1710698,new,tta-1710698,ר' זעירא תנאי אחוה דר' חייא בר אבא,
toldot_tannaim:1710704,new,tta-1710704,ר' זריקא,tannaim
toldot_tannaim:1710705,new,tta-1710705,ר' זריקא ובירושלמי ר' זריקן,
toldot_tannaim:1710706,new,tta-1710706,ר' זריקן בר חמוי דר' זריקן,
toldot_tannaim:1710577,new,tta-1710577,רב זבדי,
toldot_tannaim:1710583,linked,Q7296295,רב זביד,
toldot_tannaim:1710586,new,tta-1710586,רב זביד אבוה דר' שמעון בר זביד,
toldot_tannaim:1710584,new,tta-1710584,רב זביד,
toldot_tannaim:1710587,linked,Q6578146,רב זביד מנהרדעא,
toldot_tannaim:1710602,new,tta-1710602,רב זוטי דבי רב פפי,
toldot_tannaim:1710605,new,tta-1710605,רב זוטרא,
toldot_tannaim:1710611,new,tta-1710611,רב זוטרא בר טוביא,
toldot_tannaim:1710612,new,tta-1710612,רב זוטרא בר טוביה,
toldot_tannaim:1710609,new,tta-1710609,רב זוטרא בריה דרב זירא,
toldot_tannaim:1710619,new,tta-1710619,רב זוטראי,
toldot_tannaim:1710604,new,tta-1710604,רבי זוטרא,
toldot_tannaim:1710729,new,tta-1710729,אבא חגרת,
toldot_tannaim:1716947,new,tta-1716947,אבא חילפא בן קרויא,
toldot_tannaim:1716955,new,tta-1716955,אבא חליפא קרויא,
toldot_tannaim:1717136,new,tta-1717136,אבא חלקיה בר בריה דחוני המעגל,
toldot_tannaim:1717141,new,tta-1717141,אבא חלקיה מן קרויה,
toldot_tannaim:1717305,new,tta-1717305,אבא חנן,tannaim
toldot_tannaim:1710711,new,tta-1710711,חבי בר ננאי,
toldot_tannaim:1710720,new,tta-1710720,חביבי,
toldot_tannaim:1710728,new,tta-1710728,חגרא אחיו דר' בא בר בינא,
toldot_tannaim:1710732,new,tta-1710732,חובה,
toldot_tannaim:1710734,new,tta-1710734,חולפנא,
toldot_tannaim:382789,new,tta-382789,חומה,
toldot_tannaim:375084,linked,Q2553579,חוני המעגל,
toldot_tannaim:375087,new,tta-375087,חוני הקטן,
toldot_tannaim:375112,new,tta-375112,חוניא בן יוסף בן פכסס הכהן,
toldot_tannaim:375377,new,tta-375377,חורני,
toldot_tannaim:375381,new,tta-375381,חזקיה,
toldot_tannaim:375651,new,tta-375651,חזקיה אבי עיקש,
toldot_tannaim:375652,new,tta-375652,חזקיה אחיו של הלל,
toldot_tannaim:1710747,new,tta-1710747,חזקיה בן בתו של רב,
toldot_tannaim:375654,new,tta-375654,חזקיה בן גוריון,
toldot_tannaim:375653,new,tta-375653,חזקיה בר בילוטו,
toldot_tannaim:375655,new,tta-375655,חזקיה בריה דר' חייא בריה דרב כהנא,
toldot_tannaim:1710742,new,tta-1710742,חזקיה בריה דר' פרנך,
toldot_tannaim:1710750,new,tta-1710750,חזקיה תורגמינא,
toldot_tannaim:1710854,new,tta-1710854,חיואי,
toldot_tannaim:1716883,new,tta-1716883,חייא בר אחא,
toldot_tannaim:1716920,linked,Q6583256,חייא בר רב,
toldot_tannaim:1716929,new,tta-1716929,חייא חוזאה,
toldot_tannaim:1716934,new,tta-1716934,חייא מחגרא,
toldot_tannaim:1716940,new,tta-1716940,חייתא,
toldot_tannaim:1716942,new,tta-1716942,חילפא בר אגרא,
toldot_tannaim:1716946,new,tta-1716946,חילפא בר אידי,
toldot_tannaim:1716949,new,tta-1716949,חילפי בר סומקאי,
toldot_tannaim:1717423,new,tta-1717423,חיננא קרתיגנאה,
toldot_tannaim:1717121,new,tta-1717121,חלנוסי,
toldot_tannaim:1717146,new,tta-1717146,חמא אבוה דרב יוסף,
toldot_tannaim:1717163,new,tta-1717163,חמא בר חסא,
toldot_tannaim:1717176,new,tta-1717176,חנא אבי רבה,
toldot_tannaim:1717181,new,tta-1717181,חנא בר איסק,
toldot_tannaim:375120,new,tta-375120,חניו בנו השני דשמעון הצדיק,
toldot_tannaim:1717201,new,tta-1717201,חנין,tannaim
toldot_tannaim:1717297,new,tta-1717297,חנין בר פנחס,
toldot_tannaim:1717311,new,tta-1717311,חנן בישא,
toldot_tannaim:1717313,new,tta-1717313,חנן בר אבישלום,
toldot_tannaim:1717392,linked,Q2892486,חנן המצרי,
toldot_tannaim:1717393,linked,Q115786078,חנן הנחבא,
toldot_tannaim:1717394,new,tta-1717394,חנן חייטא,
toldot_tannaim:1717397,new,tta-1717397,חנן מגופתייה,
toldot_tannaim:1710722,linked,Q109334855,ר' חגא,
toldot_tannaim:1710723,new,tta-1710723,ר' חגא דצפורי,
toldot_tannaim:1710724,new,tta-1710724,ר' חגא חתניה דרב אדא בר אהבה,
toldot_tannaim:1710725,new,tta-1710725,ר' חגאי,
toldot_tannaim:1710727,new,tta-1710727,ר' חגי בן אלעזר,
toldot_tannaim:1710730,new,tta-1710730,ר' חדקא,
toldot_tannaim:375078,new,tta-375078,ר' חונה בר חמא,
toldot_tannaim:375110,new,tta-375110,ר' חוניא,
toldot_tannaim:375111,new,tta-375111,ר' חוניא בר אלעזר,
toldot_tannaim:375113,new,tta-375113,ר' חוניא דברת חוורן,
toldot_tannaim:375376,new,tta-375376,ר' חוצפית המתורגמן,
toldot_tannaim:375580,new,tta-375580,ר' חזקיה,
toldot_tannaim:375581,new,tta-375581,ר' חזקיה,amoraim
toldot_tannaim:375656,new,tta-375656,ר' חזקיה בר יעקב בר אחא,
toldot_tannaim:1710741,new,tta-1710741,ר' חזקיה בר ירמיה,
toldot_tannaim:1710748,new,tta-1710748,ר' חזקיה חוקוק,
toldot_tannaim:1710749,new,tta-1710749,ר' חזקיה עכייה,
toldot_tannaim:1710754,ambiguous,,ר' חייא,
toldot_tannaim:1716871,new,tta-1716871,ר' חייא אביו של ר' אחא,
toldot_tannaim:1716872,new,tta-1716872,ר' חייא אביו של ר' ברכיה,
toldot_tannaim:1716873,new,tta-1716873,ר' חייא איש כפר עכו,
toldot_tannaim:1716874,new,tta-1716874,ר' חייא אריכא,
toldot_tannaim:1716875,new,tta-1716875,ר' חייא בר אבא דמן יפו,
toldot_tannaim:1716876,new,tta-1716876,ר' חייא בר אבא הכהן,
toldot_tannaim:1716877,new,tta-1716877,ר' חייא בר אבויה,
toldot_tannaim:1716878,linked,Q5872982,ר' חייא בר אבין,
toldot_tannaim:1716879,new,tta-1716879,ר' חייא בר אדא,
toldot_tannaim:1716880,new,tta-1716880,ר' חייא בר אדא,
toldot_tannaim:1716885,linked,Q20502443,ר' חייא בר אמי,
toldot_tannaim:1716888,new,tta-1716888,ר' חייא בר ברתיה דר' ברכיה,
toldot_tannaim:1716889,new,tta-1716889,ר' חייא בר גוריא,
toldot_tannaim:1716890,linked,Q100409642,ר' חייא בר גמדא,
toldot_tannaim:1716892,new,tta-1716892,ר' חייא בר זבדא,
toldot_tannaim:1716893,new,tta-1716893,ר' חייא בר זעירא,
toldot_tannaim:1716894,new,tta-1716894,ר' חייא בר זרנוקי,
toldot_tannaim:1716897,new,tta-1716897,ר' חייא בר חיננא,
toldot_tannaim:1716896,new,tta-1716896,ר' חייא בר חמא,
toldot_tannaim:1716898,new,tta-1716898,ר' חייא בר טיטס,
toldot_tannaim:1716903,new,tta-1716903,ר' חייא בר ינאי,
toldot_tannaim:1716904,new,tta-1716904,ר' חייא בר יעקב,
toldot_tannaim:1716907,new,tta-1716907,ר' חייא בר כהנא,
toldot_tannaim:1716908,new,tta-1716908,ר' חייא בר לולייני,
toldot_tannaim:1716910,new,tta-1716910,ר' חייא בר מנחמא,
toldot_tannaim:1716911,new,tta-1716911,ר' חייא בר מרייה,
toldot_tannaim:1716913,new,tta-1716913,ר' חייא בר נחמן,
toldot_tannaim:1716914,new,tta-1716914,ר' חייא בר נחמני,
toldot_tannaim:1716916,new,tta-1716916,ר' חייא בר עוקבה,
toldot_tannaim:1716918,new,tta-1716918,ר' חייא בר פפא,
toldot_tannaim:1716922,new,tta-1716922,ר' חייא בר רבא,
toldot_tannaim:1716881,new,tta-1716881,ר' חייא בריה דר' אדא דיפו,
toldot_tannaim:1716900,new,tta-1716900,ר' חייא בריה דר' יוסי,
toldot_tannaim:1716925,new,tta-1716925,ר' חייא בריה דר' שבתי,
toldot_tannaim:1716891,new,tta-1716891,ר' חייא בריה דרב הונא,
toldot_tannaim:1716906,new,tta-1716906,ר' חייא בריה דרב יצחק עטושייא,
toldot_tannaim:1716919,new,tta-1716919,ר' חייא בריה דרב פפי,
toldot_tannaim:1716909,new,tta-1716909,ר' חייא ברמזא,
toldot_tannaim:1716926,new,tta-1716926,ר' חייא דכפר חנון,
toldot_tannaim:1716927,new,tta-1716927,ר' חייא דכפר תחומין,
toldot_tannaim:1716931,new,tta-1716931,ר' חייא כתובה,
toldot_tannaim:1716932,new,tta-1716932,ר' חייא מאבל ערב,
toldot_tannaim:1716935,new,tta-1716935,ר' חייא מווסתניא,
toldot_tannaim:1716936,new,tta-1716936,ר' חייא פרוואה,
toldot_tannaim:1716937,new,tta-1716937,ר' חייא ציפוראי,
toldot_tannaim:1716938,new,tta-1716938,ר' חייא קטוספאה,
toldot_tannaim:1716939,new,tta-1716939,ר' חייא קרא,
toldot_tannaim:1716941,new,tta-1716941,ר' חילא,
toldot_tannaim:1716948,new,tta-1716948,ר' חילפא דרומיה,
toldot_tannaim:1716951,new,tta-1716951,ר' חילפיי בר בריה דר' אבהו,
toldot_tannaim:1717403,new,tta-1717403,ר' חיננא אבוה דבר ישיטה,
toldot_tannaim:1717402,new,tta-1717402,ר' חיננא אבוה דר' ינטה,
toldot_tannaim:1717412,new,tta-1717412,ר' חיננא בי רבי חנניה,
toldot_tannaim:1717415,new,tta-1717415,ר' חיננא בר יצחק,
toldot_tannaim:1717409,new,tta-1717409,ר' חיננא בריה דר' אסי,
toldot_tannaim:1716959,new,tta-1716959,ר' חכינאי,
toldot_tannaim:1716961,linked,Q1069053,ר' חלבו,
toldot_tannaim:1717116,new,tta-1717116,ר' חלבו בקרוייה,
toldot_tannaim:1717115,new,tta-1717115,ר' חלבו בר חילפא בר סמקאי,
toldot_tannaim:1717114,new,tta-1717114,ר' חלבו בר חנן,
toldot_tannaim:1716952,new,tta-1716952,ר' חליפי בר זטרי,
toldot_tannaim:1717122,new,tta-1717122,ר' חלפון,
toldot_tannaim:1717124,linked,Q2897331,ר' חלפתא,
toldot_tannaim:1717126,new,tta-1717126,ר' חלפתא,amoraim
toldot_tannaim:1717125,new,tta-1717125,ר' חלפתא,
toldot_tannaim:1717130,new,tta-1717130,ר' חלפתא בן קוינא,
toldot_tannaim:1717131,new,tta-1717131,ר' חלפתא בן שאול,
toldot_tannaim:1717129,new,tta-1717129,ר' חלפתא בר כהנא,
toldot_tannaim:1717132,new,tta-1717132,ר' חלפתא דמן הוה,
toldot_tannaim:1717133,new,tta-1717133,ר' חלפתא קסריא,
toldot_tannaim:1717135,new,tta-1717135,ר' חלקיה,
toldot_tannaim:1717147,new,tta-1717147,ר' חמא אבי בר קפרא,
toldot_tannaim:1717148,new,tta-1717148,ר' חמא אריכא,
toldot_tannaim:1717166,new,tta-1717166,ר' חמא בן לקיש,
toldot_tannaim:1717159,new,tta-1717159,ר' חמא בר' חנינא,
toldot_tannaim:1717165,new,tta-1717165,ר' חמא בר' יוסי,
toldot_tannaim:1717151,new,tta-1717151,ר' חמא בר אושעיא,
toldot_tannaim:1717152,new,tta-1717152,ר' חמא בר אשי,
toldot_tannaim:1717154,new,tta-1717154,ר' חמא בר ביסא,
toldot_tannaim:1717161,new,tta-1717161,ר' חמא בר חנינא,
toldot_tannaim:1717167,new,tta-1717167,ר' חמא בר עוקבא,
toldot_tannaim:1717171,new,tta-1717171,ר' חמא דכפר תחומין,
toldot_tannaim:1717175,new,tta-1717175,ר' חנא,
toldot_tannaim:1717178,new,tta-1717178,ר' חנא בר אבא,
toldot_tannaim:1717187,new,tta-1717187,ר' חנא בר ליוואי,
toldot_tannaim:1717189,new,tta-1717189,ר' חנא בר שאונה,
toldot_tannaim:1717196,new,tta-1717196,ר' חנילאי,
toldot_tannaim:1717198,new,tta-1717198,ר' חנילאי בר חנילאי,
toldot_tannaim:1717202,new,tta-1717202,ר' חנין,tannaim
toldot_tannaim:1717207,new,tta-1717207,ר' חנין בר אדא,
toldot_tannaim:1717296,new,tta-1717296,ר' חנין בר לוי,
toldot_tannaim:1717300,new,tta-1717300,ר' חנין בריה דרבי,
toldot_tannaim:1717302,new,tta-1717302,ר' חנין חתניה דבי נשיאה,
toldot_tannaim:1717425,new,tta-1717425,ר' חנינא,tannaim
toldot_tannaim:1717426,new,tta-1717426,ר' חנינא אביו של ר' אחא,
toldot_tannaim:1717427,new,tta-1717427,ר' חנינא אחוה דר' מנא,
toldot_tannaim:1717429,new,tta-1717429,ר' חנינא איש אונו,
toldot_tannaim:1717435,new,tta-1717435,ר' חנינא בן אורי,
toldot_tannaim:1717443,linked,Q2070213,ר' חנינא בן אנטיגנוס,
toldot_tannaim:1717445,new,tta-1717445,ר' חנינא בן גמלא,
toldot_tannaim:1717446,new,tta-1717446,ר' חנינא בן גמליאל,
toldot_tannaim:1717447,linked,Q568935,ר' חנינא בן דוסא,
toldot_tannaim:381057,new,tta-381057,ר' חנינא בן פזי,
toldot_tannaim:1717437,new,tta-1717437,ר' חנינא בר אידי,
toldot_tannaim:1717438,new,tta-1717438,ר' חנינא בר אידי,tannaim
toldot_tannaim:1717441,new,tta-1717441,ר' חנינא בר אמי,
toldot_tannaim:1717442,new,tta-1717442,ר' חנינא בר אנדריי,
toldot_tannaim:380724,new,tta-380724,ר' חנינא בר עגיל,
toldot_tannaim:1717430,new,tta-1717430,ר' חנינא בריה דר' אבא,
toldot_tannaim:1717432,new,tta-1717432,ר' חנינא בריה דר' אבהו,
toldot_tannaim:1717436,new,tta-1717436,ר' חנינא בריה דר' אחא,
toldot_tannaim:1717434,new,tta-1717434,ר' חנינא בריה דרב אדא,
toldot_tannaim:1709528,new,tta-1709528,ר' חנינא תורתייא,
toldot_tannaim:1717307,new,tta-1717307,ר' חנן,
toldot_tannaim:1717310,new,tta-1717310,ר' חנן אבוה דר' שמעון,
toldot_tannaim:1717324,new,tta-1717324,ר' חנן בן פזי,
toldot_tannaim:1717325,new,tta-1717325,ר' חנן בר פיטום,
toldot_tannaim:1717391,new,tta-1717391,ר' חנן דציפורי,
toldot_tannaim:1709535,new,tta-1709535,ר' חנניה איש כפר טבעון,
toldot_tannaim:1710713,new,tta-1710713,רב חביבא,
toldot_tannaim:1710715,new,tta-1710715,רב חביבא בר כהן,
toldot_tannaim:1710716,new,tta-1710716,רב חביבא בר סורמקי,
toldot_tannaim:1710714,new,tta-1710714,רב חביבא בריה דרב יוסף בריה דרבא,
toldot_tannaim:1710717,new,tta-1710717,רב חביבא בריה דרבא,
toldot_tannaim:1710718,linked,Q104029606,רב חביבא מחוזנאה,
toldot_tannaim:1710721,new,tta-1710721,רב חגא,
toldot_tannaim:375076,new,tta-375076,רב חונה,
toldot_tannaim:375074,new,tta-375074,רב חונה בר אדא,
toldot_tannaim:1716886,new,tta-1716886,רב חייא בר אסי,
toldot_tannaim:1716887,linked,Q5872985,רב חייא בר אשי,
toldot_tannaim:1716899,new,tta-1716899,רב חייא בר יהודה,
toldot_tannaim:1716901,linked,Q5872987,רב חייא בר יוסף,
toldot_tannaim:1716917,new,tta-1716917,רב חייא בר עמרם,
toldot_tannaim:1716921,new,tta-1716921,רב חייא בר רב מדיפתא,
toldot_tannaim:1716912,new,tta-1716912,רב חייא בר רב מתנה,
toldot_tannaim:1716882,new,tta-1716882,רב חייא בריה דרב אויא,
toldot_tannaim:1716884,new,tta-1716884,רב חייא בריה דרב איקא,
toldot_tannaim:1716902,new,tta-1716902,רב חייא בריה דרב ייבא,
toldot_tannaim:1716905,new,tta-1716905,רב חייא בריה דרב יצחק,
toldot_tannaim:1716915,new,tta-1716915,רב חייא בריה דרב נתן,
toldot_tannaim:1716924,new,tta-1716924,רב חייא בריה דרבה בר נחמני,
toldot_tannaim:1716933,new,tta-1716933,רב חייא מהורמיז ארדשיד,
toldot_tannaim:1717401,new,tta-1717401,רב חיננא,
toldot_tannaim:1717406,new,tta-1717406,רב חיננא בר אידי,
toldot_tannaim:1717410,new,tta-1717410,רב חיננא בר ביסנא,
toldot_tannaim:1717411,new,tta-1717411,רב חיננא בר חייא,
toldot_tannaim:1717413,new,tta-1717413,רב חיננא בר יהודה,
toldot_tannaim:1717416,new,tta-1717416,רב חיננא בר כהנא,
toldot_tannaim:1717419,new,tta-1717419,רב חיננא בר שילא,
toldot_tannaim:1717420,linked,Q6579852,רב חיננא בר שלמיא,
toldot_tannaim:1717407,new,tta-1717407,רב חיננא בריה דרב איקא,
toldot_tannaim:1717414,new,tta-1717414,רב חיננא בריה דרב יהושע,
toldot_tannaim:1717418,new,tta-1717418,רב חיננא בריה דרבא מפשרוניא,
toldot_tannaim:1717421,new,tta-1717421,רב חיננא וורדאן,
toldot_tannaim:1717422,new,tta-1717422,רב חיננא סבא,
toldot_tannaim:1717138,linked,Q6794320,רב חלקיה בר טובי,
toldot_tannaim:1717137,new,tta-1717137,רב חלקיה בריה דרב אויא,
toldot_tannaim:1717140,new,tta-1717140,רב חלקיה מהגרוניא,
toldot_tannaim:1717144,linked,Q1060373,רב חמא,
toldot_tannaim:1717149,new,tta-1717149,רב חמא בר אבא,
toldot_tannaim:1717150,new,tta-1717150,רב חמא בר אדא שליח ציון,
toldot_tannaim:1717153,new,tta-1717153,רב חמא בר בוזי,
toldot_tannaim:1717155,new,tta-1717155,רב חמא בר ברתיה דחסא,
toldot_tannaim:1717156,linked,Q6921509,רב חמא בר גוריא,
toldot_tannaim:1717158,new,tta-1717158,רב חמא בר חלפתא,
toldot_tannaim:1717164,new,tta-1717164,רב חמא בר טוביא,
toldot_tannaim:1717168,new,tta-1717168,רב חמא בר פפא,
toldot_tannaim:1717169,new,tta-1717169,רב חמא בריה דרבה בר אבוה,
toldot_tannaim:1717170,new,tta-1717170,רב חמא חברהון דרבנן,
toldot_tannaim:1717174,new,tta-1717174,רב חנא,
toldot_tannaim:1717177,linked,Q100998890,רב חנא בגדתאה,
toldot_tannaim:1717179,new,tta-1717179,רב חנא בר אדא,
toldot_tannaim:1717180,new,tta-1717180,רב חנא בר אחא,
toldot_tannaim:1717182,linked,Q49839963,רב חנא בר ביזנא,
toldot_tannaim:1717183,new,tta-1717183,רב חנא בר הינדא,
toldot_tannaim:1717184,new,tta-1717184,רב חנא בר חימי,
toldot_tannaim:1717185,new,tta-1717185,רב חנא בר חיננא,
toldot_tannaim:373510,new,tta-373510,רב חנא בר חנילאי,
toldot_tannaim:1717186,new,tta-1717186,רב חנא בר יהודה,
toldot_tannaim:1717188,new,tta-1717188,רב חנא בר רב קטינא,
toldot_tannaim:1717191,new,tta-1717191,רב חנא פתוראה,
toldot_tannaim:1717197,new,tta-1717197,רב חנילאי בר אידי,
toldot_tannaim:1717199,new,tta-1717199,רב חנילאי מחוזנאי,
toldot_tannaim:1717203,new,tta-1717203,רב חנין,
toldot_tannaim:1717298,new,tta-1717298,רב חנין בר פפא,
toldot_tannaim:1717211,new,tta-1717211,רב חנין בריה דרב ייבא,
toldot_tannaim:1717303,new,tta-1717303,רב חנין מחוזנאה,
toldot_tannaim:1717431,new,tta-1717431,רב חנינא בר אבדימי,
toldot_tannaim:1717433,new,tta-1717433,רב חנינא בר אבין,
toldot_tannaim:1717308,new,tta-1717308,רב חנן,
toldot_tannaim:1717312,linked,Q6715250,רב חנן בר אבא,
toldot_tannaim:1717314,new,tta-1717314,רב חנן בר אדא,
toldot_tannaim:1717315,linked,Q6669039,רב חנן בר אמי,
toldot_tannaim:1717316,new,tta-1717316,רב חנן בר אמי,
toldot_tannaim:1717321,new,tta-1717321,רב חנן בר יוסף,
toldot_tannaim:1717323,new,tta-1717323,רב חנן בר מולדה,
toldot_tannaim:1717320,new,tta-1717320,רב חנן בר רב חסדא,
toldot_tannaim:1717322,new,tta-1717322,רב חנן בר רב יצחק,
toldot_tannaim:1717390,new,tta-1717390,רב חנן בר תחליפא,
toldot_tannaim:1717396,new,tta-1717396,רב חנן מבי כלוחית,
toldot_tannaim:1717398,new,tta-1717398,רב חנן מנהרדעא,
toldot_tannaim:1717399,new,tta-1717399,רב חנן קרטיגנאה,
toldot_tannaim:1717309,new,tta-1717309,רב חנן תלמיד רבא,
toldot_tannaim:1709530,linked,Q1061616,רב חנניה,
toldot_tannaim:1709531,new,tta-1709531,רב חנניה אחי רבה בר נחמני,
toldot_tannaim:1709538,new,tta-1709538,רב חנניה בר אחוי דרב הושעיה,
toldot_tannaim:1717127,new,tta-1717127,רבי חלפתא איש כפר חנניה,
toldot_tannaim:1717143,new,tta-1717143,רבי חמא,
toldot_tannaim:1717205,new,tta-1717205,רבי חנין,
toldot_tannaim:1717306,new,tta-1717306,רבי חנן,tannaim
toldot_tannaim:334357,new,tta-334357,טאבי,
toldot_tannaim:334359,new,tta-334359,טבות רישבא,
toldot_tannaim:334362,new,tta-334362,טבי בריה דמרי טבי,
toldot_tannaim:334363,new,tta-334363,טבי עבדו דרבן גמליאל דיבנה,
toldot_tannaim:334365,linked,Q2904113,טביומי,
toldot_tannaim:334369,linked,Q100320756,טבלא,
toldot_tannaim:334382,new,tta-334382,טוביה,
toldot_tannaim:334385,new,tta-334385,טוביה הרופא,
toldot_tannaim:334387,new,tta-334387,טוי,
toldot_tannaim:334391,new,tta-334391,טלי,
toldot_tannaim:334392,new,tta-334392,טרטירוי דמהלול,
toldot_tannaim:334361,new,tta-334361,ר' טבי,
toldot_tannaim:334366,new,tta-334366,ר' טביומי,amoraim
toldot_tannaim:334370,new,tta-334370,ר' טבלא,
toldot_tannaim:334374,new,tta-334374,ר' טובי,
toldot_tannaim:334375,new,tta-334375,ר' טובי בר יצחק,
toldot_tannaim:334383,new,tta-334383,ר' טוביה,
toldot_tannaim:334389,new,tta-334389,ר' טייפי סמוקה,
toldot_tannaim:334394,new,tta-334394,ר' טרייא,
toldot_tannaim:334396,linked,Q1268142,ר' טרפון,
toldot_tannaim:334360,new,tta-334360,רב טבות,
toldot_tannaim:334367,new,tta-334367,רב טביומי,
toldot_tannaim:334379,new,tta-334379,רב טובי בר קיסני,
toldot_tannaim:334376,new,tta-334376,רב טובי בר רב מתנה,
toldot_tannaim:334378,new,tta-334378,רב טובי בר רב קטינא,
toldot_tannaim:334380,new,tta-334380,רב טובי בר רב קיסנא,
toldot_tannaim:334377,new,tta-334377,רב טובי בריה דרב נחמיה,
toldot_tannaim:375282,new,tta-375282,יהודה הטבח,
toldot_tannaim:1706749,new,tta-1706749,יוחני בת רטיבי,
toldot_tannaim:1706758,new,tta-1706758,יושעה בריה דרב חננאל,
toldot_tannaim:1706751,skipped,,ישוע,
toldot_tannaim:1706754,new,tta-1706754,מר יוחנא בריה דרב חנא בר אדא,
toldot_tannaim:1706750,new,tta-1706750,מר יוחני,
toldot_tannaim:375281,new,tta-375281,ר' יהודה הכהן,
toldot_tannaim:375280,new,tta-375280,ר' יהודה הכהן בר אבין,
toldot_tannaim:375266,new,tta-375266,ר' יהודה הנחתום,
toldot_tannaim:375287,linked,Q380427,ר' יהודה הנשיא,
toldot_tannaim:1706753,new,tta-1706753,ר' יוחי בר יודן,
toldot_tannaim:1706759,linked,Q1397565,ר' יוחנן,
toldot_tannaim:1706748,new,tta-1706748,ר' יוחנן,tannaim
toldot_tannaim:375061,new,tta-375061,ר' יוחנן בן דהבאי,tannaim
toldot_tannaim:375062,new,tta-375062,ר' יוחנן בן החורני,tannaim
toldot_tannaim:375283,new,tta-375283,רב יהודה הינדואה,
toldot_tannaim:375063,new,tta-375063,ר' יוחנן בן המשולם,
toldot_tannaim:335919,new,tta-335919,כדי,
toldot_tannaim:335938,new,tta-335938,כהנא בר יודן,
toldot_tannaim:335939,new,tta-335939,כהנא בר ירמיה,
toldot_tannaim:335950,new,tta-335950,כובס,
toldot_tannaim:335954,new,tta-335954,כלייליל,
toldot_tannaim:335958,new,tta-335958,כרנבו,
toldot_tannaim:335924,ambiguous,,ר' כהנא,
toldot_tannaim:335956,new,tta-335956,ר' כרוספדאי,
toldot_tannaim:335921,new,tta-335921,רב כהן,
toldot_tannaim:335922,new,tta-335922,רב כהן בר אבין,
toldot_tannaim:335925,ambiguous,,רב כהנא,
toldot_tannaim:335926,ambiguous,,רב כהנא,
toldot_tannaim:335927,new,tta-335927,רב כהנא ב תלמידו דרב,
toldot_tannaim:335932,new,tta-335932,רב כהנא בר' אליעזר בן יעקב,
toldot_tannaim:335936,new,tta-335936,רב כהנא בר ביזנא,
toldot_tannaim:335940,new,tta-335940,רב כהנא בר טוביא,
toldot_tannaim:335941,new,tta-335941,רב כהנא בר מלכיה,
toldot_tannaim:335943,new,tta-335943,רב כהנא בר מתתיה,
toldot_tannaim:335947,new,tta-335947,רב כהנא בר תחליפא,
toldot_tannaim:335937,new,tta-335937,רב כהנא בריה דרב חיננא סבא,
toldot_tannaim:335944,new,tta-335944,רב כהנא בריה דרב נחוניא,
toldot_tannaim:335945,new,tta-335945,רב כהנא בריה דרב נחמיה,
toldot_tannaim:335946,new,tta-335946,רב כהנא בריה דרב נתן,
toldot_tannaim:335928,new,tta-335928,רב כהנא ג תלמידו דרבה,
toldot_tannaim:335929,new,tta-335929,רב כהנא ד רבו דרב אשי,
toldot_tannaim:335930,new,tta-335930,רב כהנא ה חבר רב אשי,
toldot_tannaim:335948,new,tta-335948,רב כהנא חמוה דרב משרשיא,
toldot_tannaim:1715126,linked,Q2897998,לוי בר סיסי,
toldot_tannaim:1715125,new,tta-1715125,לוי בר סימון,
toldot_tannaim:1715121,new,tta-1715121,ר' לוי בר חמא,
toldot_tannaim:1715122,new,tta-1715122,ר' לוי בר טרפון,
toldot_tannaim:1715120,new,tta-1715120,ר' לוי הכהן בר חלפתא,
toldot_tannaim:375055,new,tta-375055,נחום בר' שימלאי,
toldot_tannaim:375057,new,tta-375057,נחום הזקן,tannaim
toldot_tannaim:375048,new,tta-375048,נחום הלבלר,tannaim
toldot_tannaim:375053,new,tta-375053,ר' נחום בר פפא,
toldot_tannaim:344896,new,tta-344896,אבא סמוקיד,
toldot_tannaim:344834,new,tta-344834,סבא,
toldot_tannaim:344835,new,tta-344835,סבא קרויא,
toldot_tannaim:344845,new,tta-344845,סבטא בן אלם,
toldot_tannaim:344844,new,tta-344844,סביא,
toldot_tannaim:344848,new,tta-344848,סגנאי,
toldot_tannaim:344852,new,tta-344852,סומה בר כתבה,
toldot_tannaim:344853,new,tta-344853,סומכוס בר יוסף,
toldot_tannaim:344854,new,tta-344854,סורחב בר פפא,
toldot_tannaim:344858,new,tta-344858,סטינא,
toldot_tannaim:344860,new,tta-344860,סילני,
toldot_tannaim:344876,new,tta-344876,סימן,
toldot_tannaim:344879,new,tta-344879,סיסי,
toldot_tannaim:344884,new,tta-344884,סלמאי הנתופתי,
toldot_tannaim:344897,new,tta-344897,סמליון,
toldot_tannaim:344849,new,tta-344849,ר' סובייה,
toldot_tannaim:344859,new,tta-344859,ר' סידור,
toldot_tannaim:344862,new,tta-344862,ר' סימאי,
toldot_tannaim:344863,new,tta-344863,ר' סימאי בר קיסי,
toldot_tannaim:344865,new,tta-344865,ר' סימון,
toldot_tannaim:344866,new,tta-344866,ר' סימון אחוה דר' יהודה בר זבדי,
toldot_tannaim:344871,new,tta-344871,ר' סימון בן קוזות,
toldot_tannaim:344869,new,tta-344869,ר' סימון בר' יהושע בן לוי,
toldot_tannaim:344867,new,tta-344867,ר' סימון בר זבדי,
toldot_tannaim:344870,new,tta-344870,ר' סימון בר מרתא,
toldot_tannaim:344873,new,tta-344873,ר' סימון דתרי,
toldot_tannaim:344874,new,tta-344874,ר' סימון מן דרומא,
toldot_tannaim:344878,new,tta-344878,ר' סיסא,
toldot_tannaim:344895,new,tta-344895,ר' סמיא,
toldot_tannaim:344856,linked,Q6759157,רב סחורה,
toldot_tannaim:344861,new,tta-344861,רב סימא בריה דרב אידי,
toldot_tannaim:344875,new,tta-344875,רב סימונא,
toldot_tannaim:344882,new,tta-344882,רב סלא,
toldot_tannaim:344883,new,tta-344883,רב סלא חסידא,
toldot_tannaim:344885,new,tta-344885,רב סמא,
toldot_tannaim:344888,new,tta-344888,רב סמא בר חילקאי,
toldot_tannaim:344893,new,tta-344893,רב סמא בר רקתא,
toldot_tannaim:344886,new,tta-344886,רב סמא בריה דרב אסי,
toldot_tannaim:344887,new,tta-344887,רב סמא בריה דרב אשי,
toldot_tannaim:344889,new,tta-344889,רב סמא בריה דרב ייבא,
toldot_tannaim:344890,new,tta-344890,רב סמא בריה דרב ירמיה,
toldot_tannaim:344891,new,tta-344891,רב סמא בריה דרב מרי,
toldot_tannaim:344892,new,tta-344892,רב סמא בריה דרב משרשיא,
toldot_tannaim:344894,linked,Q6539008,רב סמא בריה דרבא,
toldot_tannaim:344901,new,tta-344901,רב סעורם אחוה דרבא,
toldot_tannaim:344904,linked,Q7296289,רב ספרא,
toldot_tannaim:344903,new,tta-344903,רב ספרא 1,
toldot_tannaim:344905,new,tta-344905,רב ספרא בריה דרב ייבא,
toldot_tannaim:333931,new,tta-333931,אבא צידוני,
toldot_tannaim:333930,new,tta-333930,צורבא מרבנן,
toldot_tannaim:333935,new,tta-333935,"צפנת בת פניאל כה""ג",
toldot_tannaim:333929,new,tta-333929,ר' צדוק בן חלוקה,
toldot_tannaim:333936,new,tta-333936,רב צפרא,
toldot_tannaim:334114,new,tta-334114,קהלה קדישא דבירושלים,
toldot_tannaim:334117,new,tta-334117,קוסי,
toldot_tannaim:334126,new,tta-334126,קטיעה בר שלום,
toldot_tannaim:334134,new,tta-334134,קלא,
toldot_tannaim:334135,new,tta-334135,קלא דרומה,
toldot_tannaim:334136,new,tta-334136,קמחית,
toldot_tannaim:334137,new,tta-334137,קמצא ובר קמצא,
toldot_tannaim:334140,new,tta-334140,קנה,
toldot_tannaim:334142,new,tta-334142,קצב,
toldot_tannaim:334145,new,tta-334145,קרח,
toldot_tannaim:334147,new,tta-334147,קרחנאה,
toldot_tannaim:334149,linked,Q7296284,קרנא,
toldot_tannaim:334151,new,tta-334151,קתרוס,
toldot_tannaim:334120,new,tta-334120,ר' קורייס,
toldot_tannaim:334129,new,tta-334129,ר' קיסמא בן גירי,
toldot_tannaim:334133,new,tta-334133,ר' קיריס דאירמה,
toldot_tannaim:334138,new,tta-334138,ר' קמצפא,
toldot_tannaim:334143,new,tta-334143,ר' קצרא,
toldot_tannaim:334148,new,tta-334148,ר' קריספא,
toldot_tannaim:334124,linked,Q6932585,רב קטינא,
toldot_tannaim:1709727,new,tta-1709727,ר' ראובן,amoraim
toldot_tannaim:1709726,new,tta-1709726,ר' ראובן,tannaim
toldot_tannaim:1709728,new,tta-1709728,ר' ראובן בן איצטרובלי,
toldot_tannaim:1710089,new,tta-1710089,ר' רדיפה,
toldot_tannaim:1710091,new,tta-1710091,ר' רומנוס,
toldot_tannaim:1710100,new,tta-1710100,ר' רחומאי,
toldot_tannaim:1710101,new,tta-1710101,ר' רימון,
toldot_tannaim:1709730,new,tta-1709730,רב בר יודה,
toldot_tannaim:1709731,linked,Q19344639,רב בר שבא,
toldot_tannaim:1709732,new,tta-1709732,רב בריה דשמואל,
toldot_tannaim:1709733,new,tta-1709733,רב מדיפתא,
toldot_tannaim:1709517,new,tta-1709517,רב רבאי דמן רוב,
toldot_tannaim:1710095,linked,Q6576617,רב רחומי,
toldot_tannaim:1710097,new,tta-1710097,רב רחומי,
toldot_tannaim:1710098,new,tta-1710098,רב רחומי,
toldot_tannaim:1710099,new,tta-1710099,רב רחומי מבירתא דשחורי,
toldot_tannaim:1709735,linked,Q1304973,רבא,
toldot_tannaim:1709736,new,tta-1709736,רבא אחוה דרב מרי בר רחל,
toldot_tannaim:1709737,new,tta-1709737,רבא בר אבא,
toldot_tannaim:1709738,new,tta-1709738,רבא בר אבין,
toldot_tannaim:1709742,new,tta-1709742,רבא בר אהילאי,
toldot_tannaim:1709743,new,tta-1709743,רבא בר אהינא,
toldot_tannaim:1709747,new,tta-1709747,רבא בר איתי,
toldot_tannaim:1709748,new,tta-1709748,רבא בר אפיתון,
toldot_tannaim:1709776,new,tta-1709776,רבא בר בריה דרב פפי,
toldot_tannaim:1709752,new,tta-1709752,רבא בר המדורי,
toldot_tannaim:1709753,new,tta-1709753,רבא בר זבדא,
toldot_tannaim:1709754,new,tta-1709754,רבא בר זוטרא,
toldot_tannaim:1709755,new,tta-1709755,רבא בר זימונא,
toldot_tannaim:1709759,new,tta-1709759,רבא בר חקלאי,
toldot_tannaim:1709855,new,tta-1709855,רבא בר טוביה בר יצחק,
toldot_tannaim:1709760,new,tta-1709760,רבא בר יוסף,
toldot_tannaim:1709763,new,tta-1709763,רבא בר ישמעאל,
toldot_tannaim:1709766,linked,Q6477149,רבא בר מחסיא,
toldot_tannaim:1709767,new,tta-1709767,רבא בר מרי,
toldot_tannaim:1709768,new,tta-1709768,רבא בר משרשיא,
toldot_tannaim:1709771,new,tta-1709771,רבא בר נתן בר אמי,
toldot_tannaim:1709775,new,tta-1709775,רבא בר פפא,
toldot_tannaim:1709778,new,tta-1709778,רבא בר קיסנא,
toldot_tannaim:1709740,new,tta-1709740,רבא בר רב אדא,
toldot_tannaim:1709757,new,tta-1709757,רבא בר רב חנן,
toldot_tannaim:1709758,new,tta-1709758,רבא בר רב חסדא,
toldot_tannaim:1709773,new,tta-1709773,רבא בר רב עזא,
toldot_tannaim:1709782,new,tta-1709782,רבא בר שאילתא,
toldot_tannaim:1709781,new,tta-1709781,רבא בר שבא,
toldot_tannaim:1709784,new,tta-1709784,רבא בר שירא,
toldot_tannaim:1709785,new,tta-1709785,רבא בר שמואל,
toldot_tannaim:1709786,new,tta-1709786,רבא בר שרשום,
toldot_tannaim:1709787,new,tta-1709787,רבא בר תחליפא,
toldot_tannaim:1709744,new,tta-1709744,רבא בריה דרב אויא סבא,
toldot_tannaim:1709745,new,tta-1709745,רבא בריה דרב אחא בר הונא,
toldot_tannaim:1709746,new,tta-1709746,רבא בריה דרב אידי בר אבין,
toldot_tannaim:1709774,new,tta-1709774,רבא בריה דרב עילאי,
toldot_tannaim:1709779,linked,Q6591269,רבא בריה דרבה,
toldot_tannaim:1709780,new,tta-1709780,רבא בריה דרבה בר רב הונא,
toldot_tannaim:1709789,new,tta-1709789,רבא זעירא,
toldot_tannaim:1709790,new,tta-1709790,רבא מברניש,
toldot_tannaim:1709791,new,tta-1709791,רבא מפרזקי,
toldot_tannaim:1709795,linked,Q7278519,רבה בר אבוה,
toldot_tannaim:1709839,new,tta-1709839,רבה בר איבו,
toldot_tannaim:1709841,new,tta-1709841,רבה בר איסי,
toldot_tannaim:1709842,new,tta-1709842,רבה בר איתי,
toldot_tannaim:1709850,linked,Q2124892,רבה בר בר חנא,
toldot_tannaim:1709843,new,tta-1709843,רבה בר ברונא,
toldot_tannaim:1709847,new,tta-1709847,רבה בר חייא קטוספאה,
toldot_tannaim:1709851,new,tta-1709851,רבה בר חיננא סבא,
toldot_tannaim:1709848,new,tta-1709848,רבה בר חמא,
toldot_tannaim:1709849,new,tta-1709849,רבה בר חנא,
toldot_tannaim:1709852,new,tta-1709852,רבה בר חנינא,
toldot_tannaim:1709856,new,tta-1709856,רבה בר יונתן,
toldot_tannaim:1709857,linked,Q7278517,רבה בר יוסף,
toldot_tannaim:1709859,new,tta-1709859,רבה בר יעקב,
toldot_tannaim:1709861,linked,Q7278472,רבה בר ירמיה,
toldot_tannaim:1709862,new,tta-1709862,רבה בר כהנא,
toldot_tannaim:1709863,new,tta-1709863,רבה בר ליואי,
toldot_tannaim:1709864,new,tta-1709864,רבה בר לימא,
toldot_tannaim:1709866,new,tta-1709866,רבה בר מרי,
toldot_tannaim:1709867,new,tta-1709867,רבה בר מריון,
toldot_tannaim:1709868,new,tta-1709868,רבה בר מתנה,
toldot_tannaim:1709516,linked,Q360557,רבה בר נחמני,
toldot_tannaim:1709870,new,tta-1709870,רבה בר נתן,
toldot_tannaim:1709871,linked,Q6553715,רבה בר עולא,
toldot_tannaim:1709873,new,tta-1709873,רבה בר עופרן,
toldot_tannaim:1709874,new,tta-1709874,רבה בר עשבי,
toldot_tannaim:1709875,new,tta-1709875,רבה בר קיריא,
toldot_tannaim:1709844,linked,Q2124894,רבה בר רב הונא,
toldot_tannaim:1709845,new,tta-1709845,רבה בר רב הונא זוטא מנהרדעא,
toldot_tannaim:1709860,new,tta-1709860,רבה בר רב יצחק,
toldot_tannaim:1709869,new,tta-1709869,רבה בר רב נחמן,
toldot_tannaim:1709878,linked,Q7278521,רבה בר שילא,
toldot_tannaim:1709880,new,tta-1709880,רבה בר שימי,
toldot_tannaim:1709881,new,tta-1709881,רבה בר שימי,
toldot_tannaim:1709883,new,tta-1709883,רבה בר שמואל,
toldot_tannaim:1709884,new,tta-1709884,רבה בר תחליפא,
toldot_tannaim:1709885,new,tta-1709885,רבה זוטי,
toldot_tannaim:1709888,new,tta-1709888,רבה מקובי,
toldot_tannaim:1709889,linked,Q7278518,רבה תוספאה,
toldot_tannaim:1709892,new,tta-1709892,רבותינו שבגולה,
toldot_tannaim:1709893,new,tta-1709893,רבותינו שבדרום,
toldot_tannaim:1709895,new,tta-1709895,רביא בר קיסי,
toldot_tannaim:1709898,linked,Q1850885,רבינא,
toldot_tannaim:1709899,new,tta-1709899,רבינא בר אבינא,
toldot_tannaim:1709901,new,tta-1709901,רבינא בר ירמיה,
toldot_tannaim:1709903,new,tta-1709903,רבינא בר סיסי,
toldot_tannaim:1709905,new,tta-1709905,רבינא בר שילא,
toldot_tannaim:1709900,new,tta-1709900,רבינא בריה דרב הונא,
toldot_tannaim:1709902,new,tta-1709902,רבינא בריה דרב עולא,
toldot_tannaim:1709906,new,tta-1709906,רבינא מפרזקיא,
toldot_tannaim:1709907,new,tta-1709907,רבמי,
toldot_tannaim:1709908,linked,Q116069944,רבנאי,
toldot_tannaim:1709909,new,tta-1709909,רבנאי אחוה דר' חייא בר אבא,
toldot_tannaim:1709910,new,tta-1709910,רבנאי חוזאי,
toldot_tannaim:1710090,new,tta-1710090,רובין,
toldot_tannaim:1710092,new,tta-1710092,רוניא,
toldot_tannaim:1710094,linked,Q6588632,רחבה דפומבדיתא,
toldot_tannaim:1710103,new,tta-1710103,רכיש בר פפא,
toldot_tannaim:1710104,ambiguous,,רמי בר אבא,
toldot_tannaim:1710105,ambiguous,,רמי בר אבא,
toldot_tannaim:1710106,new,tta-1710106,רמי בר אבין,
toldot_tannaim:1710107,new,tta-1710107,רמי בר ברבי,
toldot_tannaim:1710109,linked,Q7289541,רמי בר חמא,
toldot_tannaim:1710111,linked,Q6587609,רמי בר יחזקאל,
toldot_tannaim:1710113,new,tta-1710113,רמי בר פפא,
toldot_tannaim:1710110,new,tta-1710110,רמי בר רב יוד,
toldot_tannaim:1710114,new,tta-1710114,רמי בר שמואל,
toldot_tannaim:1710115,new,tta-1710115,רמי בר תמרי,
toldot_tannaim:1710112,new,tta-1710112,רמי בריה דרב ייבא,
toldot_tannaim:1710118,ambiguous,,רפרם,
toldot_tannaim:1710119,linked,Q6658025,רפרם בר פפא,
toldot_tannaim:1710120,new,tta-1710120,רפרם בר פפא,
toldot_tannaim:1710121,new,tta-1710121,רפרם בר פפא מסיכרא,
toldot_tannaim:1709389,new,tta-1709389,ר' שיין,
toldot_tannaim:1709391,linked,Q3415876,ר' שילא,tannaim
toldot_tannaim:1716497,new,tta-1716497,ר' שמעון בולוטה,
toldot_tannaim:1715893,new,tta-1715893,ר' שמעון בן הסגן,
toldot_tannaim:1715931,new,tta-1715931,ר' שמעון בן לוי,
toldot_tannaim:1715933,new,tta-1715933,ר' שמעון בן לקיש-ריש לקיש,
toldot_tannaim:1715938,linked,Q2070697,ר' שמעון בן מנסיא,
toldot_tannaim:1715972,linked,Q61126541,ר' שמעון בן ננס,
toldot_tannaim:1715974,new,tta-1715974,ר' שמעון בן נתנאל,
toldot_tannaim:1716041,new,tta-1716041,ר' שמעון בן עקשיה,
toldot_tannaim:1716042,new,tta-1716042,ר' שמעון בן פזי,
toldot_tannaim:1716043,new,tta-1716043,ר' שמעון בן קיסמא,
toldot_tannaim:1716040,new,tta-1716040,ר' שמעון בן ר' עקיבא,
toldot_tannaim:1716495,new,tta-1716495,ר' שמעון בן שקפא,
toldot_tannaim:1716496,new,tta-1716496,ר' שמעון בן תחליפא,
toldot_tannaim:1715906,new,tta-1715906,ר' שמעון בר כהנא,
toldot_tannaim:1715909,new,tta-1715909,ר' שמעון בר כרסנא,
toldot_tannaim:1715934,new,tta-1715934,ר' שמעון בר מיישא,
toldot_tannaim:1715939,new,tta-1715939,ר' שמעון בר נזירא,
toldot_tannaim:1715935,new,tta-1715935,ר' שמעון בר נחמן,
toldot_tannaim:1716498,new,tta-1716498,ר' שמעון דימא,
toldot_tannaim:1709425,linked,Q7296292,רב שיזבי,
toldot_tannaim:1709394,new,tta-1709394,רב שיזבי,
toldot_tannaim:1709388,new,tta-1709388,רב שייא,
toldot_tannaim:1716538,linked,Q743044,רב ששת,
toldot_tannaim:1716533,new,tta-1716533,רב ששת בריה דרב יהושע,
toldot_tannaim:1716532,new,tta-1716532,רב ששת מקרטיזא,
toldot_tannaim:1715897,new,tta-1715897,ר' שמעון בר זביד,
toldot_tannaim:1709431,new,tta-1709431,שגביון,
toldot_tannaim:1709386,new,tta-1709386,שזפר,
toldot_tannaim:1709358,new,tta-1709358,שיבחת,
toldot_tannaim:1715128,new,tta-1715128,שמעון איש המצפה,
toldot_tannaim:1715129,new,tta-1715129,שמעון איש קטרון,
toldot_tannaim:1715988,new,tta-1715988,שמעון בן עזאי,
toldot_tannaim:1716044,new,tta-1716044,שמעון בן קמחית,
toldot_tannaim:1715973,new,tta-1715973,שמעון בר נרשייא,
toldot_tannaim:334447,new,tta-334447,אבא תחנא חסידא,
toldot_tannaim:334419,new,tta-334419,ר' תדאי,
toldot_tannaim:334430,new,tta-334430,ר' תחליפא,amoraim
toldot_tannaim:334438,new,tta-334438,ר' תחליפא בר בר חנא,
toldot_tannaim:334437,new,tta-334437,ר' תחליפא בר גיזא,
toldot_tannaim:334440,new,tta-334440,ר' תחליפא בר יעקב,
toldot_tannaim:334441,new,tta-334441,ר' תחליפא בר מערבא,
toldot_tannaim:334439,new,tta-334439,ר' תחליפא בר רב חסדא,
toldot_tannaim:334442,new,tta-334442,ר' תחליפא בר שאול,
toldot_tannaim:334443,new,tta-334443,ר' תחליפא דקיסרין,
toldot_tannaim:334444,new,tta-334444,ר' תחליפא חמיו דר' אבהו,
toldot_tannaim:334445,new,tta-334445,ר' תחליפא חמיו דר' אחא,
toldot_tannaim:334446,new,tta-334446,ר' תחנא,
toldot_tannaim:334453,new,tta-334453,ר' תנחום,
toldot_tannaim:334454,new,tta-334454,ר' תנחום אדרייא,
toldot_tannaim:334455,new,tta-334455,ר' תנחום איסבולסטיקא,
toldot_tannaim:334475,new,tta-334475,ר' תנחום ביצרייא,
toldot_tannaim:334465,new,tta-334465,ר' תנחום בר' טרפון,
toldot_tannaim:334467,new,tta-334467,ר' תנחום בר' יוסי,
toldot_tannaim:334457,new,tta-334457,ר' תנחום בר חייא,
toldot_tannaim:334459,new,tta-334459,ר' תנחום בר חכינאי,
toldot_tannaim:334460,new,tta-334460,ר' תנחום בר חמא,
toldot_tannaim:334461,new,tta-334461,ר' תנחום בר חנילאי,
toldot_tannaim:334462,new,tta-334462,ר' תנחום בר חנינא,
toldot_tannaim:334466,new,tta-334466,ר' תנחום בר יודן,
toldot_tannaim:334468,new,tta-334468,ר' תנחום בר ירמיה,
toldot_tannaim:334469,new,tta-334469,ר' תנחום בר מני,
toldot_tannaim:334470,new,tta-334470,ר' תנחום בר מריון,
toldot_tannaim:334471,new,tta-334471,ר' תנחום בר נחמני,
toldot_tannaim:334472,new,tta-334472,ר' תנחום בר עילא,
toldot_tannaim:334473,new,tta-334473,ר' תנחום בר פפא,
toldot_tannaim:334474,new,tta-334474,ר' תנחום ברבי,
toldot_tannaim:334458,new,tta-334458,ר' תנחום בריה דר' חייא איש כפר עכו,
toldot_tannaim:334476,new,tta-334476,ר' תנחום דכפר גון,
toldot_tannaim:334477,new,tta-334477,ר' תנחום דמן יפו,
toldot_tannaim:334478,new,tta-334478,ר' תנחום דמן נוי,
toldot_tannaim:334479,new,tta-334479,ר' תנחום דמן פרוד,
toldot_tannaim:334480,linked,Q2392189,ר' תנחומא,
toldot_tannaim:334499,new,tta-334499,ר' תנחומא בי ר' יונה ממצוצרא,
toldot_tannaim:334500,new,tta-334500,ר' תנחומא בי ר' מנחם בר' יעקב,
toldot_tannaim:334501,new,tta-334501,ר' תפדאי,
toldot_tannaim:334429,new,tta-334429,רב תחליפא,
toldot_tannaim:334431,new,tta-334431,"רב תחליפא אבוה דר""ה בר תחליפא",
toldot_tannaim:334432,new,tta-334432,רב תחליפא אחוה דרבינאי חוזאה,
toldot_tannaim:334433,new,tta-334433,רב תחליפא בר אבדימי,
toldot_tannaim:334434,new,tta-334434,רב תחליפא בר אבינא,
toldot_tannaim:334436,new,tta-334436,רב תחליפא בר אימי,
toldot_tannaim:334421,new,tta-334421,תודוס איש רומי,
toldot_tannaim:334422,new,tta-334422,תודוס הרופא,
toldot_tannaim:334423,new,tta-334423,תוטאי,
toldot_tannaim:334448,new,tta-334448,תימא,
toldot_tannaim:334449,new,tta-334449,תלמי המלך,
toldot_tannaim:334451,new,tta-334451,תנא דבי ר' פלוני תנא קמיה דר' פלוני,
toldot_tannaim:334503,new,tta-334503,תקיפי קדמאה,
seder_hadorot_segron:1,new,sh-1,אדם,mikra
seder_hadorot_segron:2,new,sh-2,שת,mikra
seder_hadorot_segron:3,new,sh-3,מהללאל,mikra
seder_hadorot_segron:4,new,sh-4,ירד,mikra
seder_hadorot_segron:5,new,sh-5,חנוך,mikra
seder_hadorot_segron:6,new,sh-6,מתושלח,mikra
seder_hadorot_segron:7,new,sh-7,נח,mikra
seder_hadorot_segron:8,linked,sh-7,נח,mikra
seder_hadorot_segron:9,new,sh-9,שם,mikra
seder_hadorot_segron:11,new,sh-11,ארפכשד,mikra
seder_hadorot_segron:12,new,sh-12,עבר,mikra
seder_hadorot_segron:13,new,sh-13,אברהם אבינו,mikra
seder_hadorot_segron:14,linked,sh-13,אברהם אבינו,mikra
seder_hadorot_segron:15,new,sh-15,שרה אמנו,mikra
seder_hadorot_segron:21,new,sh-21,ישמעאל,mikra
seder_hadorot_segron:23,new,sh-23,יצחק אבינו,mikra
seder_hadorot_segron:24,new,sh-24,רבקה אמנו,mikra
seder_hadorot_segron:28,new,sh-28,יעקב אבינו,mikra
seder_hadorot_segron:29,linked,sh-13,אברהם אבינו,mikra
seder_hadorot_segron:30,new,sh-30,לאה אמנו,mikra
seder_hadorot_segron:31,new,sh-31,רחל אמנו,mikra
seder_hadorot_segron:38,new,sh-38,ראובן בן יעקב,mikra
seder_hadorot_segron:39,new,sh-39,שמעון בן יעקב,mikra
seder_hadorot_segron:40,new,sh-40,לוי בן יעקב,mikra
seder_hadorot_segron:41,new,sh-41,דן בן יעקב,mikra
seder_hadorot_segron:42,new,sh-42,נפתלי בן יעקב,mikra
seder_hadorot_segron:43,new,sh-43,יהודה בן יעקב,mikra
seder_hadorot_segron:44,new,sh-44,יששכר בן יעקב,mikra
seder_hadorot_segron:45,new,sh-45,גד בן יעקב,mikra
seder_hadorot_segron:46,new,sh-46,זבולון בן יעקב,mikra
seder_hadorot_segron:47,new,sh-47,אשר בן יעקב,mikra
seder_hadorot_segron:48,new,sh-48,יוסף בן יעקב,mikra
seder_hadorot_segron:52,linked,sh-24,רבקה אמנו,mikra
seder_hadorot_segron:53,new,sh-53,בנימין בן יעקב,mikra
seder_hadorot_segron:54,linked,sh-31,רחל אמנו,mikra
seder_hadorot_segron:56,linked,sh-30,לאה אמנו,mikra
seder_hadorot_segron:58,linked,sh-23,יצחק אבינו,mikra
seder_hadorot_segron:63,linked,sh-28,יעקב אבינו,mikra
seder_hadorot_segron:64,new,sh-64,יוסף,mikra
seder_hadorot_segron:65,new,sh-65,שמעון,mikra
seder_hadorot_segron:66,new,sh-66,יהודה,mikra
seder_hadorot_segron:67,new,sh-67,ראובן,mikra
seder_hadorot_segron:68,new,sh-68,יששכר,mikra
seder_hadorot_segron:69,ambiguous,,בנימין,mikra
seder_hadorot_segron:70,new,sh-70,אשר,mikra
seder_hadorot_segron:71,new,sh-71,זבולון,mikra
seder_hadorot_segron:72,new,sh-72,דן,mikra
seder_hadorot_segron:73,new,sh-73,גד,mikra
seder_hadorot_segron:74,new,sh-74,נפתלי,mikra
seder_hadorot_segron:75,new,sh-75,לוי,mikra
seder_hadorot_segron:77,new,sh-77,מרים הנביאה,mikra
seder_hadorot_segron:79,new,sh-79,אהרן הכהן,mikra
seder_hadorot_segron:80,new,sh-80,משה רבינו,mikra
seder_hadorot_segron:81,new,sh-81,יהושע בן נון,mikra
seder_hadorot_segron:108,new,sh-108,מרים,mikra
seder_hadorot_segron:109,linked,sh-80,משה רבינו,mikra
seder_hadorot_segron:118,linked,sh-81,יהושע בן נון,mikra
seder_hadorot_segron:120,new,sh-120,עתניאל בן קנז,mikra
seder_hadorot_segron:122,new,sh-122,אהוד בן גרא,mikra
seder_hadorot_segron:123,new,sh-123,שמגר בן ענת,mikra
seder_hadorot_segron:124,new,sh-124,דבורה הנביאה,mikra
seder_hadorot_segron:124b,new,sh-124b,ברק בן אבינועם,mikra
seder_hadorot_segron:125,new,sh-125,גדעון בן יהואש,mikra
seder_hadorot_segron:126,new,sh-126,אבימלך בן גדעון,mikra
seder_hadorot_segron:127,new,sh-127,תולע בן פואה,mikra
seder_hadorot_segron:128,new,sh-128,יאיר הגלעדי,mikra
seder_hadorot_segron:130,new,sh-130,יפתח הגלעדי,mikra
seder_hadorot_segron:132,new,sh-132,אבצן מבית לחם,mikra
seder_hadorot_segron:133,new,sh-133,אילון הזבולוני,mikra
seder_hadorot_segron:134,new,sh-134,עבדון בן הלל הפרעתני,mikra
seder_hadorot_segron:135,new,sh-135,שמשון,mikra
seder_hadorot_segron:136,linked,Q6577515,שמואל הנביא,mikra
seder_hadorot_segron:138,new,sh-138,עלי הכהן,mikra
seder_hadorot_segron:139,new,sh-139,דוד המלך,mikra
seder_hadorot_segron:140,linked,Q6577515,שמואל הנביא,mikra
seder_hadorot_segron:142,new,sh-142,שאול המלך,mikra
seder_hadorot_segron:143,linked,sh-139,דוד המלך,mikra
seder_hadorot_segron:146,new,sh-146,שלמה המלך,mikra
seder_hadorot_segron:150,linked,sh-139,דוד המלך,mikra
seder_hadorot_segron:151,linked,sh-146,שלמה המלך,mikra
seder_hadorot_segron:154,linked,sh-146,שלמה המלך,mikra
seder_hadorot_segron:156,new,sh-156,רחבעם,mikra
seder_hadorot_segron:157,new,sh-157,ירבעם בן נבט,mikra
seder_hadorot_segron:158,new,sh-158,אביה בן רחבעם,mikra
seder_hadorot_segron:159,new,sh-159,אסא בן אביה,mikra
seder_hadorot_segron:160,new,sh-160,נדב בן ירבעם,mikra
seder_hadorot_segron:161,new,sh-161,בעשא בן אחיה,mikra
seder_hadorot_segron:162,new,sh-162,אלה בן בעשא,mikra
seder_hadorot_segron:163,new,sh-163,זמרי,mikra
seder_hadorot_segron:164,new,sh-164,עמרי,mikra
seder_hadorot_segron:165,linked,sh-164,עמרי,mikra
seder_hadorot_segron:166,new,sh-166,אחאב בן עמרי,mikra
seder_hadorot_segron:167,new,sh-167,יהושפט בן אסא,mikra
seder_hadorot_segron:168,new,sh-168,אחזיהו בן אחאב,mikra
seder_hadorot_segron:169,new,sh-169,יהורם בן אחאב,mikra
seder_hadorot_segron:170,new,sh-170,יהורם בן יהושפט,mikra
seder_hadorot_segron:171,new,sh-171,אחזיהו בן יהורם,mikra
seder_hadorot_segron:172,new,sh-172,יהוא בן יהושפט בן נמשי,mikra
seder_hadorot_segron:174,new,sh-174,עתליה בת אחאב,mikra
seder_hadorot_segron:175,new,sh-175,יואש בן אחזיהו,mikra
seder_hadorot_segron:176,new,sh-176,יהואחז בן יהוא,mikra
seder_hadorot_segron:177,new,sh-177,יואש בן יהואחז,mikra
seder_hadorot_segron:178,new,sh-178,אמיציה בן יואש,mikra
seder_hadorot_segron:179,new,sh-179,ירבעם בן יהואש,mikra
seder_hadorot_segron:180,new,sh-180,עוזיהו בן אמיציה,mikra
seder_hadorot_segron:183,new,sh-183,זכריה בן ירבעם,mikra
seder_hadorot_segron:184,new,sh-184,שלם בן יבש,mikra
seder_hadorot_segron:185,new,sh-185,מנחם בן גדי,mikra
seder_hadorot_segron:186,new,sh-186,פקחיה בן מנחם,mikra
seder_hadorot_segron:187,new,sh-187,פקח בן רמליהו,mikra
seder_hadorot_segron:188,new,sh-188,יותם בן עוזיהו,mikra
seder_hadorot_segron:189,new,sh-189,אחז בן יותם,mikra
seder_hadorot_segron:190,new,sh-190,הושע בן אלה,mikra
seder_hadorot_segron:193,new,sh-193,חזקיהו בן אחז,mikra
seder_hadorot_segron:195,skipped,,סנחריב,mikra
seder_hadorot_segron:198,new,sh-198,מנשה בן חזקיהו,mikra
seder_hadorot_segron:199,new,sh-199,אמון בן מנשה,mikra
seder_hadorot_segron:200,new,sh-200,יאשיהו בן אמון,mikra
seder_hadorot_segron:204,new,sh-204,יהואחז בן יאשיהו,mikra
seder_hadorot_segron:205,new,sh-205,יהויקים בן יאשיהו,mikra
seder_hadorot_segron:210,new,sh-210,יהויכין בן יהויקים,mikra
seder_hadorot_segron:216,new,sh-216,גדליהו בן אחיקם,mikra
seder_hadorot_segron:220,skipped,,דריוש המדי,mikra
seder_hadorot_segron:226,skipped,,אחשורוש,mikra
seder_hadorot_segron:229,new,sh-229,דוריוש השני,mikra
seder_hadorot_segron:231,linked,Q2664632,שמעון הצדיק,zugot
seder_hadorot_segron:238,linked,Q191787,עזרא,mikra
seder_hadorot_segron:238b,new,sh-238b,נחמיה,mikra
seder_hadorot_segron:239,skipped,,אלכסנדר מוקדון,zugot
seder_hadorot_segron:241,linked,Q2590159,אנטיגנוס איש סוכו,zugot
seder_hadorot_segron:244,new,sh-244,יוסי בן יועזר,zugot
seder_hadorot_segron:244b,new,sh-244b,יוסף בן יוחנן,zugot
seder_hadorot_segron:246,linked,Q2778130,יהושע בן פרחיה,zugot
seder_hadorot_segron:246b,new,sh-246b,ניתאי הארבלי,zugot
seder_hadorot_segron:247,skipped,,אנטיוכוס הגדול,zugot
seder_hadorot_segron:249,skipped,,סלוקום,zugot
seder_hadorot_segron:250,skipped,,אנטיוכוס אפיפנס,zugot
seder_hadorot_segron:251,skipped,,אנטיוכוס הרשע,zugot
seder_hadorot_segron:254,new,sh-254,יהודה בן טבאי,zugot
seder_hadorot_segron:254b,linked,Q338378,שמעון בן שטח,zugot
seder_hadorot_segron:258,new,sh-258,יהודה המכבי,zugot
seder_hadorot_segron:259,new,sh-259,יהונתן המכבי,zugot
seder_hadorot_segron:260,new,sh-260,שמעון המכבי,zugot
seder_hadorot_segron:261,new,sh-261,יוחנן הורקנוס,zugot
seder_hadorot_segron:262,new,sh-262,אריסתובולוס,zugot
seder_hadorot_segron:263,new,sh-263,אלכסנדר ינאי,zugot
seder_hadorot_segron:264,new,sh-264,אלכסנדרה,zugot
seder_hadorot_segron:265,new,sh-265,אריסתובולוס בן שלומציון,zugot
seder_hadorot_segron:266,new,sh-266,הורקנוס בן שלומציון,zugot
seder_hadorot_segron:267,new,sh-267,אנטיגנוס בן אריסתובולוס,zugot
seder_hadorot_segron:268,new,sh-268,שמעיה,zugot
seder_hadorot_segron:268b,new,sh-268b,אבטליון,zugot
seder_hadorot_segron:269,skipped,,הורדוס,zugot
seder_hadorot_segron:270,linked,tta-399572,הלל,zugot
seder_hadorot_segron:270b,new,sh-270b,שמאי,zugot
seder_hadorot_segron:272,linked,Q310821,רבי עקיבא,tannaim
seder_hadorot_segron:273,skipped,,אריקלוס בן הורדוס,tannaim
seder_hadorot_segron:276,linked,Q557405,רבן שמעון,tannaim
seder_hadorot_segron:277,skipped,,הורדוס אנטיפטר,tannaim
seder_hadorot_segron:278,linked,Q310584,רבן גמליאל הזקן,tannaim
seder_hadorot_segron:279,skipped,,אגריפס בן אריסטובלוס בן הורדוס הראשון,tannaim
seder_hadorot_segron:280,skipped,,מונבז,tannaim
seder_hadorot_segron:281,linked,Q1400135,רבן שמעון בן גמליאל,tannaim
seder_hadorot_segron:282,linked,Q733660,רבן יוחנן בן זכאי,tannaim
seder_hadorot_segron:286,new,sh-286,רבן גמליאל השני דיבנה,tannaim
seder_hadorot_segron:288,linked,Q310821,רבי עקיבא,tannaim
seder_hadorot_segron:293,linked,Q1400135,רבן שמעון בן גמליאל,tannaim
seder_hadorot_segron:294,linked,Q380427,רבי יהודה הנשיא,tannaim
seder_hadorot_segron:297,linked,Q380427,רבי יהודה הנשיא,tannaim
seder_hadorot_segron:302,linked,Q357157,רבן גמליאל השלישי,tannaim
seder_hadorot_segron:304,new,sh-304,רב,amoraim
seder_hadorot_segron:306,linked,Q723557,שמואל,amoraim
seder_hadorot_segron:308,linked,Q1391489,ריש לקיש,amoraim
seder_hadorot_segron:309,linked,Q1397565,רבי יוחנן,amoraim
seder_hadorot_segron:310,linked,Q1529450,רבי יהודה נשיאה,amoraim
seder_hadorot_segron:312,linked,Q1794530,רב הונא,amoraim
seder_hadorot_segron:313,linked,Q359777,רב יהודה,amoraim
seder_hadorot_segron:314,linked,Q1391057,רב חסדא,amoraim
seder_hadorot_segron:315,linked,Q2124832,רב נחמן בר יעקב,amoraim
seder_hadorot_segron:316,linked,Q2124894,רבה בר רב הונא,amoraim
seder_hadorot_segron:317,linked,Q359768,רב יוסף,amoraim
seder_hadorot_segron:318,linked,Q360557,רבה בר נחמני,amoraim
seder_hadorot_segron:319,linked,Q6288179,רב יוסף בר חמא,amoraim
seder_hadorot_segron:320,linked,Q304924,אביי,amoraim
seder_hadorot_segron:321,linked,Q1304973,רבא,amoraim
seder_hadorot_segron:322,new,sh-322,רבי הלל הנשיא,amoraim
seder_hadorot_segron:325,linked,Q742620,רב אשי,amoraim
seder_hadorot_segron:327,new,sh-327,רבינא,amoraim
seder_hadorot_segron:333,linked,Q953481,רב אחאי משבחא,geonim
seder_hadorot_segron:334,linked,Q477541,רב עמרם גאון,geonim
seder_hadorot_segron:335,linked,Q328748,רב סעדיה גאון,geonim
seder_hadorot_segron:336,linked,Q356149,רב שרירא גאון,geonim
seder_hadorot_segron:337,linked,Q982050,רבנו גרשום מאור הגולה,rishonim
seder_hadorot_segron:338,linked,Q982194,רב האי גאון,geonim
seder_hadorot_segron:339,linked,Q1061624,רבינו חננאל,rishonim
seder_hadorot_segron:340,linked,Q690381,רב ניסים גאון,rishonim
seder_hadorot_segron:341,new,sh-341,רבי שמואל הנגיד,rishonim
seder_hadorot_segron:343,linked,Q523491,"הרי""ף",rishonim
seder_hadorot_segron:344,linked,Q239355,רב שלמה אבן גבירול,rishonim
seder_hadorot_segron:345,linked,Q2776652,רבי משה הדרשן,rishonim
seder_hadorot_segron:346,linked,Q1803572,רבי נתן בר יחיאל,rishonim
seder_hadorot_segron:347,new,sh-347,רבי קלונימוס הזקן,rishonim
seder_hadorot_segron:348,linked,Q26456,רבי שלמה יצחקי,rishonim
seder_hadorot_segron:349,linked,Q762229,רבי בחיי,rishonim
seder_hadorot_segron:350,new,sh-350,רבי אברהם בר-חייא,rishonim
seder_hadorot_segron:351,linked,Q299200,רבי יהודה הלוי,rishonim
seder_hadorot_segron:352,linked,Q958361,"הר""י מיגש",rishonim
seder_hadorot_segron:353,new,sh-353,רבי שמחה מויטרי,rishonim
seder_hadorot_segron:354,linked,Q6302174,"ריב""ן",rishonim
seder_hadorot_segron:355,linked,Q722697,"רשב""ם",rishonim
seder_hadorot_segron:356,linked,Q270670,רבי אברהם אבן עזרא,rishonim
seder_hadorot_segron:357,linked,Q827736,"הראב""ן",rishonim
seder_hadorot_segron:358,linked,Q944289,רבנו תם,rishonim
seder_hadorot_segron:359,new,sh-359,רבי מימון,rishonim
seder_hadorot_segron:360,ambiguous,,רבי אברהם בר יצחק,rishonim
seder_hadorot_segron:361,linked,Q1970330,"ר""י הזקן",rishonim
seder_hadorot_segron:362,new,sh-362,רבי יצחק בן אברהם,rishonim
seder_hadorot_segron:363,linked,Q1329306,רבי אליעזר ממיץ,rishonim
seder_hadorot_segron:364,linked,Q330769,רבי אברהם בן דוד מפושקירא,rishonim
seder_hadorot_segron:365,linked,Q6077386,רבי יצחק בר אבא מרי ממרשליה,rishonim
seder_hadorot_segron:366,linked,Q2906881,רבי זרחיה הלוי,rishonim
seder_hadorot_segron:367,linked,Q127398,"הרמב""ם",rishonim
seder_hadorot_segron:368,linked,Q4865880,רבי ברוך בן יצחק,rishonim
seder_hadorot_segron:369,linked,Q5360791,רבי אליעזר בן יואל הלוי,rishonim
seder_hadorot_segron:370,linked,Q1391474,רבי יהודה החסיד,rishonim
seder_hadorot_segron:371,new,sh-371,"רבי שמעון משאנץ ב""ר אברהם",rishonim
seder_hadorot_segron:372,new,sh-372,רבי שמשון בן אברהם,rishonim
seder_hadorot_segron:373,linked,Q4669267,רבי אברהם בר נתן הירחי,rishonim
seder_hadorot_segron:374,linked,Q733619,רבי דוד קמחי,rishonim
seder_hadorot_segron:375,linked,Q106336,רבי אליעזר בן יהודה מגרמיזא,rishonim
seder_hadorot_segron:376,new,sh-376,"רבי יהודה ב""ר יצחק שירליאון",rishonim
seder_hadorot_segron:377,linked,Q372554,רבי מאיר טודרוס הלוי,rishonim
seder_hadorot_segron:378,linked,Q1688038,רבי ישעיה די טראני,rishonim
seder_hadorot_segron:379,linked,Q647348,רבי יצחק בר משה,rishonim
seder_hadorot_segron:380,new,sh-380,רבי שמואל בר יצחק הסרדי,rishonim
seder_hadorot_segron:381,linked,Q2916539,רבי משה בר יעקב מקוצי,rishonim
seder_hadorot_segron:382,new,sh-382,רבי משלם בן משה מבדרש,rishonim
seder_hadorot_segron:383,new,sh-383,רבי משה בן נחמן גירונדי,rishonim
seder_hadorot_segron:384,new,sh-384,רבי יונה גירונדי החסיד,rishonim
seder_hadorot_segron:385,linked,Q1686108,רבי יחיאל מפריס,rishonim
seder_hadorot_segron:386,new,sh-386,רבי צדקיהו בן אברהם הרופא,rishonim
seder_hadorot_segron:387,linked,Q6077408,רבי יצחק מקורביל,rishonim
seder_hadorot_segron:388,new,sh-388,"מהר""מ מרוטנבורג",rishonim
seder_hadorot_segron:389,linked,Q2820057,רבי אהרן הלוי,rishonim
seder_hadorot_segron:390,linked,Q982170,רבי שלמה בן אדרת,rishonim
seder_hadorot_segron:391,new,sh-391,רבי אהרן בן יעקב הכהן,rishonim
seder_hadorot_segron:392,new,sh-392,רבנו פרץ בן אליהו מקורביל,rishonim
seder_hadorot_segron:393,new,sh-393,רבי משה די-ליאון,rishonim
seder_hadorot_segron:394,linked,Q460673,רבי מרדכי בר הלל הקדוש,rishonim
seder_hadorot_segron:396,linked,Q3305715,רבי מנחם בן שלמה,rishonim
seder_hadorot_segron:397,new,sh-397,רבי יצחק בן מאיר,rishonim
seder_hadorot_segron:398,linked,Q722525,רבי אשר בן יחיאל,rishonim
seder_hadorot_segron:399,linked,Q460368,רבי יום טוב בן אברהם אלאשבילי,rishonim
seder_hadorot_segron:400,linked,Q1376849,רבי יעקב בן אשר,rishonim
seder_hadorot_segron:401,new,sh-401,רבי ישעיה אחרון,rishonim
seder_hadorot_segron:402,linked,Q353633,רבי לוי בן גרשום,rishonim
seder_hadorot_segron:403,linked,Q2907087,"רבנו ירוחם ב""ר משולם",rishonim
seder_hadorot_segron:404,new,sh-404,רבי דוד יוסף,rishonim
seder_hadorot_segron:405,new,sh-405,רבי אלכסנדר זוסלין הקדוש,rishonim
seder_hadorot_segron:406,linked,Q7927679,רבי וידאל די טולשא,rishonim
seder_hadorot_segron:407,linked,Q723531,רבי ניסים בן ראובן,rishonim
seder_hadorot_segron:408,new,sh-408,"ר' שמעון ב""ר אליעזר",rishonim
seder_hadorot_segron:409,linked,Q460650,רבי יצחק בר ששת,rishonim
seder_hadorot_segron:410,linked,Q12407999,רבי יוסף חביבה,rishonim
seder_hadorot_segron:411,linked,Q528415,רבי חסדאי קרשקש,rishonim
seder_hadorot_segron:412,linked,Q324313,רבי יעקב בן משה מולין הלוי,rishonim
seder_hadorot_segron:413,new,sh-413,רבי יצחק קנפטון,rishonim
seder_hadorot_segron:414,linked,Q2918665,רבי שמעון בן צמח דוראן,rishonim
seder_hadorot_segron:415,linked,Q559622,רבי יוסף אלבו,rishonim
seder_hadorot_segron:416,new,sh-416,רבי יעקב וויל,rishonim
seder_hadorot_segron:417,linked,Q1231100,רבי יצחק אבוהב,rishonim
seder_hadorot_segron:418,linked,Q45017,רבי ישראל איסרלן,rishonim
seder_hadorot_segron:419,linked,Q461494,רבי שלמה בן שמעון,rishonim
seder_hadorot_segron:420,linked,Q2975905,רבי יוסף קולון,rishonim
seder_hadorot_segron:421,linked,Q85998073,רבי יעקב לנדא,rishonim
seder_hadorot_segron:422,linked,Q1689684,רבי יצחק עראמה,rishonim
seder_hadorot_segron:423,linked,Q723526,רבי שלמה מולכו,rishonim
seder_hadorot_segron:424,new,sh-424,רבנו יצחק אברבנל,rishonim
seder_hadorot_segron:425,linked,Q12408246,רבי יצחק די ליאון,rishonim
seder_hadorot_segron:426,new,sh-426,רבי צמח בן שלמה דוראן,rishonim
seder_hadorot_segron:427,linked,Q330740,רבי אברהם זכות,rishonim
seder_hadorot_segron:428,linked,Q924800,רבי עובדיה מברטנורא,rishonim
seder_hadorot_segron:429,linked,Q6076601,רבי יצחק קארו,rishonim
seder_hadorot_segron:430,new,sh-430,רבי יוסף וירגא,rishonim
seder_hadorot_segron:431,linked,Q463374,"הרא""ם",rishonim
seder_hadorot_segron:432,linked,Q1679441,רבי יעקב בן חביב,rishonim
seder_hadorot_segron:433,linked,Q6915683,רבי משה אלשקר,acharonim
seder_hadorot_segron:434,linked,Q1195977,רבי עובדיה ספורנו,acharonim
seder_hadorot_segron:435,new,sh-435,רבי יוסף טאיטאצק,acharonim
seder_hadorot_segron:436,new,sh-436,רבי יעקב בי רב,acharonim
seder_hadorot_segron:437,linked,Q2902916,רבי יהושע בועז,acharonim
seder_hadorot_segron:438,linked,Q6535573,רבי לוי אבן חביב,acharonim
seder_hadorot_segron:439,linked,Q5241455,רבי דוד בן זמרא,acharonim
seder_hadorot_segron:440,linked,Q467148,רבי יוסף קארו,acharonim
seder_hadorot_segron:441,new,sh-441,רבי אברהם בן עזוז,acharonim
seder_hadorot_segron:443,linked,Q12408882,רבי יוסף בן לב,acharonim
seder_hadorot_segron:444,linked,Q1949234,רבי משה ברבי יוסף מטיראני,acharonim
seder_hadorot_segron:445,linked,Q48217,רבי שלמה אלקבץ הלוי,acharonim
seder_hadorot_segron:446,linked,Q7413006,"רבי שמואל ב""ר משה די מודינה",acharonim
seder_hadorot_segron:447,linked,Q786391,רבי משה אלשיך,acharonim
seder_hadorot_segron:448,linked,Q83960,רבי שלמה לוריא,acharonim
seder_hadorot_segron:449,linked,Q363513,רבי יהודה ליווא,acharonim
seder_hadorot_segron:450,linked,Q18121726,רבי יצחק חיות,acharonim
seder_hadorot_segron:451,linked,Q832201,רבי בצלאל אשכנזי,acharonim
seder_hadorot_segron:452,linked,Q733598,רבי משה קורדובירו,acharonim
seder_hadorot_segron:453,new,sh-453,רבי יעקב קאסטרו,acharonim
seder_hadorot_segron:454,linked,Q1949189,רבי משה איסרליש,acharonim
seder_hadorot_segron:455,linked,Q982189,רבי מרדכי יפה,acharonim
seder_hadorot_segron:456,linked,Q1325807,רבי אלעזר אזכרי,acharonim
seder_hadorot_segron:457,linked,Q339509,רבי יצחק לוריא אשכנזי,acharonim
seder_hadorot_segron:458,new,sh-458,רבי אברהם גלאנטי,acharonim
seder_hadorot_segron:459,new,sh-459,רבי יששכר בער בן ישראל לעזער,acharonim
seder_hadorot_segron:460,new,sh-460,רבי דוד גאנז,acharonim
seder_hadorot_segron:461,linked,Q2302424,רבי חיים ויטאל,acharonim
seder_hadorot_segron:462,linked,Q4669274,רבי אברהם די בוטון,acharonim
seder_hadorot_segron:463,linked,Q1402747,רבי מנחם עזריה,acharonim
seder_hadorot_segron:464,new,sh-464,רבי אליהו די-וידאש,acharonim
seder_hadorot_segron:465,linked,Q12407870,רבי יהושע פולק,acharonim
seder_hadorot_segron:466,linked,Q1861540,רבי שמואל אליעזר איידליש הלוי,acharonim
seder_hadorot_segron:467,linked,Q25492841,רבי חיים שבתאי,acharonim
seder_hadorot_segron:468,linked,Q8054834,רבי יום טוב צהלון,acharonim
seder_hadorot_segron:469,new,sh-469,רבי מאיר בן גדליה,acharonim
seder_hadorot_segron:470,linked,Q2891483,"רבי שלמה אפרים ב""ר אהרן לונטשיץ",acharonim
seder_hadorot_segron:471,linked,Q473318,רבי ישעיה הורוביץ,acharonim
seder_hadorot_segron:472,linked,Q1691747,רבי יואל סירקיש,acharonim
seder_hadorot_segron:473,new,sh-473,רבי אליהו בעל שם,acharonim
seder_hadorot_segron:474,linked,Q465942,רבי ישראל נג'ארה,acharonim
seder_hadorot_segron:475,new,sh-475,רבי ישעיה פינטו,acharonim
seder_hadorot_segron:476,linked,Q633076,רבי יוסף משה טיראני,acharonim
seder_hadorot_segron:477,new,sh-477,רבי יוסף יוזפא,acharonim
seder_hadorot_segron:478,linked,Q1977082,רבי אברהם אזולאי,acharonim
seder_hadorot_segron:479,new,sh-479,רבי יהודה אריה די-מודינא,acharonim
seder_hadorot_segron:480,new,sh-480,רבי אליעזר אשכנזי,acharonim
seder_hadorot_segron:481,linked,Q66439,"רבי יו""ט ליפמן הלר",acharonim
seder_hadorot_segron:482,linked,Q12409588,רבי משה חגיז,acharonim
seder_hadorot_segron:483,linked,Q913414,רבי דוד הלוי,acharonim
seder_hadorot_segron:484,linked,Q969675,רבי יוסף שלמה דילמדיגו,acharonim
seder_hadorot_segron:485,new,sh-485,רבי צבי הירש קידנובר,acharonim
seder_hadorot_segron:486,linked,Q7050873,רבי משה רבקש מוילנא,acharonim
seder_hadorot_segron:487,new,sh-487,רבי שבתאי שפטיל,acharonim
seder_hadorot_segron:488,new,sh-488,רבי יהושע בנבנישטי,acharonim
seder_hadorot_segron:489,linked,Q6271942,רבי יונה תאומים,acharonim
seder_hadorot_segron:490,linked,Q6915995,"ר' משה ב""ר יצחק יהודה לימא",acharonim
seder_hadorot_segron:491,linked,Q5067799,רבי חיים בנבינישתי,acharonim
seder_hadorot_segron:492,linked,Q2916129,רבי שלום שבזי,acharonim
seder_hadorot_segron:493,linked,Q7411464,רבי שמואל גרמיזאן,acharonim
seder_hadorot_segron:494,linked,Q6810262,רבי מאיר הכהן שיף,acharonim
seder_hadorot_segron:495,new,sh-495,רבי מנחם מנדל אויערבך,acharonim
seder_hadorot_segron:496,linked,Q1678956,רבי יעקב חגיז,acharonim
seder_hadorot_segron:497,linked,Q472619,רבי שבתאי הכהן,acharonim
seder_hadorot_segron:498,linked,Q2903655,רבי מאיר פאפירש,acharonim
seder_hadorot_segron:499,linked,Q1148266,רבי משה זכות,acharonim
seder_hadorot_segron:500,linked,Q330021,רבי אברהם אבלי גומבינר,acharonim
seder_hadorot_segron:501,new,sh-501,רבי זכריה מנדל,acharonim
seder_hadorot_segron:502,new,sh-502,רבי מאיר בכרך,acharonim
seder_hadorot_segron:503,new,sh-503,"ר' שמואל ב""ר אורי שרגא פייבוש מווידיסלב",acharonim
seder_hadorot_segron:504,new,sh-504,רבי אברהם הלוי,acharonim
seder_hadorot_segron:505,linked,Q911755,רבי שבתאי שטרום,acharonim
seder_hadorot_segron:506,linked,Q4669266,רבי אברהם ברוידא,acharonim
seder_hadorot_segron:507,new,sh-507,רבי אליהו כהן האיתמרי,acharonim
seder_hadorot_segron:508,linked,Q6302113,רבי יהודה רוזניס,acharonim
seder_hadorot_segron:509,linked,Q5750050,רבי חזקיה די סילוה,acharonim
seder_hadorot_segron:510,linked,Q244519,רבי צבי אשכנזי,acharonim
seder_hadorot_segron:511,linked,Q5360995,רבי אליהו שפירא,acharonim
seder_hadorot_segron:512,linked,Q5687507,רבי חיים אבולעפיה,acharonim
seder_hadorot_segron:513,linked,Q1454084,רבי יחיאל הלפרין,acharonim
seder_hadorot_segron:514,linked,Q2899025,רבי גרשון מקיטוב,acharonim
seder_hadorot_segron:515,linked,Q1175973,רבי דוד אופנהיים,acharonim
seder_hadorot_segron:516,new,sh-516,רבי מאיר אייזנשטאט,acharonim
seder_hadorot_segron:517,new,sh-517,רבי ישראל מזרחי,acharonim
seder_hadorot_segron:518,new,sh-518,רבי יצחק לאמפרונטי,acharonim
seder_hadorot_segron:519,new,sh-519,רבי מאיר מפרמישלאן,acharonim
seder_hadorot_segron:520,linked,Q571580,רבי יעקב יהושע פולק,acharonim
seder_hadorot_segron:521,linked,Q6584811,רבי יוסף אירגס,acharonim
seder_hadorot_segron:522,linked,Q327956,רבי נתנאל וויל,acharonim
seder_hadorot_segron:523,new,sh-523,רבי גרשון מזיא,acharonim
seder_hadorot_segron:524,linked,Q6527895,רבי דוד אלטשולר,acharonim
seder_hadorot_segron:525,linked,Q573882,רבי יהונתן אייבשיץ,acharonim
seder_hadorot_segron:526,ambiguous,,רבי יעקב יוסף עמדין,acharonim
seder_hadorot_segron:527,linked,Q2909674,רבי אריה ליב שינצבורג,acharonim
seder_hadorot_segron:528,linked,Q982046,רבי חיים בן עטר,acharonim
seder_hadorot_segron:529,linked,Q6634076,רבי יהודה עייאש,acharonim
seder_hadorot_segron:530,linked,Q6740841,רבי מלאכי הכהן,acharonim
seder_hadorot_segron:531,new,sh-531,רבי מסעוד אלפסי,acharonim
seder_hadorot_segron:532,new,sh-532,רבי יוסף שטיינהרט,acharonim
seder_hadorot_segron:533,linked,Q1253011,רבי דב בער,acharonim
seder_hadorot_segron:534,linked,Q982845,רבי משה חיים לוצאטו,acharonim
seder_hadorot_segron:535,linked,Q319062,רבי ישראל בעל שם טוב,acharonim
seder_hadorot_segron:536,linked,Q5238372,רבי דוד פארדו,acharonim
seder_hadorot_segron:537,linked,Q28857279,רבי רפאל שלמה לניאדו,acharonim
seder_hadorot_segron:538,linked,Q7212889,רבי יונה נבון,acharonim
seder_hadorot_segron:539,linked,Q1385975,רבי יחזקאל לנדא,acharonim
seder_hadorot_segron:540,linked,Q6042243,רבי אלכסנדר זיסקינד,acharonim
seder_hadorot_segron:541,linked,Q7036231,רבי יחיא צאלח,acharonim
seder_hadorot_segron:542,linked,Q1329488,רבי אלימלך מליז'נסק,acharonim
seder_hadorot_segron:543,linked,Q279359,רבי אליהו מוילנא,acharonim
seder_hadorot_segron:544,linked,Q1977067,רבי שלום שרעבי,acharonim
seder_hadorot_segron:545,linked,Q1686098,רבי יחיאל מיכל מזלוטשוב,acharonim
seder_hadorot_segron:546,linked,Q1058991,רבי יוסף חיים דוד אזולאי,acharonim
seder_hadorot_segron:547,new,sh-547,רבי משה גאגין,acharonim
seder_hadorot_segron:548,new,sh-548,רבי שמואל שמעלקא מניקלשבורג,acharonim
seder_hadorot_segron:549,linked,Q2909229,"ר' יוסף ב""ר מאיר תאומים",acharonim
seder_hadorot_segron:550,linked,Q2066789,רבי פנחס מקוריץ,acharonim
seder_hadorot_segron:551,linked,Q1391447,רבי יעקב יוסף מפולנאה,acharonim
seder_hadorot_segron:552,ambiguous,,רבי מנחם מנדל מויטסבק,acharonim
seder_hadorot_segron:553,new,sh-553,הרב פנחס לוי איש הורוביץ,acharonim
seder_hadorot_segron:554,linked,Q2857943,רבי אהרן הגדול מקרלין,acharonim
seder_hadorot_segron:555,linked,Q568832,רבי ישראל מקוזניץ,acharonim
seder_hadorot_segron:556,new,sh-556,רבי שמואל בר נתן הלוי,acharonim
seder_hadorot_segron:557,new,sh-557,"רבי יהודה ב""ר יוסף הכהן",acharonim
seder_hadorot_segron:558,linked,sh-557,"רבי יהודה ב""ר יוסף הכהן",acharonim
seder_hadorot_segron:559,new,sh-559,רבי עזריאל הלוי מלובלין,acharonim
seder_hadorot_segron:560,linked,Q975883,רבי יעקב קרנץ מדובנא,acharonim
seder_hadorot_segron:561,linked,Q1821872,רבי לוי יצחק מברדיצ'וב,acharonim
seder_hadorot_segron:562,new,sh-562,רבי משולם הכהן,acharonim
seder_hadorot_segron:563,linked,Q6586056,רבי רפאל יוסף חזן,acharonim
seder_hadorot_segron:564,linked,Q2874500,רבי אברהם המלאך,acharonim
seder_hadorot_segron:565,linked,Q6586056,רבי רפאל יוסף חזן,acharonim
seder_hadorot_segron:566,linked,Q3128910,רבי יצחק חי טייב,acharonim
seder_hadorot_segron:567,linked,Q3866108,רבי משה לייב מסאסוב,acharonim
seder_hadorot_segron:568,linked,Q2907499,"רבי אריה לייב ב""ר יוסף הכהן",acharonim
seder_hadorot_segron:569,linked,Q547033,רבי שניאור זלמן מלאדי,acharonim
seder_hadorot_segron:570,linked,Q1391635,רבי יעקב יצחק הלוי הורוביץ,acharonim
seder_hadorot_segron:571,new,sh-571,רבי דוד מלבוב,acharonim
seder_hadorot_segron:572,linked,Q2916468,רבי מנחם מנדל מרימנוב,acharonim
seder_hadorot_segron:573,linked,Q7293942,רבי רפאל ברדוגו,acharonim
seder_hadorot_segron:574,linked,Q2909560,רבי אברהם דנציג,acharonim
seder_hadorot_segron:575,linked,Q1059243,רבי חיים מוולוז'ין,acharonim
seder_hadorot_segron:576,linked,Q67885,רבי נתן אדלר,acharonim
seder_hadorot_segron:577,linked,Q3154776,רבי יצחק טייב,acharonim
seder_hadorot_segron:578,linked,Q12404008,רבי אלעזר פלקליש,acharonim
seder_hadorot_segron:579,new,sh-579,רבי אברהם יהושע העשיל מאפטא,acharonim
seder_hadorot_segron:580,linked,Q726783,רבי משה טיטלבויים מאוהל,acharonim
seder_hadorot_segron:581,linked,Q982201,רבי נפתלי מרופשיץ,acharonim
seder_hadorot_segron:582,linked,Q175402,רבי עקיבא איגר מפוזנא,acharonim
seder_hadorot_segron:583,linked,Q4900289,רבי בצלאל רנשבורג,acharonim
seder_hadorot_segron:584,linked,Q707498,רבי משה סופר,acharonim
seder_hadorot_segron:585,linked,Q742980,רבי יעקב יצחק מפשיסחא,acharonim
seder_hadorot_segron:586,linked,Q2287038,רבי שמחה בונים מפשיסחא,acharonim
seder_hadorot_segron:587,linked,Q2904852,רבי יעקב מליסא,acharonim
seder_hadorot_segron:588,linked,Q2909971,רבי אברהם דוד מבוטשטש,acharonim
seder_hadorot_segron:589,linked,Q467182,רבי נחמן מברסלב,acharonim
seder_hadorot_segron:590,new,sh-590,רבי דובער מליובאויטש,acharonim
seder_hadorot_segron:591,new,sh-591,רבי יצחק בן-ואליד,acharonim
seder_hadorot_segron:592,linked,Q21074127,רבי יעקב צבי יאליש,acharonim
seder_hadorot_segron:593,linked,Q2903933,רבי חיים מרדכי מרגליות,acharonim
seder_hadorot_segron:594,linked,Q380430,רבי שלום רוקח מבעלז,acharonim
seder_hadorot_segron:595,linked,Q7220699,רבי צבי אלימלך,acharonim
seder_hadorot_segron:596,linked,Q2907784,רבי שלמה קלוגר,acharonim
seder_hadorot_segron:597,linked,Q5360768,רבי אליעזר פאפו,acharonim
seder_hadorot_segron:598,linked,Q7222647,רבי שלום שכנא,acharonim
seder_hadorot_segron:599,linked,Q1920228,רבי מנחם מנדל מקוצק,acharonim
seder_hadorot_segron:600,new,sh-600,רבי יהושע בסיס,acharonim
seder_hadorot_segron:601,linked,Q2903944,רבי חיים פלאג'י,acharonim
seder_hadorot_segron:602,new,sh-602,רבי יצחק אייזיק,acharonim
seder_hadorot_segron:603,new,sh-603,רבי יוסף זונדל סלאט,acharonim
seder_hadorot_segron:604,linked,Q18562233,רבי אברהם הכהן יצחקי,acharonim
seder_hadorot_segron:605,linked,Q1337389,רבי מנחם מנדל מליובאויטש,acharonim
seder_hadorot_segron:606,linked,Q2903622,רבי יוסף,acharonim
seder_hadorot_segron:607,linked,Q744298,רבי חיים הלברשטאם מצאנז,acharonim
seder_hadorot_segron:608,linked,Q527375,רבי שמואל שטראשון,acharonim
seder_hadorot_segron:609,linked,Q6598516,רבי יהודה אסאד,acharonim
seder_hadorot_segron:610,linked,Q1674604,רבי ישראל מרוז'ין,acharonim
seder_hadorot_segron:611,linked,Q7053758,רבי דוד לוריא,acharonim
seder_hadorot_segron:612,linked,Q88948,רבי יעקב יוקל עטלינגר,acharonim
seder_hadorot_segron:613,linked,Q1810688,רבי יצחק מאיר אלתר מגור,acharonim
seder_hadorot_segron:614,linked,Q905319,רבי שלמה גאנצפריד,acharonim
seder_hadorot_segron:615,linked,Q244518,רבי צבי הירש חיות,acharonim
seder_hadorot_segron:616,linked,Q2919022,רבי יעקב אבוחצירא,acharonim
seder_hadorot_segron:617,linked,Q76985,רבי שמשון רפאל הירש,acharonim
seder_hadorot_segron:618,linked,Q1674629,רבי ישראל סלנטר,acharonim
seder_hadorot_segron:619,linked,Q1099081,רבי יוסף שאול נתנזון,acharonim
seder_hadorot_segron:620,linked,Q2903944,רבי חיים פלאג'י,acharonim
seder_hadorot_segron:621,linked,Q4668912,רבי אברהם צבי הירש אייזנשטט,acharonim
seder_hadorot_segron:622,linked,Q4664672,רבי עבדאללה סומך,acharonim
seder_hadorot_segron:623,new,sh-623,רבי אברהם שמואל סופר,acharonim
seder_hadorot_segron:624,linked,Q428672,רבי שמואל סלנט,acharonei_zmanenu
seder_hadorot_segron:625,linked,Q932654,רבי יצחק אלחנן ספקטור מקובנא,acharonim
seder_hadorot_segron:626,linked,Q1861531,רבי נפתלי צבי,acharonim
seder_hadorot_segron:627,linked,Q1861531,רבי נפתחי צבי יהודה ברלין,acharonim
seder_hadorot_segron:628,new,sh-628,רבי אליהו מאני,acharonim
seder_hadorot_segron:629,linked,Q2778216,רבי משה יהודה לייב,acharonim
seder_hadorot_segron:630,new,sh-630,רבי יוסף סולוביצ'יק,acharonim
seder_hadorot_segron:631,linked,Q384859,רבי עזריאל הילדסהיימר,acharonim
seder_hadorot_segron:632,linked,Q5501221,רבי שמחה זיסל,acharonim
seder_hadorot_segron:633,linked,Q16823004,רבי דוד בן שמעון,acharonim
seder_hadorot_segron:634,linked,Q7558595,רבי שלמה אליעזר אלפנדרי,acharonei_zmanenu
seder_hadorot_segron:635,linked,sh-556,רבי שמואל קעלין הלוי,acharonim
seder_hadorot_segron:636,linked,Q1686102,רבי יחיאל מיכל אפשטיין,acharonei_zmanenu
seder_hadorot_segron:637,linked,Q1391091,"רבי מאיר לייבוש ב""ר יחיאל מיכל",acharonei_zmanenu
seder_hadorot_segron:638,new,sh-638,רבי יצחק אעבולעפיה,acharonei_zmanenu
seder_hadorot_segron:639,linked,Q2898049,רבי חיים ברלין,acharonei_zmanenu
seder_hadorot_segron:640,linked,Q2906474,רבי חיים חזקיהו מדיני,acharonei_zmanenu
seder_hadorot_segron:641,linked,Q775996,רבי יוסף חיים מבבל,acharonei_zmanenu
seder_hadorot_segron:642,linked,Q7500250,רבי שלום מרדכי שבדרון הכהן,acharonei_zmanenu
seder_hadorot_segron:643,linked,Q733140,רבי ישראל מאיר הכהן,acharonei_zmanenu
seder_hadorot_segron:644,linked,Q8053892,רבי יצחק בלזר,acharonei_zmanenu
seder_hadorot_segron:645,linked,Q6832686,רבי יחיא קורח,acharonim
seder_hadorot_segron:646,linked,Q2239932,רבי שלמה אלישוב,acharonei_zmanenu
seder_hadorot_segron:647,linked,Q2910090,רבי מאיר שמחה הכהן,acharonei_zmanenu
seder_hadorot_segron:648,linked,Q5362056,רבי אליהו דוד רבינוביץ תאומים,acharonei_zmanenu
seder_hadorot_segron:649,new,sh-649,רבי ברוך מנדל מויזניץ,acharonim
seder_hadorot_segron:650,linked,Q2910340,רבי יעקב דוד בן זאב מילובסקי,acharonei_zmanenu
seder_hadorot_segron:651,linked,Q2891454,רבי יהודה אריה ליב אלתר מגור,acharonei_zmanenu
seder_hadorot_segron:652,new,sh-652,רבי רפאל בן שמעון,acharonei_zmanenu
seder_hadorot_segron:653,new,sh-653,רבי שלמה אבן דנאן,acharonei_zmanenu
seder_hadorot_segron:654,linked,Q2091430,רבי נתן צבי פינקל,acharonei_zmanenu
seder_hadorot_segron:655,linked,Q1706746,רבי יוסף חיים זוננפלד,acharonei_zmanenu
seder_hadorot_segron:656,linked,Q2903915,רבי אליעזר גורדון,acharonei_zmanenu
seder_hadorot_segron:657,new,sh-657,רבי צבי הירש ממונקאץ,acharonei_zmanenu
seder_hadorot_segron:658,linked,Q8055909,רבי יוסף יוזל הורוביץ,acharonei_zmanenu
seder_hadorot_segron:659,linked,Q2906606,רבי ישכר דב רוקח,acharonei_zmanenu
seder_hadorot_segron:660,linked,Q2637350,רבי חיים הלוי סולוביצ'ק מבריסק,acharonei_zmanenu
seder_hadorot_segron:661,linked,Q6119001,רבי יעקב מאיר,acharonei_zmanenu
seder_hadorot_segron:662,new,sh-662,רבי חיים שאול דוויק כהן,acharonei_zmanenu
seder_hadorot_segron:663,linked,Q2910297,רבי יוסף רוז'ין,acharonei_zmanenu
seder_hadorot_segron:664,linked,Q8051284,רבי יהודה פתייה,acharonei_zmanenu
seder_hadorot_segron:665,linked,Q12408023,רבי יוסף אנג'ל,acharonei_zmanenu
seder_hadorot_segron:666,new,sh-666,"רבי יצחק זאב ב""ר חיים הלוי סלובייציק",acharonei_zmanenu
seder_hadorot_segron:667,linked,Q2778138,רבי שמעון יהודה שקופ,acharonei_zmanenu
seder_hadorot_segron:668,linked,Q4865853,רבי ברוך הלוי עפפשטיין,acharonei_zmanenu
seder_hadorot_segron:669,new,sh-669,רבי חיים עוזר גרוז'ינסקי,acharonei_zmanenu
seder_hadorot_segron:670,linked,Q330110,רבי אברהם יצחק הכהן קוק,acharonei_zmanenu
seder_hadorot_segron:671,linked,Q16129808,רבי דוד אבוחצירא,acharonei_zmanenu
seder_hadorot_segron:672,linked,Q18038627,רבי יוסף ידיד הלוי,acharonei_zmanenu
seder_hadorot_segron:673,linked,Q12407832,רבי יהודה לייב חסמן,acharonei_zmanenu
seder_hadorot_segron:674,linked,Q1679613,רבי יעקב חיים סופר,acharonei_zmanenu
seder_hadorot_segron:675,linked,Q2393836,רבי איסר זלמן מלצר,acharonei_zmanenu
seder_hadorot_segron:676,linked,Q19749318,רבי חיים סתהון,acharonei_zmanenu
seder_hadorot_segron:677,linked,Q2901086,רבי נפתלי טרופ,acharonei_zmanenu
seder_hadorot_segron:678,linked,Q2904862,רבי חיים אליעזר שפירא ממונקאטש,acharonei_zmanenu
seder_hadorot_segron:679,linked,Q5368448,רבי אליהו לופיאן,acharonei_zmanenu
seder_hadorot_segron:680,linked,Q12408087,רבי יחיאל מיכל טוקצ'ינסקי,acharonei_zmanenu
seder_hadorot_segron:681,new,sh-681,רבי סלמן אליהו,acharonei_zmanenu
seder_hadorot_segron:682,linked,Q244525,רבי צבי פסח פרנק,acharonei_zmanenu
seder_hadorot_segron:683,linked,Q385416,רבי עזרא עטייה,acharonei_zmanenu
seder_hadorot_segron:684,new,sh-684,רבי משה כלפון הכהן,acharonei_zmanenu
seder_hadorot_segron:685,new,sh-685,רבי אלחנן שמחה וסרמן,acharonei_zmanenu
seder_hadorot_segron:686,linked,Q8053923,רבי יצחק אייזיק מזידיטשוב,acharonei_zmanenu
seder_hadorot_segron:687,linked,Q543442,רבי אברהם ישעיהו קרליץ,acharonei_zmanenu
seder_hadorot_segron:688,new,sh-688,רבי בן ציון מאיר חי עוזיאל,acharonei_zmanenu
seder_hadorot_segron:689,new,sh-689,רבנית שרה שנירר,acharonei_zmanenu
seder_hadorot_segron:690,linked,Q8051042,רבי יחזקאל לוינשטיין,acharonei_zmanenu
seder_hadorot_segron:691,linked,Q1660234,רבי חיים חורי,acharonei_zmanenu
seder_hadorot_segron:692,linked,Q12408228,רבי יצחק אבוחצירא,acharonei_zmanenu
seder_hadorot_segron:693,linked,Q4802688,רבי אריה לוין,acharonei_zmanenu
seder_hadorot_segron:694,new,sh-694,רבי יוסף שלמה כהנמאן,acharonei_zmanenu
seder_hadorot_segron:695,new,sh-695,רבי יחזקאל אברהמסקי,acharonei_zmanenu
seder_hadorot_segron:696,linked,Q2915710,רבי יהודה מאיר שפירא,acharonei_zmanenu
seder_hadorot_segron:697,linked,Q661697,רבי יואל טיטלבוים,acharonei_zmanenu
seder_hadorot_segron:698,linked,Q4829394,רבי אברהם חיים נאה,acharonei_zmanenu
seder_hadorot_segron:699,linked,Q8051044,רבי יחזקאל סרנא,acharonei_zmanenu
seder_hadorot_segron:700,new,sh-700,רבי אפרים מנשה הכהן,acharonei_zmanenu
seder_hadorot_segron:701,linked,Q7047154,רבי רפאל ברוך טולידאנו,acharonei_zmanenu
seder_hadorot_segron:702,linked,Q797542,רבי ישראל אבוחצירא,acharonei_zmanenu
seder_hadorot_segron:703,new,sh-703,רבי משה עדס,acharonei_zmanenu
seder_hadorot_segron:704,linked,Q3959357,רבי עובדיה הדאיה,acharonei_zmanenu
seder_hadorot_segron:705,linked,Q2920204,רבי יעקב קמינצקי,acharonei_zmanenu
seder_hadorot_segron:706,linked,Q1331113,רבי אליהו דסלר,acharonei_zmanenu
seder_hadorot_segron:707,linked,Q2920505,רבי אהרן קוטלר,acharonei_zmanenu
seder_hadorot_segron:708,linked,Q16133458,רבי מרדכי סגרון,acharonei_zmanenu
seder_hadorot_segron:709,linked,Q2899306,רבי אהרן ראטה,acharonei_zmanenu
seder_hadorot_segron:710,linked,Q8051042,רבי מאיר הלוי חדש,acharonei_zmanenu
seder_hadorot_segron:711,linked,Q557711,רבי ישראל אלתר,acharonei_zmanenu
seder_hadorot_segron:712,linked,Q1391598,רבי משה פינשטיין,acharonei_zmanenu
seder_hadorot_segron:713,linked,Q733669,רבי יצחק כדורי,acharonei_zmanenu
seder_hadorot_segron:714,linked,Q6931235,רבי יעקב עדס,acharonei_zmanenu
seder_hadorot_segron:715,linked,Q377575,רבי יעקב ישראל קנייבסקי,acharonei_zmanenu
seder_hadorot_segron:716,linked,Q1324942,רבי אלעזר מנחם מן שך,acharonei_zmanenu
seder_hadorot_segron:717,linked,Q6918598,רבי סלמאן מוצפי,acharonei_zmanenu
seder_hadorot_segron:718,linked,Q6924012,רבי יעקב מוצפי,acharonei_zmanenu
seder_hadorot_segron:719,linked,Q6763013,רבי רחמים חי חוויתה הכהן,acharonei_zmanenu
seder_hadorot_segron:720,linked,Q2899295,רבי חיים שמואלביץ,acharonei_zmanenu
seder_hadorot_segron:721,linked,Q2910310,רבי יצחק יעקב וייס,acharonei_zmanenu
seder_hadorot_segron:722,linked,Q381397,רבי מנחם מנדל שנארסון מלובביץ,acharonei_zmanenu
seder_hadorot_segron:723,linked,Q5302573,רבי דוד פוברסקי,acharonei_zmanenu
seder_hadorot_segron:724,linked,Q6909679,רבי מרדכי שרעבי,acharonei_zmanenu
seder_hadorot_segron:725,new,sh-725,רבי שלום משאש,acharonei_zmanenu
seder_hadorot_segron:726,linked,Q8051309,רבי יהודה צדקה,acharonei_zmanenu
seder_hadorot_segron:727,linked,Q446653,רבי שלמה זלמן אוירבך,acharonei_zmanenu
seder_hadorot_segron:728,linked,Q2899394,רבי חיים פנחס שיינברג,acharonei_zmanenu
seder_hadorot_segron:729,linked,Q983259,רבי יוסף שלום אלישיב,acharonei_zmanenu
seder_hadorot_segron:730,linked,Q6777300,רבי מצליח מאזוז,acharonei_zmanenu
seder_hadorot_segron:731,linked,Q18121707,רבי מנצור בן שמעון,acharonei_zmanenu
seder_hadorot_segron:732,linked,Q2897862,רבי שמואל רוזובסקי,acharonei_zmanenu
seder_hadorot_segron:733,new,sh-733,רבי שלום מרדכי שבדרון הכהן,acharonei_zmanenu
seder_hadorot_segron:734,linked,Q4404848,רבי שלמה וולבה,acharonei_zmanenu
seder_hadorot_segron:735,linked,Q983251,רבי מיכל יהודה ליפקוביץ,acharonei_zmanenu
seder_hadorot_segron:736,linked,Q8343357,רבי מאיר אבוחצירא,acharonei_zmanenu
seder_hadorot_segron:737,linked,Q2891199,רבי אליעזר יהודב ולדברג,acharonei_zmanenu
seder_hadorot_segron:738,linked,Q113355475,רבי בוגיד חנינא סעדון,acharonei_zmanenu
seder_hadorot_segron:739,linked,Q6916166,רבי משה שמואל שפירא,acharonei_zmanenu
seder_hadorot_segron:740,linked,Q733083,רבי חיים קרייזוורט,acharonei_zmanenu
seder_hadorot_segron:741,linked,Q467172,רבי עובדיה יוסף,acharonei_zmanenu
seder_hadorot_segron:742,new,sh-742,רבי חיים פרידלננדר,acharonei_zmanenu
seder_hadorot_segron:743,linked,Q12404858,רבי גדליהו נדל,acharonei_zmanenu
seder_hadorot_segron:744,new,sh-744,רבי יוסף משה עדס,acharonei_zmanenu
seder_hadorot_segron:745,linked,Q4886759,רבי בן ציון אבא שאול,acharonei_zmanenu
seder_hadorot_segron:746,linked,Q8053875,רבי ישראל יעקב פישר,acharonei_zmanenu
seder_hadorot_segron:747,linked,Q8051260,רבי יהושע ישעיה נויבירט,acharonei_zmanenu
seder_hadorot_segron:748,linked,Q248943,רבי מרדכי אליהו,acharonei_zmanenu
seder_hadorot_segron:749,new,sh-749,רבנית בת שבע אסתר קנייבסקי,acharonei_zmanenu
seder_hadorot_segron:750,linked,Q5067815,רבי חיים קמיל,acharonei_zmanenu
seder_hadorot_segron:751,new,sh-751,רבי מאיר בראנסופער,acharonei_zmanenu
seder_hadorot_segron:752,new,sh-752,רבי דניאל פריש,acharonei_zmanenu
seder_hadorot_segron:753,linked,Q4663633,רבי אבא ברמן,acharonei_zmanenu
seder_hadorot_segron:754,linked,Q2903567,רבי נתן צבי פינקל,acharonei_zmanenu
seder_hadorot_segron:755,linked,Q7497045,רבי שמשון פינקוס,acharonei_zmanenu
seder_hadorot_segron:756,new,sh-756,רבי ניסים רביבו,acharonei_zmanenu
seder_hadorot_segron:757,linked,Q6625860,רבי נסים פרץ,acharonei_zmanenu
seder_hadorot_segron:758,linked,Q2777806,רבי יעקב יוסף,acharonei_zmanenu
seder_hadorot_segron:759,linked,Q4749200,רבי אלעזר אבוחצירא,acharonei_zmanenu
seder_hadorot_segron:760,linked,Q6897143,רבי משה לוי,acharonei_zmanenu
