key,kind,era,name,aliases,qualifier,length,title
toldot_tannaim:332921,list,,אבא,,כל החכמים ששם אביהם היה אבא,1000,תולדות תנאים ואמוראים/א/אבא (כל החכמים ששם אביהם היה אבא)
toldot_tannaim:333707,list,,אבא,,תואר,124,תולדות תנאים ואמוראים/א/אבא (תואר)
toldot_tannaim:332920,bio,tannaim,אבא,,תנא בזמן הבית,604,תולדות תנאים ואמוראים/א/אבא (תנא בזמן הבית)
toldot_tannaim:333900,bio,,אבא אבוה דר' אבא מרי,,,131,תולדות תנאים ואמוראים/א/אבא אבוה דר' אבא מרי
toldot_tannaim:333901,bio,,אבא אבוה דר' ירמיה בר אבא,,,238,תולדות תנאים ואמוראים/א/אבא אבוה דר' ירמיה בר אבא
toldot_tannaim:332938,bio,,אבא אבוה דר' שמלאי,,,430,תולדות תנאים ואמוראים/א/אבא אבוה דר' שמלאי
toldot_tannaim:333899,bio,,אבא אבי אביו דשמואל,,,30,תולדות תנאים ואמוראים/א/אבא אבי אביו דשמואל
toldot_tannaim:333031,bio,,אבא אומנא,,,1127,תולדות תנאים ואמוראים/א/אבא אומנא
toldot_tannaim:333032,xref,,אבא אוריון,,,24,תולדות תנאים ואמוראים/א/אבא אוריון
toldot_tannaim:333444,xref,,אבא אוריין איש ציידין,,,15,תולדות תנאים ואמוראים/א/אבא אוריין איש ציידין
toldot_tannaim:333453,bio,,אבא אושעיא איש טריא,אבא הושעיא איש טריא,,851,תולדות תנאים ואמוראים/א/אבא אושעיא או הושעיא איש טריא
toldot_tannaim:333656,bio,,אבא איסי בן יוחנן,,,73,תולדות תנאים ואמוראים/א/אבא איסי בן יוחנן
toldot_tannaim:333035,bio,,אבא אלעזר,,,149,תולדות תנאים ואמוראים/א/אבא אלעזר
toldot_tannaim:333718,bio,,אבא אלעזר בן גימל,,,288,תולדות תנאים ואמוראים/א/אבא אלעזר בן גימל
toldot_tannaim:333722,bio,,אבא אלעזר בן דולעאי,,,60,תולדות תנאים ואמוראים/א/אבא אלעזר בן דולעאי
toldot_tannaim:333840,bio,,אבא אנטולי,,,114,תולדות תנאים ואמוראים/א/אבא אנטולי
toldot_tannaim:333036,xref,,אבא אריכא,,,8,תולדות תנאים ואמוראים/א/אבא אריכא
toldot_tannaim:333037,bio,,אבא ביראה,,,348,תולדות תנאים ואמוראים/א/אבא ביראה
toldot_tannaim:333098,bio,tannaim,אבא בן יוסי,,תנא,53,תולדות תנאים ואמוראים/א/אבא בן יוסי (תנא)
toldot_tannaim:333138,bio,,אבא בנו של רבן שמעון בן גמליאל הנהרג,,,133,תולדות תנאים ואמוראים/א/אבא בנו של רבן שמעון בן גמליאל הנהרג
toldot_tannaim:333038,bio,,אבא בר אבא אבוה דשמואל כהן,,,7026,תולדות תנאים ואמוראים/א/אבא בר אבא אבוה דשמואל כהן
toldot_tannaim:333039,bio,,אבא בר אבא בר ממל,,,45,תולדות תנאים ואמוראים/א/אבא בר אבא בר ממל
toldot_tannaim:333040,bio,,אבא בר אבהו,,,34,תולדות תנאים ואמוראים/א/אבא בר אבהו
toldot_tannaim:333041,xref,,אבא בר אבימי,,,17,תולדות תנאים ואמוראים/א/אבא בר אבימי
toldot_tannaim:333046,bio,,אבא בר אחא בר סלא מכפרי,,,97,תולדות תנאים ואמוראים/א/אבא בר אחא בר סלא מכפרי
toldot_tannaim:333056,bio,,אבא בר בנימין,,,542,תולדות תנאים ואמוראים/א/אבא בר בנימין
toldot_tannaim:333061,bio,,אבא בר בר חנא,,,60,תולדות תנאים ואמוראים/א/אבא בר בר חנא
toldot_tannaim:333066,bio,,אבא בר הונא,אבא בר רב חונה,,136,תולדות תנאים ואמוראים/א/אבא בר הונא או ברב חונה
toldot_tannaim:333067,xref,,אבא בר הם,,,15,תולדות תנאים ואמוראים/א/אבא בר הם
toldot_tannaim:333085,xref,,אבא בר זמינא,,,17,תולדות תנאים ואמוראים/א/אבא בר זמינא
toldot_tannaim:333089,xref,,אבא בר חילפיי בר קיריי,,,20,תולדות תנאים ואמוראים/א/אבא בר חילפיי בר קיריי
toldot_tannaim:333090,xref,,אבא בר חם,,,15,תולדות תנאים ואמוראים/א/אבא בר חם
toldot_tannaim:333091,bio,,אבא בר חמא,,,369,תולדות תנאים ואמוראים/א/אבא בר חמא
toldot_tannaim:333092,xref,,אבא בר חנא,,,37,תולדות תנאים ואמוראים/א/אבא בר חנא
toldot_tannaim:333094,xref,,אבא בר חנן,,,15,תולדות תנאים ואמוראים/א/אבא בר חנן
toldot_tannaim:333093,bio,,אבא בר חננא,,,387,תולדות תנאים ואמוראים/א/אבא בר חננא
toldot_tannaim:333113,bio,,אבא בר מחסיא,,,27,תולדות תנאים ואמוראים/א/אבא בר מחסיא
toldot_tannaim:333117,xref,,אבא בר מניומי,,,16,תולדות תנאים ואמוראים/א/אבא בר מניומי
toldot_tannaim:333121,bio,,אבא בר מרתא,אבא בר מרת,,1198,תולדות תנאים ואמוראים/א/אבא בר מרתא או מרת
toldot_tannaim:333129,bio,,אבא בר קורייה,,,42,תולדות תנאים ואמוראים/א/אבא בר קורייה
toldot_tannaim:333131,bio,,אבא בר קפרא,,,66,תולדות תנאים ואמוראים/א/אבא בר קפרא
toldot_tannaim:333095,xref,,אבא בר רב חסדא,,,15,תולדות תנאים ואמוראים/א/אבא בר רב חסדא
toldot_tannaim:333139,bio,,אבא בר תחליפא,,,487,תולדות תנאים ואמוראים/א/אבא בר תחליפא
toldot_tannaim:333057,xref,,אבא בריה דרב בנימין בר חייא,,,33,תולדות תנאים ואמוראים/א/אבא בריה דרב בנימין בר חייא
toldot_tannaim:333119,bio,,אבא בריה דרב מנימין,אבא בריה דרב מניומי | בנימין בר חייא,,499,תולדות תנאים ואמוראים/א/אבא בריה דרב מנימין או מניומי או בנימין בר חייא
toldot_tannaim:333132,bio,,אבא בריה דרבה בר רב הונא,,,159,תולדות תנאים ואמוראים/א/אבא בריה דרבה בר רב הונא
toldot_tannaim:333140,xref,,אבא גוריא,אבא גוריון,,31,"תולדות תנאים ואמוראים/א/אבא גוריא, אבא גוריון"
toldot_tannaim:333251,bio,,אבא דקרנא,,,61,תולדות תנאים ואמוראים/א/אבא דקרנא
toldot_tannaim:333146,bio,,אבא הדורש,,,278,תולדות תנאים ואמוראים/א/אבא הדורש
toldot_tannaim:333148,xref,,אבא הושעיה,,,32,תולדות תנאים ואמוראים/א/אבא הושעיה
toldot_tannaim:333063,xref,,אבא הכהן בר דלייה,,,18,תולדות תנאים ואמוראים/א/אבא הכהן בר דלייה
toldot_tannaim:333153,xref,,אבא חגרא,אבא חליפא קרויא | אבא חלפא ואבא חלפתא וכן אבא חלקיה אבא חנן,,40,"תולדות תנאים ואמוראים/א/אבא חגרא, אבא חליפא קרויא, אבא חלפא ואבא חלפתא וכן אבא חלקיה אבא חנן"
toldot_tannaim:333155,xref,,אבא יודן,אבא יוסי,,10,"תולדות תנאים ואמוראים/א/אבא יודן, אבא יוסי"
toldot_tannaim:333156,bio,,אבא כהן ברדלא,,,631,תולדות תנאים ואמוראים/א/אבא כהן ברדלא
toldot_tannaim:333158,bio,,אבא מהגרוניא,,,65,תולדות תנאים ואמוראים/א/אבא מהגרוניא
toldot_tannaim:333159,bio,,אבא מר בר רב אשי,,,37,תולדות תנאים ואמוראים/א/אבא מר בר רב אשי
toldot_tannaim:333161,bio,,אבא מר בריה דרב פפא,,,1163,תולדות תנאים ואמוראים/א/אבא מר בריה דרב פפא
toldot_tannaim:333163,bio,,אבא מרי,,,123,תולדות תנאים ואמוראים/א/אבא מרי
toldot_tannaim:333166,bio,,אבא מרי ריש גלותא,,,379,תולדות תנאים ואמוראים/א/אבא מרי ריש גלותא
toldot_tannaim:333169,xref,,אבא נתיאה,,,14,תולדות תנאים ואמוראים/א/אבא נתיאה
toldot_tannaim:333170,bio,,אבא סוראה,,,74,תולדות תנאים ואמוראים/א/אבא סוראה
toldot_tannaim:333171,xref,,אבא סימי,,,18,תולדות תנאים ואמוראים/א/אבא סימי
toldot_tannaim:333174,xref,,אבא סיקרא,,,12,תולדות תנאים ואמוראים/א/אבא סיקרא
toldot_tannaim:333176,bio,,אבא צידוני,,,199,תולדות תנאים ואמוראים/א/אבא צידוני
toldot_tannaim:333178,bio,,אבא קשישא,,,58,תולדות תנאים ואמוראים/א/אבא קשישא
toldot_tannaim:333179,xref,,אבא שאול,,,10,תולדות תנאים ואמוראים/א/אבא שאול
toldot_tannaim:333330,bio,,אבא תורן,,,107,תולדות תנאים ואמוראים/א/אבא תורן
toldot_tannaim:333180,xref,,אבא תחנא חסידא,,,9,תולדות תנאים ואמוראים/א/אבא תחנא חסידא
toldot_tannaim:333182,bio,,אבא תנחומא,,,44,תולדות תנאים ואמוראים/א/אבא תנחומא
toldot_tannaim:333181,list,,אבאי,,,37,תולדות תנאים ואמוראים/א/אבאי
toldot_tannaim:333342,xref,,אבגימוס,,,16,תולדות תנאים ואמוראים/א/אבגימוס
toldot_tannaim:333185,list,,אבדימי,,,219,תולדות תנאים ואמוראים/א/אבדימי
toldot_tannaim:333190,xref,,אבדימי בר חסא,,,10,תולדות תנאים ואמוראים/א/אבדימי בר חסא
toldot_tannaim:333227,bio,,אבדן,,,1472,תולדות תנאים ואמוראים/א/אבדן
toldot_tannaim:333235,list,,אבהו,,,72,תולדות תנאים ואמוראים/א/אבהו
toldot_tannaim:333237,bio,,אבהו בר גניבא,,,43,תולדות תנאים ואמוראים/א/אבהו בר גניבא
toldot_tannaim:333240,bio,,אבהו בר חנינא,,,66,תולדות תנאים ואמוראים/א/אבהו בר חנינא
toldot_tannaim:333243,bio,,אבוברם,,,166,תולדות תנאים ואמוראים/א/אבוברם
toldot_tannaim:333244,bio,,אבוה,,,143,תולדות תנאים ואמוראים/א/אבוה
toldot_tannaim:333246,bio,,אבוה בר איהי,,,688,תולדות תנאים ואמוראים/א/אבוה בר איהי
toldot_tannaim:333245,xref,,אבוה דבר אבוברם,,,11,תולדות תנאים ואמוראים/א/אבוה דבר אבוברם
toldot_tannaim:333247,bio,,אבוה דר' אבין,,,212,תולדות תנאים ואמוראים/א/אבוה דר' אבין
toldot_tannaim:333248,xref,,אבוה דר' אפטוריקי,,,10,תולדות תנאים ואמוראים/א/אבוה דר' אפטוריקי
toldot_tannaim:333249,bio,,אבוה דר' זירא,,,1259,תולדות תנאים ואמוראים/א/אבוה דר' זירא
toldot_tannaim:333252,xref,,אבוה דשמואל,,,15,תולדות תנאים ואמוראים/א/אבוה דשמואל
toldot_tannaim:333253,bio,,אבוה דשמואל בר אבין,,,36,תולדות תנאים ואמוראים/א/אבוה דשמואל בר אבין
toldot_tannaim:333254,bio,,אבוה דשמואל בר רב יצחק,,,237,תולדות תנאים ואמוראים/א/אבוה דשמואל בר רב יצחק
toldot_tannaim:333255,xref,,אבוי,,,51,תולדות תנאים ואמוראים/א/אבוי
toldot_tannaim:333256,bio,,אבויה,,,39,תולדות תנאים ואמוראים/א/אבויה
toldot_tannaim:333258,xref,,אבונא,אבונה,,14,תולדות תנאים ואמוראים/א/אבונא או אבונה
toldot_tannaim:333264,bio,,אבטולוס בר ראובן,אבטולמוס בר ראובן,,65,תולדות תנאים ואמוראים/א/אבטולוס (או אבטולמוס) בר ראובן
toldot_tannaim:333265,bio,tannaim,אבטולמוס,,תנא דמתניתין,177,תולדות תנאים ואמוראים/א/אבטולמוס (תנא דמתניתין)
toldot_tannaim:333266,xref,,אבטליון,,,10,תולדות תנאים ואמוראים/א/אבטליון
toldot_tannaim:333257,bio,,אביבי סגוותאה,,,46,תולדות תנאים ואמוראים/א/אביבי סגוותאה
toldot_tannaim:333268,list,,אביי,,,139,תולדות תנאים ואמוראים/א/אביי
toldot_tannaim:333269,bio,amoraim,אביי,,"אמורא קדמון בא""י בדור השני",209,"תולדות תנאים ואמוראים/א/אביי (אמורא קדמון בא""י בדור השני)"
toldot_tannaim:333270,bio,,אביי,,בר כייליל הכהן,32620,תולדות תנאים ואמוראים/א/אביי (בר כייליל הכהן)
toldot_tannaim:333273,xref,,אביי בר' בנימין,,,24,תולדות תנאים ואמוראים/א/אביי בר' בנימין
toldot_tannaim:333272,bio,,אביי בר אבין,,,450,תולדות תנאים ואמוראים/א/אביי בר אבין
toldot_tannaim:333274,bio,,אביי בר הונא,,,114,תולדות תנאים ואמוראים/א/אביי בר הונא
toldot_tannaim:333275,bio,,אביי בר נאזי חמיו דרבינא,,,50,תולדות תנאים ואמוראים/א/אביי בר נאזי חמיו דרבינא
toldot_tannaim:333271,bio,,אביי בריה דר' אבהו,,,17,תולדות תנאים ואמוראים/א/אביי בריה דר' אבהו
toldot_tannaim:333276,bio,,אביי דברדלייה,,,28,תולדות תנאים ואמוראים/א/אביי דברדלייה
toldot_tannaim:333277,bio,,אביי קשישא,,,232,תולדות תנאים ואמוראים/א/אביי קשישא
toldot_tannaim:333289,list,,אביין,,,32,תולדות תנאים ואמוראים/א/אביין
toldot_tannaim:333278,list,,אבימי,,,61,תולדות תנאים ואמוראים/א/אבימי
toldot_tannaim:333279,bio,amoraim,אבימי,,מגדולי אמוראי בבל בדור השני,739,תולדות תנאים ואמוראים/א/אבימי (מגדולי אמוראי בבל בדור השני)
toldot_tannaim:333284,bio,,אבימי בן רחבה מפומבדיתא,,,392,תולדות תנאים ואמוראים/א/אבימי בן רחבה מפומבדיתא
toldot_tannaim:333281,bio,,אבימי בר טובי,,,139,תולדות תנאים ואמוראים/א/אבימי בר טובי
toldot_tannaim:333282,bio,,אבימי בר נאזי,,,380,תולדות תנאים ואמוראים/א/אבימי בר נאזי
toldot_tannaim:333283,bio,,אבימי בר פפי,,,336,תולדות תנאים ואמוראים/א/אבימי בר פפי
toldot_tannaim:333280,bio,,אבימי בריה דר' אבהו,,,1696,תולדות תנאים ואמוראים/א/אבימי בריה דר' אבהו
toldot_tannaim:333285,bio,,אבימי דמן חבריא,,,71,תולדות תנאים ואמוראים/א/אבימי דמן חבריא
toldot_tannaim:333286,xref,,אבימי מבי חוזאי,,,24,תולדות תנאים ואמוראים/א/אבימי מבי חוזאי
toldot_tannaim:333287,bio,,אבימי מהגרוניא,,,173,תולדות תנאים ואמוראים/א/אבימי מהגרוניא
toldot_tannaim:333288,bio,,אבימי נותאה,,,194,תולדות תנאים ואמוראים/א/אבימי נותאה
toldot_tannaim:333290,list,,אבין,,,452,תולדות תנאים ואמוראים/א/אבין
toldot_tannaim:333311,bio,,אבין בר חסדא,רבין בר חסדא | אבין בר רב חסדא,,459,תולדות תנאים ואמוראים/א/אבין (רבין) בר (רב) חסדא
toldot_tannaim:333305,bio,,אבין בר הונא,,,121,תולדות תנאים ואמוראים/א/אבין בר הונא
toldot_tannaim:333322,bio,,אבין דמן נשיקיא,,,182,תולדות תנאים ואמוראים/א/אבין דמן נשיקיא
toldot_tannaim:333328,bio,,אבין צפוראה,,,195,תולדות תנאים ואמוראים/א/אבין צפוראה
toldot_tannaim:333329,xref,,אבין רמאה,,,18,תולדות תנאים ואמוראים/א/אבין רמאה
toldot_tannaim:333331,list,,אבינא,,,136,תולדות תנאים ואמוראים/א/אבינא
toldot_tannaim:333338,list,,אבירם,,,66,תולדות תנאים ואמוראים/א/אבירם
toldot_tannaim:333347,list,,אבישלום,,,93,תולדות תנאים ואמוראים/א/אבישלום
toldot_tannaim:333340,bio,,אבלט,,,449,תולדות תנאים ואמוראים/א/אבלט
toldot_tannaim:333341,xref,,אבמרי אחוי דר' יוסי,,,15,תולדות תנאים ואמוראים/א/אבמרי אחוי דר' יוסי
toldot_tannaim:333344,bio,,אבסקנטה,,,131,תולדות תנאים ואמוראים/א/אבסקנטה
toldot_tannaim:333345,list,,אבקולס,,,42,תולדות תנאים ואמוראים/א/אבקולס
toldot_tannaim:333346,bio,,אברם חוזאה,,,60,תולדות תנאים ואמוראים/א/אברם חוזאה
toldot_tannaim:333349,bio,,אגובר,,,109,תולדות תנאים ואמוראים/א/אגובר
toldot_tannaim:333351,bio,,אגרא,,,161,תולדות תנאים ואמוראים/א/אגרא
toldot_tannaim:333350,list,,אגרא,,כל החכמים ששם אביהם היה אגרא,57,תולדות תנאים ואמוראים/א/אגרא (כל החכמים ששם אביהם היה אגרא)
toldot_tannaim:333352,bio,,אגריפוס המלך,,,1351,תולדות תנאים ואמוראים/א/אגריפוס המלך א)
toldot_tannaim:333355,bio,,אדא,,,219,תולדות תנאים ואמוראים/א/אדא
toldot_tannaim:333353,list,,אדא,,כל החכמים ששם אביהם היה אדא,245,תולדות תנאים ואמוראים/א/אדא (כל החכמים ששם אביהם היה אדא)
toldot_tannaim:333364,bio,,אדא בר אוכמי,,,96,תולדות תנאים ואמוראים/א/אדא בר אוכמי
toldot_tannaim:333372,bio,,אדא בר בר חנא,,,168,תולדות תנאים ואמוראים/א/אדא בר בר חנא
toldot_tannaim:333367,bio,,אדא בר גרשון,,,166,תולדות תנאים ואמוראים/א/אדא בר גרשון
toldot_tannaim:333368,bio,,אדא בר חבו,,,90,תולדות תנאים ואמוראים/א/אדא בר חבו
toldot_tannaim:333379,bio,,אדא בר עתליה,,,26,תולדות תנאים ואמוראים/א/אדא בר עתליה
toldot_tannaim:333384,bio,,אדא בר תחליפא,,,144,תולדות תנאים ואמוראים/א/אדא בר תחליפא
toldot_tannaim:333385,bio,,אדא ברבי,,,86,תולדות תנאים ואמוראים/א/אדא ברבי
toldot_tannaim:333387,bio,,אדא דיילא,,,338,תולדות תנאים ואמוראים/א/אדא דיילא
toldot_tannaim:333416,bio,,אדא הרפנאה,,,24,תולדות תנאים ואמוראים/א/אדא הרפנאה
toldot_tannaim:333423,xref,,אדא סבולאי,,,18,תולדות תנאים ואמוראים/א/אדא סבולאי
toldot_tannaim:333424,bio,,אדא ציידא,,,31,תולדות תנאים ואמוראים/א/אדא ציידא
toldot_tannaim:333426,bio,,אדא שמשא,,,260,תולדות תנאים ואמוראים/א/אדא שמשא
toldot_tannaim:333427,bio,,אדמון בן גדאי,,,227,תולדות תנאים ואמוראים/א/אדמון בן גדאי
toldot_tannaim:333428,list,,אהבה,,,77,תולדות תנאים ואמוראים/א/אהבה
toldot_tannaim:333430,bio,,אהבה בריה דר' זירא,,,965,תולדות תנאים ואמוראים/א/אהבה בריה דר' זירא
toldot_tannaim:333429,bio,,אהבה בריה דרב בנימין בר חייא,,,81,תולדות תנאים ואמוראים/א/אהבה בריה דרב בנימין בר חייא
toldot_tannaim:333433,list,,אהינא,,,43,תולדות תנאים ואמוראים/א/אהינא
toldot_tannaim:333437,list,,אוכמי,,,22,תולדות תנאים ואמוראים/א/אוכמי
toldot_tannaim:333438,bio,,אולפנא,,,213,תולדות תנאים ואמוראים/א/אולפנא
toldot_tannaim:333439,bio,,און בר אמי,,,227,תולדות תנאים ואמוראים/א/און בר אמי
toldot_tannaim:333441,bio,,אונקלוס הגר,,,4206,תולדות תנאים ואמוראים/א/אונקלוס הגר
toldot_tannaim:333442,bio,,אוסטייא,,,27,תולדות תנאים ואמוראים/א/אוסטייא
toldot_tannaim:333448,bio,,אושעיא,,,160,תולדות תנאים ואמוראים/א/אושעיא
toldot_tannaim:333463,bio,,אושעיא זעירא דמן חבריא,,,729,תולדות תנאים ואמוראים/א/אושעיא זעירא דמן חבריא
toldot_tannaim:333465,bio,,אזגור מלכא,איזגדר מלכא,,385,תולדות תנאים ואמוראים/א/אזגור או איזגדר מלכא
toldot_tannaim:333466,list,,אחא,,,241,תולדות תנאים ואמוראים/א/אחא
toldot_tannaim:333469,bio,,אחא אחיו דאבא אבוה דר' ירמיה,,,150,תולדות תנאים ואמוראים/א/אחא אחיו דאבא אבוה דר' ירמיה
toldot_tannaim:333495,bio,,אחא בר חדייא דמתקרי אייא מרי,,,127,תולדות תנאים ואמוראים/א/אחא בר חדייא דמתקרי אייא מרי
toldot_tannaim:333518,bio,,אחא בר סלא מכפרי,אחא בר כרסלא מכפרי,,859,תולדות תנאים ואמוראים/א/אחא בר סלא (או כרסלא) מכפרי
toldot_tannaim:333529,bio,,אחא בר שילא,,,42,תולדות תנאים ואמוראים/א/אחא בר שילא
toldot_tannaim:333551,bio,,אחי,,,104,תולדות תנאים ואמוראים/א/אחי
toldot_tannaim:333554,bio,,אחי שקיא,,,76,תולדות תנאים ואמוראים/א/אחי שקיא
toldot_tannaim:333560,bio,,אחיה,,,325,תולדות תנאים ואמוראים/א/אחיה
toldot_tannaim:333559,bio,,אחיה,,ממונה במקדש,53,תולדות תנאים ואמוראים/א/אחיה (ממונה במקדש)
toldot_tannaim:333562,xref,,"אחיה בריה דר""ז",,,19,"תולדות תנאים ואמוראים/א/אחיה בריה דר""ז"
toldot_tannaim:333561,bio,,אחיה ושמעיה אחיו,,,123,תולדות תנאים ואמוראים/א/אחיה ושמעיה אחיו
toldot_tannaim:333570,bio,,אחיתאי,,,47,תולדות תנאים ואמוראים/א/אחיתאי
toldot_tannaim:333573,bio,,אחרים,,,477,תולדות תנאים ואמוראים/א/אחרים
toldot_tannaim:333574,bio,,אטיטס,,,114,תולדות תנאים ואמוראים/א/אטיטס
toldot_tannaim:333575,list,,איבו,,,138,תולדות תנאים ואמוראים/א/איבו
toldot_tannaim:333580,bio,,איבו,,"בבלי בזמן ר""נ",208,"תולדות תנאים ואמוראים/א/איבו (בבלי בזמן ר""נ)"
toldot_tannaim:333576,bio,,איבו אביו של רב,,,339,תולדות תנאים ואמוראים/א/איבו אביו של רב
toldot_tannaim:333577,bio,,איבו בנו של רב,,,94,תולדות תנאים ואמוראים/א/איבו בנו של רב
toldot_tannaim:333578,bio,,איבו נכד רב,,,118,תולדות תנאים ואמוראים/א/איבו נכד רב
toldot_tannaim:333584,xref,,איבות בר איהי,,,17,תולדות תנאים ואמוראים/א/איבות בר איהי
toldot_tannaim:333587,list,,אידי,רב אידי,,528,תולדות תנאים ואמוראים/א/אידי או רב אידי
toldot_tannaim:333610,bio,,אידי בר יעקב,,,16,תולדות תנאים ואמוראים/א/אידי בר יעקב
toldot_tannaim:333618,xref,,איה מרי,,,48,תולדות תנאים ואמוראים/א/איה מרי
toldot_tannaim:333617,bio,,איהי,,,131,תולדות תנאים ואמוראים/א/איהי
toldot_tannaim:333619,bio,,איו,,,60,תולדות תנאים ואמוראים/א/איו
toldot_tannaim:333620,bio,,איכו,,שם אשה,137,תולדות תנאים ואמוראים/א/איכו (שם אשה)
toldot_tannaim:333621,bio,,אילא,,,154,תולדות תנאים ואמוראים/א/אילא
toldot_tannaim:333625,bio,,אילעאי,,,62,תולדות תנאים ואמוראים/א/אילעאי
toldot_tannaim:333637,bio,,אילפא ובירושלמי חילפיי,,,1759,תולדות תנאים ואמוראים/א/אילפא ובירושלמי חילפיי
toldot_tannaim:333645,bio,,אימא שלום,,,522,תולדות תנאים ואמוראים/א/אימא שלום
toldot_tannaim:333640,list,,אימי,,,87,תולדות תנאים ואמוראים/א/אימי
toldot_tannaim:333644,list,,אימי מרים,,,71,תולדות תנאים ואמוראים/א/אימי מרים
toldot_tannaim:333646,bio,,איניונא,,,26,תולדות תנאים ואמוראים/א/איניונא
toldot_tannaim:333668,bio,,איסור,,,129,תולדות תנאים ואמוראים/א/איסור
toldot_tannaim:333669,bio,,איסור גיורא,,,1014,תולדות תנאים ואמוראים/א/איסור גיורא
toldot_tannaim:333650,bio,,איסי,,,77,תולדות תנאים ואמוראים/א/איסי
toldot_tannaim:333651,list,,איסי,,חכמים ששם אביהם היה איסי,53,תולדות תנאים ואמוראים/א/איסי (חכמים ששם אביהם היה איסי)
toldot_tannaim:333652,bio,,איסי אבוה דר' זירא,איסי אחוה דר' זירא,,80,תולדות תנאים ואמוראים/א/איסי אבוה או אחוה דר' זירא
toldot_tannaim:333654,xref,,איסי בן גמליאל,,,18,תולדות תנאים ואמוראים/א/איסי בן גמליאל
toldot_tannaim:333655,bio,,איסי בן יהודה,,,4189,תולדות תנאים ואמוראים/א/איסי בן יהודה
toldot_tannaim:333657,xref,,איסי בן יעקב,,,143,תולדות תנאים ואמוראים/א/איסי בן יעקב
toldot_tannaim:333659,xref,,איסי בן מהללאל,,,18,תולדות תנאים ואמוראים/א/איסי בן מהללאל
toldot_tannaim:333660,bio,,איסי בן מנחם,,,70,תולדות תנאים ואמוראים/א/איסי בן מנחם
toldot_tannaim:333662,bio,,איסי בן עזאי,,,76,תולדות תנאים ואמוראים/א/איסי בן עזאי
toldot_tannaim:333664,xref,,איסי בן עקביה,,,18,תולדות תנאים ואמוראים/א/איסי בן עקביה
toldot_tannaim:333663,xref,,איסי בן עקיבא,,,18,תולדות תנאים ואמוראים/א/איסי בן עקיבא
toldot_tannaim:333666,bio,,איסי בן שמאי,,,92,תולדות תנאים ואמוראים/א/איסי בן שמאי
toldot_tannaim:333653,bio,,איסי בר אחא,,,44,תולדות תנאים ואמוראים/א/איסי בר אחא
toldot_tannaim:333661,xref,,איסי בר נתן,,,15,תולדות תנאים ואמוראים/א/איסי בר נתן
toldot_tannaim:333665,bio,,איסי בר שבתי,,,48,תולדות תנאים ואמוראים/א/איסי בר שבתי
toldot_tannaim:333658,bio,,איסי בריה דרב יצחק בריה דרב יהודה בר יחזקאל,,,621,תולדות תנאים ואמוראים/א/איסי בריה דרב יצחק בריה דרב יהודה בר יחזקאל
toldot_tannaim:333670,list,,איסק,,,43,תולדות תנאים ואמוראים/א/איסק
toldot_tannaim:333671,xref,,איפא,,,9,תולדות תנאים ואמוראים/א/איפא
toldot_tannaim:333678,bio,,אישתתא,,,31,תולדות תנאים ואמוראים/א/אישתתא
toldot_tannaim:333679,list,,איתי,,,20,תולדות תנאים ואמוראים/א/איתי
toldot_tannaim:333632,bio,,אליהו,,,7557,תולדות תנאים ואמוראים/א/אליהו
toldot_tannaim:333634,bio,,אליהועיני,,,53,תולדות תנאים ואמוראים/א/אליהועיני
toldot_tannaim:333635,bio,,אליהועיני בן הקוף,,,77,תולדות תנאים ואמוראים/א/אליהועיני בן הקוף
toldot_tannaim:333682,list,,אלינתן,,,49,תולדות תנאים ואמוראים/א/אלינתן
toldot_tannaim:333709,bio,,אליעזר איש ביריא,,,44,תולדות תנאים ואמוראים/א/אליעזר איש ביריא
toldot_tannaim:333683,bio,,אליפוסה,,,107,תולדות תנאים ואמוראים/א/אליפוסה
toldot_tannaim:333684,list,,אליקים,,,100,תולדות תנאים ואמוראים/א/אליקים
toldot_tannaim:333687,list,,אלישע,,,88,תולדות תנאים ואמוראים/א/אלישע
toldot_tannaim:333688,bio,,אלישע בן אבויה,,אחר,5119,תולדות תנאים ואמוראים/א/אלישע בן אבויה (אחר)
toldot_tannaim:333689,bio,,אלישע בעל כנפים,,,214,תולדות תנאים ואמוראים/א/אלישע בעל כנפים
toldot_tannaim:333690,bio,,אלכסא,,,807,תולדות תנאים ואמוראים/א/אלכסא
toldot_tannaim:333693,bio,,אלכסא,ליכסא,,141,תולדות תנאים ואמוראים/א/אלכסא או ליכסא
toldot_tannaim:333697,bio,,אלכסנדר,,,58,תולדות תנאים ואמוראים/א/אלכסנדר
toldot_tannaim:333698,xref,,אלכסנדר,ינאי המלך,,9,תולדות תנאים ואמוראים/א/אלכסנדר - ינאי המלך
toldot_tannaim:333703,bio,,אלם,,,102,תולדות תנאים ואמוראים/א/אלם
toldot_tannaim:333704,xref,,אלנתן,,,48,תולדות תנאים ואמוראים/א/אלנתן
toldot_tannaim:333706,bio,,אלעזר,,,51,תולדות תנאים ואמוראים/א/אלעזר
toldot_tannaim:333705,list,,אלעזר,,כל החכמים ששם אביהם היה אלעזר,217,תולדות תנאים ואמוראים/א/אלעזר (כל החכמים ששם אביהם היה אלעזר)
toldot_tannaim:333713,bio,,אלעזר בן אחוי,,,16,תולדות תנאים ואמוראים/א/אלעזר בן אחוי
toldot_tannaim:333723,bio,,אלעזר בן דורדיא,,,444,תולדות תנאים ואמוראים/א/אלעזר בן דורדיא
toldot_tannaim:333724,bio,,אלעזר בן דינאי,,,232,תולדות תנאים ואמוראים/א/אלעזר בן דינאי
toldot_tannaim:333730,bio,,אלעזר בן חנוך,,,123,תולדות תנאים ואמוראים/א/אלעזר בן חנוך
toldot_tannaim:333732,bio,,אלעזר בן חנניה בן חזקיה בן גרון,,בן חנניה,2067,תולדות תנאים ואמוראים/א/אלעזר בן חנניה בן חזקיה (בן חנניה) בן גרון
toldot_tannaim:333733,bio,,"אלעזר בן חרסום כה""ג",,,732,"תולדות תנאים ואמוראים/א/אלעזר בן חרסום כה""ג"
toldot_tannaim:333735,bio,,אלעזר בן יהודה איש אבלים,,,141,תולדות תנאים ואמוראים/א/אלעזר בן יהודה איש אבלים
toldot_tannaim:333762,bio,,אלעזר בן פועירה,,,2714,תולדות תנאים ואמוראים/א/אלעזר בן פועירה
toldot_tannaim:333764,bio,,אלעזר בן פנחס,,,195,תולדות תנאים ואמוראים/א/אלעזר בן פנחס
toldot_tannaim:333766,xref,,אלעזר בן פתורה,,,20,תולדות תנאים ואמוראים/א/אלעזר בן פתורה
toldot_tannaim:333799,bio,,אלעזר זעירא,,,552,תולדות תנאים ואמוראים/א/אלעזר זעירא
toldot_tannaim:333804,bio,,אלעזר ספרא,,,68,תולדות תנאים ואמוראים/א/אלעזר ספרא
toldot_tannaim:333806,bio,,אמוראי דנהרדעא,,,101,תולדות תנאים ואמוראים/א/אמוראי דנהרדעא
toldot_tannaim:333807,bio,,אמוראי דפומבדיתא,,,36,תולדות תנאים ואמוראים/א/אמוראי דפומבדיתא
toldot_tannaim:333811,bio,,אמי אבוה דשמואל בר אמי,,,150,תולדות תנאים ואמוראים/א/אמי אבוה דשמואל בר אמי
toldot_tannaim:333808,list,,אמי,רב אמי,,613,תולדות תנאים ואמוראים/א/אמי או רב אמי
toldot_tannaim:333814,bio,,אמי בר אבין,,,116,תולדות תנאים ואמוראים/א/אמי בר אבין
toldot_tannaim:333824,xref,,אמי בר נתן,,,25,תולדות תנאים ואמוראים/א/אמי בר נתן
toldot_tannaim:333829,bio,,אמי וורדנאה,,,368,תולדות תנאים ואמוראים/א/אמי וורדנאה
toldot_tannaim:333831,bio,,אמי שפיר נאה,,,61,תולדות תנאים ואמוראים/א/אמי שפיר נאה
toldot_tannaim:333832,bio,,אמי תנוראה,,,129,תולדות תנאים ואמוראים/א/אמי תנוראה
toldot_tannaim:333833,bio,,אמימר,,,4658,תולדות תנאים ואמוראים/א/אמימר
toldot_tannaim:333835,bio,,אמימר בר מר ינוקא,,,1302,תולדות תנאים ואמוראים/א/אמימר בר מר ינוקא
toldot_tannaim:333836,bio,,אמרי בי רב,,,759,תולדות תנאים ואמוראים/א/אמרי בי רב
toldot_tannaim:333837,bio,,אמרי במערבא,,,948,תולדות תנאים ואמוראים/א/אמרי במערבא
toldot_tannaim:333838,bio,,אנדרולינאי,,,47,תולדות תנאים ואמוראים/א/אנדרולינאי
toldot_tannaim:333839,list,,אנדריי,,,33,תולדות תנאים ואמוראים/א/אנדריי
toldot_tannaim:333844,bio,,אנטונינוס,,,989,תולדות תנאים ואמוראים/א/אנטונינוס
toldot_tannaim:333841,list,,אנטיגנוס,,,58,תולדות תנאים ואמוראים/א/אנטיגנוס
toldot_tannaim:333843,bio,,אנטיגנוס איש סוכו,,,566,תולדות תנאים ואמוראים/א/אנטיגנוס איש סוכו
toldot_tannaim:333845,list,,אנטיפרוס,,,32,תולדות תנאים ואמוראים/א/אנטיפרוס
toldot_tannaim:333847,list,,אנשי ירושלים,,,37,תולדות תנאים ואמוראים/א/אנשי ירושלים
toldot_tannaim:333848,list,,אסטיון,,,25,תולדות תנאים ואמוראים/א/אסטיון
toldot_tannaim:333850,list,,אסי,,,103,תולדות תנאים ואמוראים/א/אסי
toldot_tannaim:333855,bio,,אסי בר היני,איסי בר היני,,1040,תולדות תנאים ואמוראים/א/אסי או איסי בר היני
toldot_tannaim:333863,xref,,אסי בר שמאי,,,13,תולדות תנאים ואמוראים/א/אסי בר שמאי
toldot_tannaim:333867,bio,,אסיא,,,32,תולדות תנאים ואמוראים/א/אסיא
toldot_tannaim:333868,list,,אסיין,,,29,תולדות תנאים ואמוראים/א/אסיין
toldot_tannaim:333872,bio,,אפיקולוס,,,475,תולדות תנאים ואמוראים/א/אפיקולוס
toldot_tannaim:333873,list,,אפקשיון,,,33,תולדות תנאים ואמוראים/א/אפקשיון
toldot_tannaim:333874,bio,,אפרא הורמיז אימיה דשבור מלכא,מלך פרס,,1069,"תולדות תנאים ואמוראים/א/אפרא הורמיז אימיה דשבור מלכא, מלך פרס"
toldot_tannaim:333875,bio,,אפרים מקשאה,,,168,תולדות תנאים ואמוראים/א/אפרים מקשאה
toldot_tannaim:333876,bio,,אפרים ספרא,,,71,תולדות תנאים ואמוראים/א/אפרים ספרא
toldot_tannaim:333877,list,,ארזא,,,25,תולדות תנאים ואמוראים/א/ארזא
toldot_tannaim:333878,bio,,ארטבון,,,633,תולדות תנאים ואמוראים/א/ארטבון
toldot_tannaim:333879,xref,,אריוך,,,29,תולדות תנאים ואמוראים/א/אריוך
toldot_tannaim:333880,bio,,אריוס,,,130,תולדות תנאים ואמוראים/א/אריוס
toldot_tannaim:333882,bio,,אריסטון,,,239,תולדות תנאים ואמוראים/א/אריסטון
toldot_tannaim:333884,bio,,אשי,,,404,תולדות תנאים ואמוראים/א/אשי
toldot_tannaim:333890,bio,,אשיאן,,,41,תולדות תנאים ואמוראים/א/אשיאן
toldot_tannaim:333892,bio,,אשייאן נגרא,,,31,תולדות תנאים ואמוראים/א/אשייאן נגרא
toldot_tannaim:333893,list,,אשיין,,,55,תולדות תנאים ואמוראים/א/אשיין
toldot_tannaim:333894,bio,,אשיין בר נדבך,אשיין בר נידבה,,191,תולדות תנאים ואמוראים/א/אשיין בר נדבך (נידבה)
toldot_tannaim:333456,bio,,הושעיא בר זבדא,,,58,תולדות תנאים ואמוראים/א/הושעיא בר זבדא
toldot_tannaim:399554,redirect,,הלל הבבלי,,,0,תולדות תנאים ואמוראים/א/הלל הבבלי
toldot_tannaim:333128,bio,,ר' אבא בריה דר' פפי,ר' בא בריה דר' פפי,,1183,תולדות תנאים ואמוראים/א/ר' אבא (או בא) בריה דר' פפי
toldot_tannaim:1717682,redirect,,ר' אבא בר זבדא,ר' אבא בר זבדי | ר' בא בר זבדא,,0,תולדות תנאים ואמוראים/א/ר' אבא (בא) בר זבדא או זבדי
toldot_tannaim:333127,bio,,ר' אבא בר פפא,,הכהן,307,תולדות תנאים ואמוראים/א/ר' אבא (הכהן) בר פפא
toldot_tannaim:332922,bio,,ר' אבא,,סתם,3458,תולדות תנאים ואמוראים/א/ר' אבא (סתם)
toldot_tannaim:332930,bio,,ר' אבא א,,,14459,תולדות תנאים ואמוראים/א/ר' אבא א
toldot_tannaim:332932,redirect,,ר' אבא,,,0,תולדות תנאים ואמוראים/א/ר' אבא א)
toldot_tannaim:333034,bio,,ר' אבא אחוה דר' יהודה בר זבדי,,,305,תולדות תנאים ואמוראים/א/ר' אבא אחוה דר' יהודה בר זבדי
toldot_tannaim:333033,bio,,ר' אבא אחוה דרב בריה דרב משרשיה,,,60,תולדות תנאים ואמוראים/א/ר' אבא אחוה דרב בריה דרב משרשיה
toldot_tannaim:332933,bio,,ר' אבא ב,,,1747,תולדות תנאים ואמוראים/א/ר' אבא ב
toldot_tannaim:333073,xref,,ר' אבא בן דוסאי,,,23,תולדות תנאים ואמוראים/א/ר' אבא בן דוסאי
toldot_tannaim:333042,bio,,ר' אבא בר אבין,,,168,תולדות תנאים ואמוראים/א/ר' אבא בר אבין
toldot_tannaim:333043,bio,,ר' אבא בר אבינא,,,1023,תולדות תנאים ואמוראים/א/ר' אבא בר אבינא
toldot_tannaim:333044,bio,,ר' אבא בר אדא,,,313,תולדות תנאים ואמוראים/א/ר' אבא בר אדא
toldot_tannaim:333045,bio,,ר' אבא בר אחא,,,942,תולדות תנאים ואמוראים/א/ר' אבא בר אחא
toldot_tannaim:333047,bio,,ר' אבא בר אחוה דר' יוסי,,,86,תולדות תנאים ואמוראים/א/ר' אבא בר אחוה דר' יוסי
toldot_tannaim:333049,bio,,ר' אבא בר איבו,,,265,תולדות תנאים ואמוראים/א/ר' אבא בר איבו
toldot_tannaim:333048,bio,,ר' אבא בר איבו,,רב,66323,תולדות תנאים ואמוראים/א/ר' אבא בר איבו (רב)
toldot_tannaim:333050,xref,,ר' אבא בר אלישיב,,,20,תולדות תנאים ואמוראים/א/ר' אבא בר אלישיב
toldot_tannaim:333051,bio,,ר' אבא בר אלישע,,,262,תולדות תנאים ואמוראים/א/ר' אבא בר אלישע
toldot_tannaim:333052,bio,,ר' אבא בר אמי,,,29,תולדות תנאים ואמוראים/א/ר' אבא בר אמי
toldot_tannaim:333053,bio,,ר' אבא בר ביבי,,,92,תולדות תנאים ואמוראים/א/ר' אבא בר ביבי
toldot_tannaim:333054,bio,,ר' אבא בר ביזנא,,,112,תולדות תנאים ואמוראים/א/ר' אבא בר ביזנא
toldot_tannaim:333055,xref,,ר' אבא בר בינה,,,20,תולדות תנאים ואמוראים/א/ר' אבא בר בינה
toldot_tannaim:1709435,redirect,,ר' אבא בר בנימין,,,0,תולדות תנאים ואמוראים/א/ר' אבא בר בנימין
toldot_tannaim:333068,bio,,ר' אבא בר המנונא,,,166,תולדות תנאים ואמוראים/א/ר' אבא בר המנונא
toldot_tannaim:333069,bio,,ר' אבא בר זבדא,,,4222,תולדות תנאים ואמוראים/א/ר' אבא בר זבדא
toldot_tannaim:333070,bio,,ר' אבא בר זבינא,,,1631,תולדות תנאים ואמוראים/א/ר' אבא בר זבינא
toldot_tannaim:1717707,redirect,,ר' אבא בר זבינא,ר' אבא בר זמינא | ר' אבא בר זמינה | ר' אבא בר זימונא,,0,תולדות תנאים ואמוראים/א/ר' אבא בר זבינא או זמינא או זמינה או זימונא
toldot_tannaim:333084,bio,,ר' אבא בר זוטרא,רבא בר זוטרא,,862,תולדות תנאים ואמוראים/א/ר' אבא בר זוטרא או רבא בר זוטרא
toldot_tannaim:333086,bio,,ר' אבא בר זעירא,,,176,תולדות תנאים ואמוראים/א/ר' אבא בר זעירא
toldot_tannaim:333087,bio,,ר' אבא בר חייא בר אבא,,הכהן,2043,תולדות תנאים ואמוראים/א/ר' אבא בר חייא בר אבא (הכהן)
toldot_tannaim:333088,xref,,ר' אבא בר חייא בר אשי,,,95,תולדות תנאים ואמוראים/א/ר' אבא בר חייא בר אשי
toldot_tannaim:333096,bio,,ר' אבא בר טבליי,,,42,תולדות תנאים ואמוראים/א/ר' אבא בר טבליי
toldot_tannaim:333097,bio,,ר' אבא בר יהודה,,,555,תולדות תנאים ואמוראים/א/ר' אבא בר יהודה
toldot_tannaim:333099,bio,,ר' אבא בר יוסף,,,465,תולדות תנאים ואמוראים/א/ר' אבא בר יוסף
toldot_tannaim:333101,xref,,ר' אבא בר ימינא,,,20,תולדות תנאים ואמוראים/א/ר' אבא בר ימינא
toldot_tannaim:333102,bio,,ר' אבא בר יסא,,,85,תולדות תנאים ואמוראים/א/ר' אבא בר יסא
toldot_tannaim:333103,bio,,ר' אבא בר יעקב,,,530,תולדות תנאים ואמוראים/א/ר' אבא בר יעקב
toldot_tannaim:333104,bio,,ר' אבא בר יעקב בר אידי,,,135,תולדות תנאים ואמוראים/א/ר' אבא בר יעקב בר אידי
toldot_tannaim:333106,xref,,ר' אבא בר ירמיה,,,17,תולדות תנאים ואמוראים/א/ר' אבא בר ירמיה
toldot_tannaim:333107,bio,,ר' אבא בר כהן,,,1004,תולדות תנאים ואמוראים/א/ר' אבא בר כהן
toldot_tannaim:333108,bio,,ר' אבא בר כהנא,,,4262,תולדות תנאים ואמוראים/א/ר' אבא בר כהנא
toldot_tannaim:333109,bio,,ר' אבא בר כהנא בר יודן,,,113,תולדות תנאים ואמוראים/א/ר' אבא בר כהנא בר יודן
toldot_tannaim:333110,bio,,ר' אבא בר לוי,,,32,תולדות תנאים ואמוראים/א/ר' אבא בר לוי
toldot_tannaim:333111,xref,,ר' אבא בר לימא,,,16,תולדות תנאים ואמוראים/א/ר' אבא בר לימא
toldot_tannaim:333112,xref,,ר' אבא בר מידא,,,19,תולדות תנאים ואמוראים/א/ר' אבא בר מידא
toldot_tannaim:333114,bio,,ר' אבא בר מימי,,,198,תולדות תנאים ואמוראים/א/ר' אבא בר מימי
toldot_tannaim:333116,xref,,ר' אבא בר מינא,,,20,תולדות תנאים ואמוראים/א/ר' אבא בר מינא
toldot_tannaim:333115,bio,,ר' אבא בר ממל,,,5789,תולדות תנאים ואמוראים/א/ר' אבא בר ממל
toldot_tannaim:333120,bio,,ר' אבא בר מריא,,,207,תולדות תנאים ואמוראים/א/ר' אבא בר מריא
toldot_tannaim:333123,xref,,ר' אבא בר נתן,,,15,תולדות תנאים ואמוראים/א/ר' אבא בר נתן
toldot_tannaim:333124,bio,,ר' אבא בר סיסי,,,24,תולדות תנאים ואמוראים/א/ר' אבא בר סיסי
toldot_tannaim:333125,bio,,ר' אבא בר עילאי,,,455,תולדות תנאים ואמוראים/א/ר' אבא בר עילאי
toldot_tannaim:333126,bio,,ר' אבא בר פפא,,,706,תולדות תנאים ואמוראים/א/ר' אבא בר פפא
toldot_tannaim:333105,bio,,ר' אבא בר רב יצחק,,,167,תולדות תנאים ואמוראים/א/ר' אבא בר רב יצחק
toldot_tannaim:333122,xref,,ר' אבא בר רב נחמן,,,19,תולדות תנאים ואמוראים/א/ר' אבא בר רב נחמן
toldot_tannaim:333137,bio,,ר' אבא בר שומני,,,340,תולדות תנאים ואמוראים/א/ר' אבא בר שומני
toldot_tannaim:333135,xref,,ר' אבא בר שילא,,,16,תולדות תנאים ואמוראים/א/ר' אבא בר שילא
toldot_tannaim:333136,xref,,ר' אבא בר שמואל,,,102,תולדות תנאים ואמוראים/א/ר' אבא בר שמואל
toldot_tannaim:333100,bio,,ר' אבא ברב יוסף בר רבא,,,102,תולדות תנאים ואמוראים/א/ר' אבא ברב יוסף בר רבא
toldot_tannaim:332936,bio,,ר' אבא ג,,,2341,תולדות תנאים ואמוראים/א/ר' אבא ג
toldot_tannaim:333141,bio,,ר' אבא דמן חיפה,,,46,תולדות תנאים ואמוראים/א/ר' אבא דמן חיפה
toldot_tannaim:333142,xref,,ר' אבא דמן יפו,,,19,תולדות תנאים ואמוראים/א/ר' אבא דמן יפו
toldot_tannaim:333143,bio,,ר' אבא דמן עכו,,,1272,תולדות תנאים ואמוראים/א/ר' אבא דמן עכו
toldot_tannaim:333144,bio,,ר' אבא דמן קיסרי,,,189,תולדות תנאים ואמוראים/א/ר' אבא דמן קיסרי
toldot_tannaim:333145,xref,,ר' אבא האדמוני,,,17,תולדות תנאים ואמוראים/א/ר' אבא האדמוני
toldot_tannaim:333147,xref,,ר' אבא הונא הכהן בר אבין,,,25,תולדות תנאים ואמוראים/א/ר' אבא הונא הכהן בר אבין
toldot_tannaim:333149,bio,,ר' אבא החדייזה,,,78,תולדות תנאים ואמוראים/א/ר' אבא החדייזה
toldot_tannaim:333150,bio,,ר' אבא הכהן,,,272,תולדות תנאים ואמוראים/א/ר' אבא הכהן
toldot_tannaim:333151,bio,,ר' אבא הכהן בר' אליעזר,,,93,תולדות תנאים ואמוראים/א/ר' אבא הכהן בר' אליעזר
toldot_tannaim:333152,xref,,ר' אבא זוטי,,,13,תולדות תנאים ואמוראים/א/ר' אבא זוטי
toldot_tannaim:333154,bio,,ר' אבא חסידא,,,95,תולדות תנאים ואמוראים/א/ר' אבא חסידא
toldot_tannaim:333157,bio,,ר' אבא כיפ',,,112,תולדות תנאים ואמוראים/א/ר' אבא כיפ'
toldot_tannaim:333160,xref,,ר' אבא מרומניא,,,19,תולדות תנאים ואמוראים/א/ר' אבא מרומניא
toldot_tannaim:375310,redirect,,ר' אבא מרי,,,0,תולדות תנאים ואמוראים/א/ר' אבא מרי
toldot_tannaim:333162,bio,,ר' אבא מרי,ר' אבא אבמרי,,1981,תולדות תנאים ואמוראים/א/ר' אבא מרי או אבמרי
toldot_tannaim:333164,bio,,ר' אבא מרי אחוה דר' יוסי,,חבירו דר' יונה,221,תולדות תנאים ואמוראים/א/ר' אבא מרי אחוה דר' יוסי (חבירו דר' יונה)
toldot_tannaim:333165,bio,,ר' אבא מרי בצלאה,,,89,תולדות תנאים ואמוראים/א/ר' אבא מרי בצלאה
toldot_tannaim:333172,bio,,ר' אבא סומקה,,,224,תולדות תנאים ואמוראים/א/ר' אבא סומקה
toldot_tannaim:333173,bio,,ר' אבא סלא רבא,,,81,תולדות תנאים ואמוראים/א/ר' אבא סלא רבא
toldot_tannaim:333175,bio,,ר' אבא סרונגיא,,,354,תולדות תנאים ואמוראים/א/ר' אבא סרונגיא
toldot_tannaim:333177,bio,,ר' אבא קרטינאה,ר' אבא קרתיגנייא,,248,תולדות תנאים ואמוראים/א/ר' אבא קרטינאה או קרתיגנייא
toldot_tannaim:333220,bio,,ר' אבדומי דציפורין,,,220,תולדות תנאים ואמוראים/א/ר' אבדומי דציפורין
toldot_tannaim:333221,bio,,ר' אבדומי מלחא,,,162,תולדות תנאים ואמוראים/א/ר' אבדומי מלחא
toldot_tannaim:333183,xref,,ר' אבדומי נחותא,,,12,תולדות תנאים ואמוראים/א/ר' אבדומי נחותא
toldot_tannaim:333222,bio,,ר' אבדימום,,,87,תולדות תנאים ואמוראים/א/ר' אבדימום
toldot_tannaim:333225,bio,,ר' אבדימוס,,,215,תולדות תנאים ואמוראים/א/ר' אבדימוס
toldot_tannaim:333184,bio,,ר' אבדימי,,,814,תולדות תנאים ואמוראים/א/ר' אבדימי
toldot_tannaim:333186,bio,,ר' אבדימי אחוה דר' יוסי ב,,,180,תולדות תנאים ואמוראים/א/ר' אבדימי אחוה דר' יוסי ב
toldot_tannaim:333192,bio,,ר' אבדימי בר ברתיה דר' טובי,,,67,תולדות תנאים ואמוראים/א/ר' אבדימי בר ברתיה דר' טובי
toldot_tannaim:333188,bio,,ר' אבדימי בר המדורא,,,237,תולדות תנאים ואמוראים/א/ר' אבדימי בר המדורא
toldot_tannaim:333189,bio,,ר' אבדימי בר חמא בר חסא,,,386,תולדות תנאים ואמוראים/א/ר' אבדימי בר חמא בר חסא
toldot_tannaim:333191,bio,,ר' אבדימי בר טובי,,,38,תולדות תנאים ואמוראים/א/ר' אבדימי בר טובי
toldot_tannaim:333193,bio,,ר' אבדימי בר נחוניא,,,21,תולדות תנאים ואמוראים/א/ר' אבדימי בר נחוניא
toldot_tannaim:333218,bio,,ר' אבדימי בר תנחום,,,284,תולדות תנאים ואמוראים/א/ר' אבדימי בר תנחום
toldot_tannaim:333219,bio,,ר' אבדימי דמן חיפה,,,1825,תולדות תנאים ואמוראים/א/ר' אבדימי דמן חיפה
toldot_tannaim:333232,bio,,ר' אבהו,,,25339,תולדות תנאים ואמוראים/א/ר' אבהו
toldot_tannaim:333234,bio,,ר' אבהו,,יוחסין,327,תולדות תנאים ואמוראים/א/ר' אבהו (יוחסין)
toldot_tannaim:333236,xref,,ר' אבהו בר אחא,,,95,תולדות תנאים ואמוראים/א/ר' אבהו בר אחא
toldot_tannaim:333238,bio,,ר' אבהו בר זוטרתי,,,32,תולדות תנאים ואמוראים/א/ר' אבהו בר זוטרתי
toldot_tannaim:333239,bio,,ר' אבהו בר זעירא,,,50,תולדות תנאים ואמוראים/א/ר' אבהו בר זעירא
toldot_tannaim:333241,bio,,ר' אבהו בר כהנא,,,106,תולדות תנאים ואמוראים/א/ר' אבהו בר כהנא
toldot_tannaim:333242,bio,,ר' אבהו בר נגרי,,,111,תולדות תנאים ואמוראים/א/ר' אבהו בר נגרי
toldot_tannaim:333312,bio,,ר' אבון בי ר' יוסי,,,88,תולדות תנאים ואמוראים/א/ר' אבון בי ר' יוסי
toldot_tannaim:333337,bio,,ר' אבונא ספרא,,,144,תולדות תנאים ואמוראים/א/ר' אבונא ספרא
toldot_tannaim:333333,bio,,ר' אבונה בר סחורה,,,19,תולדות תנאים ואמוראים/א/ר' אבונה בר סחורה
toldot_tannaim:333335,xref,,ר' אבונה בר שילא,,,18,תולדות תנאים ואמוראים/א/ר' אבונה בר שילא
toldot_tannaim:333336,bio,,ר' אבונה זעירא,,,102,תולדות תנאים ואמוראים/א/ר' אבונה זעירא
toldot_tannaim:333261,bio,tannaim,ר' אבטולוס הזקן,,תנא,67,תולדות תנאים ואמוראים/א/ר' אבטולוס הזקן (תנא)
toldot_tannaim:333260,bio,amoraim,ר' אבטולס,,אמורא,2164,תולדות תנאים ואמוראים/א/ר' אבטולס (אמורא)
toldot_tannaim:333263,bio,,ר' אבטילס,,,44,תולדות תנאים ואמוראים/א/ר' אבטילס
toldot_tannaim:333259,bio,,ר' אביה,,,18,תולדות תנאים ואמוראים/א/ר' אביה
toldot_tannaim:333267,bio,,ר' אביטל ספרא,,,128,תולדות תנאים ואמוראים/א/ר' אביטל ספרא
toldot_tannaim:333306,bio,,ר' אבין בר חייא,ר' בון בר חייא,,2120,תולדות תנאים ואמוראים/א/ר' אבין (בון) בר חייא
toldot_tannaim:333307,bio,,ר' אבין בר חייא בריה דר' שמעון,ר' בון בר חייא בריה דר' שמעון,,65,תולדות תנאים ואמוראים/א/ר' אבין (בון) בר חייא בריה דר' שמעון
toldot_tannaim:333297,bio,,ר' אבין בר רב אדא,ר' רבין בר רב אדא,,677,תולדות תנאים ואמוראים/א/ר' אבין (רבין) בר רב אדא
toldot_tannaim:333318,bio,,ר' אבין בר שבא,ר' רבין בר שבא,,209,תולדות תנאים ואמוראים/א/ר' אבין (רבין) בר שבא
toldot_tannaim:333291,bio,,ר' אבין,ר' רבין | ר' בון,,7155,תולדות תנאים ואמוראים/א/ר' אבין - רבין - ר' בון
toldot_tannaim:333293,bio,,ר' אבין אביו דר' אבין הלוי,,,172,תולדות תנאים ואמוראים/א/ר' אבין אביו דר' אבין הלוי
toldot_tannaim:333294,bio,,ר' אבין איש נחום,,,212,תולדות תנאים ואמוראים/א/ר' אבין איש נחום
toldot_tannaim:333292,bio,,ר' אבין,,,979,תולדות תנאים ואמוראים/א/ר' אבין ב)
toldot_tannaim:333296,bio,,ר' אבין בר אבין,,,77,תולדות תנאים ואמוראים/א/ר' אבין בר אבין
toldot_tannaim:333300,bio,,ר' אבין בר ביסנא,,,84,תולדות תנאים ואמוראים/א/ר' אבין בר ביסנא
toldot_tannaim:333304,bio,,ר' אבין בר בנימין,,,249,תולדות תנאים ואמוראים/א/ר' אבין בר בנימין
toldot_tannaim:333309,bio,,ר' אבין בר חנין,,,83,תולדות תנאים ואמוראים/א/ר' אבין בר חנין
toldot_tannaim:333314,bio,,ר' אבין בר כהנא,,,819,תולדות תנאים ואמוראים/א/ר' אבין בר כהנא
toldot_tannaim:333299,xref,,ר' אבין בר ר' אלעזר,,,126,תולדות תנאים ואמוראים/א/ר' אבין בר ר' אלעזר
toldot_tannaim:333298,xref,,ר' אבין בר רב אחא,,,22,תולדות תנאים ואמוראים/א/ר' אבין בר רב אחא
toldot_tannaim:333320,bio,,ר' אבין בריה דר' תנחום בר טרפון,,,17,תולדות תנאים ואמוראים/א/ר' אבין בריה דר' תנחום בר טרפון
toldot_tannaim:333323,bio,,ר' אבין הלוי,,,780,תולדות תנאים ואמוראים/א/ר' אבין הלוי
toldot_tannaim:333308,bio,,ר' אבין הלוי בר חמא,,,78,תולדות תנאים ואמוראים/א/ר' אבין הלוי בר חמא
toldot_tannaim:333324,bio,,ר' אבין זוטרתי,,,119,תולדות תנאים ואמוראים/א/ר' אבין זוטרתי
toldot_tannaim:333326,bio,,ר' אבין נגרא,,,264,תולדות תנאים ואמוראים/א/ר' אבין נגרא
toldot_tannaim:333332,bio,,ר' אבינא,ר' אבונא,,2179,תולדות תנאים ואמוראים/א/ר' אבינא (או אבונא ובבבלי לפעמים רבינא)
toldot_tannaim:333339,bio,,ר' אביתר,,,741,תולדות תנאים ואמוראים/א/ר' אביתר
toldot_tannaim:333343,bio,,ר' אבסומכוס,,,134,תולדות תנאים ואמוראים/א/ר' אבסומכוס
toldot_tannaim:333348,bio,tannaim,ר' אבשלום הזקן,,תנא,124,תולדות תנאים ואמוראים/א/ר' אבשלום הזקן (תנא)
toldot_tannaim:333394,bio,,ר' אדא דקיסרין,ר' אידא דקיסרין,,123,תולדות תנאים ואמוראים/א/ר' אדא (או ר' אידא) דקיסרין
toldot_tannaim:333383,bio,,ר' אדא בר' שמעון,,,165,תולדות תנאים ואמוראים/א/ר' אדא בר' שמעון
toldot_tannaim:333356,xref,,ר' אדא בר אבא,,,28,תולדות תנאים ואמוראים/א/ר' אדא בר אבא
toldot_tannaim:333380,bio,,ר' אדא בר פפא,,,56,תולדות תנאים ואמוראים/א/ר' אדא בר פפא
toldot_tannaim:333386,xref,,ר' אדא דחוטרא,,,19,תולדות תנאים ואמוראים/א/ר' אדא דחוטרא
toldot_tannaim:333391,bio,,ר' אדא דמן יפו,,,189,תולדות תנאים ואמוראים/א/ר' אדא דמן יפו
toldot_tannaim:333431,bio,,ר' אהבה בר כהנא,,,44,תולדות תנאים ואמוראים/א/ר' אהבה בר כהנא
toldot_tannaim:333440,bio,,ר' אוניא,,,117,תולדות תנאים ואמוראים/א/ר' אוניא
toldot_tannaim:333443,bio,,ר' אורי,,,177,תולדות תנאים ואמוראים/א/ר' אורי
toldot_tannaim:333449,xref,tannaim,ר' אושעיא,,תנא דברייתא,40,תולדות תנאים ואמוראים/א/ר' אושעיא (תנא דברייתא)
toldot_tannaim:333458,bio,,ר' אושעיא בנו של ר' יהודה הבושם,,,211,תולדות תנאים ואמוראים/א/ר' אושעיא בנו של ר' יהודה הבושם
toldot_tannaim:333457,bio,,ר' אושעיא בר' חייא,,,147,תולדות תנאים ואמוראים/א/ר' אושעיא בר' חייא
toldot_tannaim:333460,bio,,ר' אושעיא בר' שמאי,,,594,תולדות תנאים ואמוראים/א/ר' אושעיא בר' שמאי
toldot_tannaim:333454,bio,,ר' אושעיא בר אבא,,,64,תולדות תנאים ואמוראים/א/ר' אושעיא בר אבא
toldot_tannaim:333455,bio,,ר' אושעיא בריה דרב אידי,,,88,תולדות תנאים ואמוראים/א/ר' אושעיא בריה דרב אידי
toldot_tannaim:333452,bio,,ר' אושעיא ובירושלמי הושעיא,,,3828,תולדות תנאים ואמוראים/א/ר' אושעיא ובירושלמי הושעיא
toldot_tannaim:333451,bio,,ר' אושעיא רבה,,,14142,תולדות תנאים ואמוראים/א/ר' אושעיא רבה
toldot_tannaim:333468,bio,amoraim,ר' אחא,,"גדול הדור בדור הרביעי לאמוראי א""י",5080,"תולדות תנאים ואמוראים/א/ר' אחא (גדול הדור בדור הרביעי לאמוראי א""י)"
toldot_tannaim:333467,bio,tannaim,ר' אחא,,תנא דברייתא,1022,תולדות תנאים ואמוראים/א/ר' אחא (תנא דברייתא)
toldot_tannaim:333471,bio,,ר' אחא אחוי דר' יוסי מברקתיה,,,267,תולדות תנאים ואמוראים/א/ר' אחא אחוי דר' יוסי מברקתיה
toldot_tannaim:333502,bio,,ר' אחא בר' יוסי,,,129,תולדות תנאים ואמוראים/א/ר' אחא בר' יוסי
toldot_tannaim:333521,bio,,ר' אחא בר עולא,ר' אחא בר עילא-אילא | ר' אחא בר רב עולא,,598,תולדות תנאים ואמוראים/א/ר' אחא בר (רב) עולא או עילא-אילא
toldot_tannaim:333474,bio,,ר' אחא בר אבא בר אחא,,,76,תולדות תנאים ואמוראים/א/ר' אחא בר אבא בר אחא
toldot_tannaim:333477,bio,,ר' אחא בר אבין בר בנימין,,,96,תולדות תנאים ואמוראים/א/ר' אחא בר אבין בר בנימין
toldot_tannaim:333483,xref,,ר' אחא בר אילא,,,19,תולדות תנאים ואמוראים/א/ר' אחא בר אילא
toldot_tannaim:333490,xref,,ר' אחא בר גמדא,,,172,תולדות תנאים ואמוראים/א/ר' אחא בר גמדא
toldot_tannaim:333493,bio,,ר' אחא בר זבינא,,,99,תולדות תנאים ואמוראים/א/ר' אחא בר זבינא
toldot_tannaim:333494,xref,,ר' אחא בר זעירא,,,19,תולדות תנאים ואמוראים/א/ר' אחא בר זעירא
toldot_tannaim:333498,bio,,ר' אחא בר חנא,,,85,תולדות תנאים ואמוראים/א/ר' אחא בר חנא
toldot_tannaim:333499,bio,,ר' אחא בר חנינא,,,1687,תולדות תנאים ואמוראים/א/ר' אחא בר חנינא
toldot_tannaim:333500,bio,,ר' אחא בר חסדא,,,97,תולדות תנאים ואמוראים/א/ר' אחא בר חסדא
toldot_tannaim:333501,xref,,ר' אחא בר יאשיה,,,21,תולדות תנאים ואמוראים/א/ר' אחא בר יאשיה
toldot_tannaim:333506,bio,,ר' אחא בר יצחק,,,245,תולדות תנאים ואמוראים/א/ר' אחא בר יצחק
toldot_tannaim:333507,bio,,ר' אחא בר מניומי,,,354,תולדות תנאים ואמוראים/א/ר' אחא בר מניומי
toldot_tannaim:333517,bio,,ר' אחא בר סימון,,,35,תולדות תנאים ואמוראים/א/ר' אחא בר סימון
toldot_tannaim:333475,bio,,ר' אחא בריה דר' בא בר ממל,,,76,תולדות תנאים ואמוראים/א/ר' אחא בריה דר' בא בר ממל
toldot_tannaim:333533,bio,,ר' אחא דיפו,,,39,תולדות תנאים ואמוראים/א/ר' אחא דיפו
toldot_tannaim:333534,bio,,ר' אחא הגדול,,,88,תולדות תנאים ואמוראים/א/ר' אחא הגדול
toldot_tannaim:333545,xref,,ר' אחא רובא,,,17,תולדות תנאים ואמוראים/א/ר' אחא רובא
toldot_tannaim:333547,bio,,ר' אחאי אמורא ירושלמי בדור,,,400,תולדות תנאים ואמוראים/א/ר' אחאי (אמורא ירושלמי בדור ד')
toldot_tannaim:333549,bio,tannaim,ר' אחאי בר חנינא,,תנא דברייתא,77,תולדות תנאים ואמוראים/א/ר' אחאי בר חנינא (תנא דברייתא)
toldot_tannaim:333550,bio,,ר' אחאי בריבי,,,101,תולדות תנאים ואמוראים/א/ר' אחאי בריבי
toldot_tannaim:333553,bio,,ר' אחי בר' יאשיה,,,1110,תולדות תנאים ואמוראים/א/ר' אחי בר' יאשיה
toldot_tannaim:333564,bio,,ר' אחייא,,,47,תולדות תנאים ואמוראים/א/ר' אחייא
toldot_tannaim:333565,bio,,ר' אחייא בר אבא,,,41,תולדות תנאים ואמוראים/א/ר' אחייא בר אבא
toldot_tannaim:333583,bio,,ר' איבו בר נגרי,ר' אייבו בר נגרי,,1071,תולדות תנאים ואמוראים/א/ר' איבו (או אייבו) בר נגרי
toldot_tannaim:333579,bio,,ר' איבו,ר' אייבו,,741,תולדות תנאים ואמוראים/א/ר' איבו או אייבו
toldot_tannaim:333582,xref,,ר' איבו בר אגרא,,,20,תולדות תנאים ואמוראים/א/ר' איבו בר אגרא
toldot_tannaim:333589,bio,,ר' אידי,,,888,תולדות תנאים ואמוראים/א/ר' אידי
toldot_tannaim:333607,xref,,ר' אידי בר אידי בר גרשום,,,20,תולדות תנאים ואמוראים/א/ר' אידי בר אידי בר גרשום
toldot_tannaim:333612,xref,,ר' אידי בר שמעון,,,16,תולדות תנאים ואמוראים/א/ר' אידי בר שמעון
toldot_tannaim:333614,bio,,ר' אידי דחוטריה,,,105,תולדות תנאים ואמוראים/א/ר' אידי דחוטריה
toldot_tannaim:333622,bio,,ר' אילא בריה דרב שמואל בר מרתא,,,29,תולדות תנאים ואמוראים/א/ר' אילא בריה דרב שמואל בר מרתא
toldot_tannaim:333623,bio,,ר' אילאי דנציבין,,,52,תולדות תנאים ואמוראים/א/ר' אילאי דנציבין
toldot_tannaim:333636,bio,,ר' אילם,,,58,תולדות תנאים ואמוראים/א/ר' אילם
toldot_tannaim:333628,bio,,ר' אילעאי בן אלעזר,,,108,תולדות תנאים ואמוראים/א/ר' אילעאי בן אלעזר
toldot_tannaim:333639,bio,,ר' אילפי בר קרויא,,,1639,תולדות תנאים ואמוראים/א/ר' אילפי בר קרויא
toldot_tannaim:333638,bio,,ר' אילפיי,,,219,תולדות תנאים ואמוראים/א/ר' אילפיי
toldot_tannaim:333641,bio,,ר' אימי,,,66,תולדות תנאים ואמוראים/א/ר' אימי
toldot_tannaim:333643,bio,,ר' אימי בר חיננא,,,34,תולדות תנאים ואמוראים/א/ר' אימי בר חיננא
toldot_tannaim:333642,xref,,ר' אימי בר פפי,,,17,תולדות תנאים ואמוראים/א/ר' אימי בר פפי
toldot_tannaim:333649,bio,,ר' איניא בר פזי,,,35,תולדות תנאים ואמוראים/א/ר' איניא בר פזי
toldot_tannaim:333647,bio,,ר' אינייא,,,74,תולדות תנאים ואמוראים/א/ר' אינייא
toldot_tannaim:333648,xref,,ר' אינייא בר סיסי,,,23,תולדות תנאים ואמוראים/א/ר' אינייא בר סיסי
toldot_tannaim:333667,bio,,ר' איסי דקיסרין,,,17,תולדות תנאים ואמוראים/א/ר' איסי דקיסרין
toldot_tannaim:333624,bio,,ר' אלאי היורש,,,19,תולדות תנאים ואמוראים/א/ר' אלאי היורש
toldot_tannaim:333681,bio,,ר' אלוני בר טברי,,,69,תולדות תנאים ואמוראים/א/ר' אלוני בר טברי
toldot_tannaim:333633,bio,,ר' אליהו,,,25,תולדות תנאים ואמוראים/א/ר' אליהו
toldot_tannaim:333720,bio,,ר' אליעזר בן דהבאי,,,224,תולדות תנאים ואמוראים/א/ר' אליעזר בן דהבאי
toldot_tannaim:333726,bio,,ר' אליעזר בן הורקנוס,,,35133,תולדות תנאים ואמוראים/א/ר' אליעזר בן הורקנוס
toldot_tannaim:333729,bio,amoraim,ר' אליעזר בן חלפתא,,אמורא,132,תולדות תנאים ואמוראים/א/ר' אליעזר בן חלפתא (אמורא)
toldot_tannaim:333743,bio,,ר' אליעזר בן יעקב,,,2285,תולדות תנאים ואמוראים/א/ר' אליעזר בן יעקב
toldot_tannaim:333744,bio,,ר' אליעזר בן יעקב,,השני,6058,תולדות תנאים ואמוראים/א/ר' אליעזר בן יעקב (השני)
toldot_tannaim:333686,bio,,ר' אלישיב,,,483,תולדות תנאים ואמוראים/א/ר' אלישיב
toldot_tannaim:333691,bio,,ר' אלכסא,,,54,תולדות תנאים ואמוראים/א/ר' אלכסא
toldot_tannaim:333699,bio,,ר' אלכסנדרי,,,2168,תולדות תנאים ואמוראים/א/ר' אלכסנדרי
toldot_tannaim:333700,bio,,ר' אלכסנדרי בר חנאי,,,324,תולדות תנאים ואמוראים/א/ר' אלכסנדרי בר חנאי
toldot_tannaim:333701,bio,,ר' אלכסנדרי דצדוקא,,,52,תולדות תנאים ואמוראים/א/ר' אלכסנדרי דצדוקא
toldot_tannaim:333702,xref,,ר' אלכסנדרי קרובה,,,24,תולדות תנאים ואמוראים/א/ר' אלכסנדרי קרובה
toldot_tannaim:333626,bio,,ר' אלעאי,,אבי ר' יהודה,1919,תולדות תנאים ואמוראים/א/ר' אלעאי (אבי ר' יהודה)
toldot_tannaim:333627,bio,amoraim,ר' אלעאי,,אמורא,6605,תולדות תנאים ואמוראים/א/ר' אלעאי (אמורא)
toldot_tannaim:333629,bio,,ר' אלעאי בר ברכיה,,,237,תולדות תנאים ואמוראים/א/ר' אלעאי בר ברכיה
toldot_tannaim:333630,bio,,ר' אלעאי בר מנחם,,,18,תולדות תנאים ואמוראים/א/ר' אלעאי בר מנחם
toldot_tannaim:333631,bio,,ר' אלעאי בר שמעיה,,,75,תולדות תנאים ואמוראים/א/ר' אלעאי בר שמעיה
toldot_tannaim:333708,bio,,ר' אלעזר אבוי דר' יצחק בר נחמן,,,60,תולדות תנאים ואמוראים/א/ר' אלעזר אבוי דר' יצחק בר נחמן
toldot_tannaim:333787,bio,,"ר' אלעזר ב""ר שמעון בן יוחי",,,9866,"תולדות תנאים ואמוראים/א/ר' אלעזר ב""ר שמעון בן יוחי"
toldot_tannaim:333710,bio,,ר' אלעזר בוצראה,,,47,תולדות תנאים ואמוראים/א/ר' אלעזר בוצראה
toldot_tannaim:333788,bio,,"ר' אלעזר בי ר""ש",,,204,"תולדות תנאים ואמוראים/א/ר' אלעזר בי ר""ש"
toldot_tannaim:333714,bio,,ר' אלעזר בן אנטיגנוס,,,806,תולדות תנאים ואמוראים/א/ר' אלעזר בן אנטיגנוס
toldot_tannaim:333719,xref,,ר' אלעזר בן דגלאי,,,17,תולדות תנאים ואמוראים/א/ר' אלעזר בן דגלאי
toldot_tannaim:333721,bio,,ר' אלעזר בן דלגאי,,,637,תולדות תנאים ואמוראים/א/ר' אלעזר בן דלגאי
toldot_tannaim:333725,bio,,ר' אלעזר בן דמא,,,905,תולדות תנאים ואמוראים/א/ר' אלעזר בן דמא
toldot_tannaim:333727,xref,,ר' אלעזר בן זמרא,,,140,תולדות תנאים ואמוראים/א/ר' אלעזר בן זמרא
toldot_tannaim:333728,bio,,ר' אלעזר בן חגייא,,,54,תולדות תנאים ואמוראים/א/ר' אלעזר בן חגייא
toldot_tannaim:333736,bio,,ר' אלעזר בן יהודה איש ברתותא,,,1538,תולדות תנאים ואמוראים/א/ר' אלעזר בן יהודה איש ברתותא
toldot_tannaim:333746,bio,,ר' אלעזר בן יצחק,,,164,תולדות תנאים ואמוראים/א/ר' אלעזר בן יצחק
toldot_tannaim:333747,bio,,ר' אלעזר בן ירמיה,,,111,תולדות תנאים ואמוראים/א/ר' אלעזר בן ירמיה
toldot_tannaim:333750,bio,,ר' אלעזר בן מהבאי,,,150,תולדות תנאים ואמוראים/א/ר' אלעזר בן מהבאי
toldot_tannaim:333756,bio,,ר' אלעזר בן מתיא,,,906,תולדות תנאים ואמוראים/א/ר' אלעזר בן מתיא
toldot_tannaim:333759,bio,,ר' אלעזר בן עזריה,,,13014,תולדות תנאים ואמוראים/א/ר' אלעזר בן עזריה
toldot_tannaim:333760,bio,,ר' אלעזר בן ערך,,,2038,תולדות תנאים ואמוראים/א/ר' אלעזר בן ערך
toldot_tannaim:333761,bio,,ר' אלעזר בן פדת,,,19706,תולדות תנאים ואמוראים/א/ר' אלעזר בן פדת
toldot_tannaim:333763,bio,,ר' אלעזר בן פילא,ר' אלעזר בן פיאבי,,128,תולדות תנאים ואמוראים/א/ר' אלעזר בן פילא (או פיאבי)
toldot_tannaim:333765,bio,,ר' אלעזר בן פרטא,,,2046,תולדות תנאים ואמוראים/א/ר' אלעזר בן פרטא
toldot_tannaim:333786,bio,,ר' אלעזר בן שמוע הכהן,,,11637,תולדות תנאים ואמוראים/א/ר' אלעזר בן שמוע הכהן
toldot_tannaim:333791,bio,,ר' אלעזר בן תדאי,,,155,תולדות תנאים ואמוראים/א/ר' אלעזר בן תדאי
toldot_tannaim:333792,bio,,ר' אלעזר בן תרדיון,,,137,תולדות תנאים ואמוראים/א/ר' אלעזר בן תרדיון
toldot_tannaim:333741,bio,,ר' אלעזר בנו של ר' יוסי הגלילי,,,3258,תולדות תנאים ואמוראים/א/ר' אלעזר בנו של ר' יוסי הגלילי
toldot_tannaim:333734,xref,,ר' אלעזר בר' יהודה,,,29,תולדות תנאים ואמוראים/א/ר' אלעזר בר' יהודה
toldot_tannaim:333738,bio,,ר' אלעזר בר' יוסי בן זמרא,,,86,תולדות תנאים ואמוראים/א/ר' אלעזר בר' יוסי בן זמרא
toldot_tannaim:333739,bio,,ר' אלעזר בר' יוסי בן חלפתא,,,2813,תולדות תנאים ואמוראים/א/ר' אלעזר בר' יוסי בן חלפתא
toldot_tannaim:333742,bio,,ר' אלעזר בר' ינאי,,,308,תולדות תנאים ואמוראים/א/ר' אלעזר בר' ינאי
toldot_tannaim:333745,bio,,ר' אלעזר בר' יצחק,,,235,תולדות תנאים ואמוראים/א/ר' אלעזר בר' יצחק
toldot_tannaim:333758,xref,,ר' אלעזר בר' סימאי,,,79,תולדות תנאים ואמוראים/א/ר' אלעזר בר' סימאי
toldot_tannaim:375237,redirect,,ר' אלעזר בר' צדוק,,,0,תולדות תנאים ואמוראים/א/ר' אלעזר בר' צדוק
toldot_tannaim:333767,bio,tannaim,ר' אלעזר בר' צדוק,,תנא דמתניתן,12060,תולדות תנאים ואמוראים/א/ר' אלעזר בר' צדוק (תנא דמתניתן)
toldot_tannaim:333712,bio,,ר' אלעזר בר אבין,,,84,תולדות תנאים ואמוראים/א/ר' אלעזר בר אבין
toldot_tannaim:333711,bio,,ר' אלעזר בר אבינא,,,329,תולדות תנאים ואמוראים/א/ר' אלעזר בר אבינא
toldot_tannaim:333716,bio,,ר' אלעזר בר ביסנא,,,27,תולדות תנאים ואמוראים/א/ר' אלעזר בר ביסנא
toldot_tannaim:333717,bio,,ר' אלעזר בר ברכיה,,,83,תולדות תנאים ואמוראים/א/ר' אלעזר בר ברכיה
toldot_tannaim:333731,bio,,ר' אלעזר בר חנינא,,,61,תולדות תנאים ואמוראים/א/ר' אלעזר בר חנינא
toldot_tannaim:333737,bio,,ר' אלעזר בר יוסי,,,2252,תולדות תנאים ואמוראים/א/ר' אלעזר בר יוסי
toldot_tannaim:333748,bio,,ר' אלעזר בר ישיטה,,,351,תולדות תנאים ואמוראים/א/ר' אלעזר בר ישיטה
toldot_tannaim:333749,bio,,ר' אלעזר בר ישמעאל,,,156,תולדות תנאים ואמוראים/א/ר' אלעזר בר ישמעאל
toldot_tannaim:333751,bio,,ר' אלעזר בר מלאי,,,26,תולדות תנאים ואמוראים/א/ר' אלעזר בר מלאי
toldot_tannaim:333752,bio,,ר' אלעזר בר מנחם,,,197,תולדות תנאים ואמוראים/א/ר' אלעזר בר מנחם
toldot_tannaim:333753,bio,,ר' אלעזר בר מניומי,,,126,תולדות תנאים ואמוראים/א/ר' אלעזר בר מניומי
toldot_tannaim:333754,bio,,ר' אלעזר בר מרום,,,159,תולדות תנאים ואמוראים/א/ר' אלעזר בר מרום
toldot_tannaim:333755,bio,,ר' אלעזר בר מרינוס,,,20,תולדות תנאים ואמוראים/א/ר' אלעזר בר מרינוס
toldot_tannaim:333790,xref,,ר' אלעזר בר שמעיה,,,24,תולדות תנאים ואמוראים/א/ר' אלעזר בר שמעיה
toldot_tannaim:333794,bio,,ר' אלעזר דמן נינוה,,,66,תולדות תנאים ואמוראים/א/ר' אלעזר דמן נינוה
toldot_tannaim:333793,bio,,ר' אלעזר דמן רומא,,,59,תולדות תנאים ואמוראים/א/ר' אלעזר דמן רומא
toldot_tannaim:333795,bio,,ר' אלעזר דרומה,,,216,תולדות תנאים ואמוראים/א/ר' אלעזר דרומה
toldot_tannaim:333796,bio,,ר' אלעזר המודעי,,,1991,תולדות תנאים ואמוראים/א/ר' אלעזר המודעי
toldot_tannaim:333797,xref,,ר' אלעזר הקליר,,,28,תולדות תנאים ואמוראים/א/ר' אלעזר הקליר
toldot_tannaim:333798,bio,,ר' אלעזר הקפר בריבי,,,3553,תולדות תנאים ואמוראים/א/ר' אלעזר הקפר בריבי
toldot_tannaim:333800,bio,,ר' אלעזר חסמא,,,1912,תולדות תנאים ואמוראים/א/ר' אלעזר חסמא
toldot_tannaim:333801,bio,,ר' אלעזר חרסנה,,,102,תולדות תנאים ואמוראים/א/ר' אלעזר חרסנה
toldot_tannaim:333802,bio,,ר' אלעזר מהגרוניא,,,725,תולדות תנאים ואמוראים/א/ר' אלעזר מהגרוניא
toldot_tannaim:333803,bio,,ר' אלעזר ניותאה,,ויוחסין גורס נוזאה או שיפאה,960,תולדות תנאים ואמוראים/א/ר' אלעזר ניותאה (ויוחסין גורס נוזאה או שיפאה)
toldot_tannaim:333805,bio,,ר' אלעשא,,,90,תולדות תנאים ואמוראים/א/ר' אלעשא
toldot_tannaim:333809,bio,,ר' אמי,,בר נתן,16617,תולדות תנאים ואמוראים/א/ר' אמי (בר נתן)
toldot_tannaim:333810,bio,,ר' אמי בבלאי,ר' אימי בבלאי,,2479,תולדות תנאים ואמוראים/א/ר' אמי או אימי בבלאי
toldot_tannaim:333812,bio,,ר' אמי אסיא,,,312,תולדות תנאים ואמוראים/א/ר' אמי אסיא
toldot_tannaim:333813,bio,,ר' אמי בר אבא,,,297,תולדות תנאים ואמוראים/א/ר' אמי בר אבא
toldot_tannaim:333819,xref,,ר' אמי בר חמא,,,90,תולדות תנאים ואמוראים/א/ר' אמי בר חמא
toldot_tannaim:333820,bio,,ר' אמי בר טביומי,,,50,תולדות תנאים ואמוראים/א/ר' אמי בר טביומי
toldot_tannaim:333821,xref,,ר' אמי בר יודן,,,16,תולדות תנאים ואמוראים/א/ר' אמי בר יודן
toldot_tannaim:333822,xref,,ר' אמי בר יחזקאל,,,76,תולדות תנאים ואמוראים/א/ר' אמי בר יחזקאל
toldot_tannaim:333823,bio,,ר' אמי בר מתנה,,,20,תולדות תנאים ואמוראים/א/ר' אמי בר מתנה
toldot_tannaim:333825,bio,,ר' אמי בר עוקבא,,,45,תולדות תנאים ואמוראים/א/ר' אמי בר עוקבא
toldot_tannaim:333826,xref,,ר' אמי בר פפי,,,17,תולדות תנאים ואמוראים/א/ר' אמי בר פפי
toldot_tannaim:333827,bio,,ר' אמי בר קרחה,,,28,תולדות תנאים ואמוראים/א/ר' אמי בר קרחה
toldot_tannaim:333828,bio,,ר' אמי בר שמואל,,,72,תולדות תנאים ואמוראים/א/ר' אמי בר שמואל
toldot_tannaim:333830,xref,,ר' אמי חתנו דר' יונה,,,14,תולדות תנאים ואמוראים/א/ר' אמי חתנו דר' יונה
toldot_tannaim:333842,xref,,ר' אנטיגנוס,,,116,תולדות תנאים ואמוראים/א/ר' אנטיגנוס
toldot_tannaim:333846,bio,,ר' אנינייא בר סיסי,ר' אינייני בר סיסי | ר' אנייני בר סיסי | ר' אנינייא בר סיסיי | ר' אנינייא בר סוסיי,,921,"תולדות תנאים ואמוראים/א/ר' אנינייא (אינייני, אנייני) בר סיסי (סיסיי, סוסיי)"
toldot_tannaim:333849,bio,,ר' אסא,,,72,תולדות תנאים ואמוראים/א/ר' אסא
toldot_tannaim:333856,bio,,ר' אסי בר חייא,,,115,תולדות תנאים ואמוראים/א/ר' אסי בר חייא
toldot_tannaim:333857,bio,,ר' אסי בר חמא,,,98,תולדות תנאים ואמוראים/א/ר' אסי בר חמא
toldot_tannaim:333858,bio,,ר' אסי בר חנינא,,,237,תולדות תנאים ואמוראים/א/ר' אסי בר חנינא
toldot_tannaim:333859,bio,,ר' אסי בר ממל,,,25,תולדות תנאים ואמוראים/א/ר' אסי בר ממל
toldot_tannaim:333860,bio,,ר' אסי בר מתיא,,,82,תולדות תנאים ואמוראים/א/ר' אסי בר מתיא
toldot_tannaim:333862,xref,,ר' אסי בר שאול,,,20,תולדות תנאים ואמוראים/א/ר' אסי בר שאול
toldot_tannaim:333864,xref,,ר' אסי דהוצל,,,14,תולדות תנאים ואמוראים/א/ר' אסי דהוצל
toldot_tannaim:333865,xref,,ר' אסי הארוך,,,18,תולדות תנאים ואמוראים/א/ר' אסי הארוך
toldot_tannaim:333852,bio,,ר' אסי חבירו דר' אמי,,,11297,תולדות תנאים ואמוראים/א/ר' אסי חבירו דר' אמי
toldot_tannaim:333866,bio,,ר' אסי מנהרבול,,,104,תולדות תנאים ואמוראים/א/ר' אסי מנהרבול
toldot_tannaim:333869,bio,,ר' אפטוריקי,,,211,תולדות תנאים ואמוראים/א/ר' אפטוריקי
toldot_tannaim:333870,xref,,ר' אפטוריקי אחוי דר' דרוסאי,,,15,תולדות תנאים ואמוראים/א/ר' אפטוריקי אחוי דר' דרוסאי
toldot_tannaim:333871,bio,,ר' אפס,,,2166,תולדות תנאים ואמוראים/א/ר' אפס
toldot_tannaim:333881,bio,,ר' אריסטי,,,51,תולדות תנאים ואמוראים/א/ר' אריסטי
toldot_tannaim:333883,bio,,ר' ארמניא,,,113,תולדות תנאים ואמוראים/א/ר' ארמניא
toldot_tannaim:333889,bio,,ר' אשיאן,,,224,תולדות תנאים ואמוראים/א/ר' אשיאן
toldot_tannaim:333891,bio,,ר' אשייאן בר יקים,,,33,תולדות תנאים ואמוראים/א/ר' אשייאן בר יקים
toldot_tannaim:333895,xref,,ר' אתי,,,25,תולדות תנאים ואמוראים/א/ר' אתי
toldot_tannaim:333313,bio,,ר' בון בר כהן,ר' אבין בר כהן,,45,תולדות תנאים ואמוראים/א/ר' בון (אבין) בר כהן
toldot_tannaim:333461,bio,,ר' הושעיא בריה דר' שמלאי דקיסרין,,,43,תולדות תנאים ואמוראים/א/ר' הושעיא בריה דר' שמלאי דקיסרין
toldot_tannaim:333464,bio,,ר' הושעיא תורגמנא,,,110,תולדות תנאים ואמוראים/א/ר' הושעיא תורגמנא
toldot_tannaim:333902,xref,,רב אבא אבוה דרב בריה דרב משרשיה,,,32,תולדות תנאים ואמוראים/א/רב אבא אבוה דרב בריה דרב משרשיה
toldot_tannaim:333233,bio,,רב אבהו,,,402,תולדות תנאים ואמוראים/א/רב אבהו ב'
toldot_tannaim:333354,bio,,רב אדא,,,194,תולדות תנאים ואמוראים/א/רב אדא
toldot_tannaim:333357,bio,,רב אדא בר אבימי,,,310,תולדות תנאים ואמוראים/א/רב אדא בר אבימי
toldot_tannaim:333358,bio,,רב אדא בר אבין,,,51,תולדות תנאים ואמוראים/א/רב אדא בר אבין
toldot_tannaim:333360,bio,,רב אדא בר אהבה,,,4016,תולדות תנאים ואמוראים/א/רב אדא בר אהבה
toldot_tannaim:333361,bio,,רב אדא בר אהבה ב בימי רבא,,,1979,תולדות תנאים ואמוראים/א/רב אדא בר אהבה ב) בימי רבא
toldot_tannaim:333362,bio,,רב אדא בר אהבה,,,161,תולדות תנאים ואמוראים/א/רב אדא בר אהבה ג)
toldot_tannaim:333365,bio,,רב אדא בר אחא,,,234,תולדות תנאים ואמוראים/א/רב אדא בר אחא
toldot_tannaim:333370,bio,,רב אדא בר חוניא,,,45,תולדות תנאים ואמוראים/א/רב אדא בר חוניא
toldot_tannaim:333369,bio,,רב אדא בר חמא,,,18,תולדות תנאים ואמוראים/א/רב אדא בר חמא
toldot_tannaim:333374,bio,,רב אדא בר מניומי,,,239,תולדות תנאים ואמוראים/א/רב אדא בר מניומי
toldot_tannaim:333375,bio,,רב אדא בר מתנא,רב אדא בר מתנה,,2901,תולדות תנאים ואמוראים/א/רב אדא בר מתנא או מתנה
toldot_tannaim:333377,xref,,רב אדא בר נתן,,,17,תולדות תנאים ואמוראים/א/רב אדא בר נתן
toldot_tannaim:333382,bio,,רב אדא בר שימי,,,77,תולדות תנאים ואמוראים/א/רב אדא בר שימי
toldot_tannaim:333371,bio,,רב אדא ברב חיננא,רב אדא ברב חנינא,,64,תולדות תנאים ואמוראים/א/רב אדא ברב חיננא או חנינא
toldot_tannaim:333378,bio,,רב אדא ברב עזא,,,264,תולדות תנאים ואמוראים/א/רב אדא ברב עזא
toldot_tannaim:333363,bio,,רב אדא בריה דרב אויא,,,137,תולדות תנאים ואמוראים/א/רב אדא בריה דרב אויא
toldot_tannaim:333366,bio,,רב אדא בריה דרב איקא,,,47,תולדות תנאים ואמוראים/א/רב אדא בריה דרב איקא
toldot_tannaim:333373,bio,,רב אדא בריה דרב יצחק,רב אדא בר יצחק,,129,תולדות תנאים ואמוראים/א/רב אדא בריה דרב יצחק או בר יצחק
toldot_tannaim:333381,bio,,רב אדא בריה דרבא,,,69,תולדות תנאים ואמוראים/א/רב אדא בריה דרבא
toldot_tannaim:333417,bio,,רב אדא מבי כלוחית,,,51,תולדות תנאים ואמוראים/א/רב אדא מבי כלוחית
toldot_tannaim:333418,bio,,רב אדא מסורא,,,63,תולדות תנאים ואמוראים/א/רב אדא מסורא
toldot_tannaim:333419,bio,,רב אדא מרי,,,121,תולדות תנאים ואמוראים/א/רב אדא מרי
toldot_tannaim:333420,xref,,רב אדא משוחאה,,,18,תולדות תנאים ואמוראים/א/רב אדא משוחאה
toldot_tannaim:333421,bio,,רב אדא נרשאה,,,36,תולדות תנאים ואמוראים/א/רב אדא נרשאה
toldot_tannaim:333422,bio,,רב אדא סבא,,,99,תולדות תנאים ואמוראים/א/רב אדא סבא
toldot_tannaim:333425,bio,,רב אדא קרחנאה,,,138,תולדות תנאים ואמוראים/א/רב אדא קרחנאה
toldot_tannaim:333432,bio,,רב אהילאי,,,140,תולדות תנאים ואמוראים/א/רב אהילאי
toldot_tannaim:333434,bio,,רב אהרן,,,61,תולדות תנאים ואמוראים/א/רב אהרן
toldot_tannaim:333435,bio,,רב אויא,,,1900,תולדות תנאים ואמוראים/א/רב אויא
toldot_tannaim:333436,bio,,רב אויא סבא מפומבדיתא,,,1229,תולדות תנאים ואמוראים/א/רב אויא סבא מפומבדיתא
toldot_tannaim:333470,bio,,רב אחא אחוה דמר אחאי,,,116,תולדות תנאים ואמוראים/א/רב אחא אחוה דמר אחאי
toldot_tannaim:333472,bio,,רב אחא אריכא,,,898,תולדות תנאים ואמוראים/א/רב אחא אריכא
toldot_tannaim:333473,bio,,רב אחא בר אבא,,,1506,תולדות תנאים ואמוראים/א/רב אחא בר אבא
toldot_tannaim:333476,bio,,רב אחא בר אביי,,,174,תולדות תנאים ואמוראים/א/רב אחא בר אביי
toldot_tannaim:333478,bio,,רב אחא בר אדא,,,1153,תולדות תנאים ואמוראים/א/רב אחא בר אדא
toldot_tannaim:333479,bio,,רב אחא בר אהבה,,,187,תולדות תנאים ואמוראים/א/רב אחא בר אהבה
toldot_tannaim:333481,bio,,רב אחא בר אושעיא,,,85,תולדות תנאים ואמוראים/א/רב אחא בר אושעיא
toldot_tannaim:333485,bio,,רב אחא בר אלישיב,,,18,תולדות תנאים ואמוראים/א/רב אחא בר אלישיב
toldot_tannaim:333488,bio,,רב אחא בר ביבי מר,,,49,תולדות תנאים ואמוראים/א/רב אחא בר ביבי מר
toldot_tannaim:333489,bio,,רב אחא בר ביזנא,,,119,תולדות תנאים ואמוראים/א/רב אחא בר ביזנא
toldot_tannaim:333492,bio,,רב אחא בר הונא,רב אחא בר רב הונא,,1284,תולדות תנאים ואמוראים/א/רב אחא בר הונא או בר רב הונא
toldot_tannaim:333503,bio,,רב אחא בר יוסף,,,1435,תולדות תנאים ואמוראים/א/רב אחא בר יוסף
toldot_tannaim:333505,bio,,רב אחא בר יעקב,,,2686,תולדות תנאים ואמוראים/א/רב אחא בר יעקב
toldot_tannaim:333509,bio,,רב אחא בר נפחא,,,98,תולדות תנאים ואמוראים/א/רב אחא בר נפחא
toldot_tannaim:333510,bio,,רב אחא בר נתן,,,106,תולדות תנאים ואמוראים/א/רב אחא בר נתן
toldot_tannaim:333519,bio,,רב אחא בר עויא,,,768,תולדות תנאים ואמוראים/א/רב אחא בר עויא
toldot_tannaim:333520,xref,,רב אחא בר עוירא,,,19,תולדות תנאים ואמוראים/א/רב אחא בר עוירא
toldot_tannaim:333523,bio,,רב אחא בר פנחס,,,96,תולדות תנאים ואמוראים/א/רב אחא בר פנחס
toldot_tannaim:333524,xref,,רב אחא בר פפא,רב אחא בר פפי,,17,תולדות תנאים ואמוראים/א/רב אחא בר פפא או בר פפי
toldot_tannaim:333526,bio,,רב אחא בר רב,,,811,תולדות תנאים ואמוראים/א/רב אחא בר רב
toldot_tannaim:333525,bio,,רב אחא בר רב קטינא,,,140,תולדות תנאים ואמוראים/א/רב אחא בר רב קטינא
toldot_tannaim:333527,bio,,רב אחא בר רבא,,,4284,תולדות תנאים ואמוראים/א/רב אחא בר רבא
toldot_tannaim:333528,xref,,רב אחא בר רבינא,,,69,תולדות תנאים ואמוראים/א/רב אחא בר רבינא
toldot_tannaim:333530,bio,,רב אחא בר שישא,,,68,תולדות תנאים ואמוראים/א/רב אחא בר שישא
toldot_tannaim:333531,bio,,רב אחא בר תחליפא,,,625,תולדות תנאים ואמוראים/א/רב אחא בר תחליפא
toldot_tannaim:333522,bio,,רב אחא ברב עזא,,,19,תולדות תנאים ואמוראים/א/רב אחא ברב עזא
toldot_tannaim:333491,bio,,רב אחא ברדלא,,,191,תולדות תנאים ואמוראים/א/רב אחא ברדלא
toldot_tannaim:333497,bio,,רב אחא בריה דר' חייא בר אבא,,,94,תולדות תנאים ואמוראים/א/רב אחא בריה דר' חייא בר אבא
toldot_tannaim:333480,bio,,רב אחא בריה דרב אויא,,,811,תולדות תנאים ואמוראים/א/רב אחא בריה דרב אויא
toldot_tannaim:333482,bio,,רב אחא בריה דרב אחא,,,52,תולדות תנאים ואמוראים/א/רב אחא בריה דרב אחא
toldot_tannaim:333484,bio,,רב אחא בריה דרב איקא,,,1369,תולדות תנאים ואמוראים/א/רב אחא בריה דרב איקא
toldot_tannaim:333486,bio,,רב אחא בריה דרב אמי,,,213,תולדות תנאים ואמוראים/א/רב אחא בריה דרב אמי
toldot_tannaim:333487,bio,,רב אחא בריה דרב אשי,,,223,תולדות תנאים ואמוראים/א/רב אחא בריה דרב אשי
toldot_tannaim:333496,bio,,רב אחא בריה דרב חייא,,,43,תולדות תנאים ואמוראים/א/רב אחא בריה דרב חייא
toldot_tannaim:333504,bio,,רב אחא בריה דרב ייבא,,,34,תולדות תנאים ואמוראים/א/רב אחא בריה דרב ייבא
toldot_tannaim:333508,bio,,רב אחא בריה דרב נחמן,,,75,תולדות תנאים ואמוראים/א/רב אחא בריה דרב נחמן
toldot_tannaim:333532,bio,,רב אחא גלילאה,,,141,תולדות תנאים ואמוראים/א/רב אחא גלילאה
toldot_tannaim:333535,bio,,רב אחא מאקרא דאגמא,,,310,תולדות תנאים ואמוראים/א/רב אחא מאקרא דאגמא
toldot_tannaim:333536,bio,,רב אחא מבי חוזאה,,,156,תולדות תנאים ואמוראים/א/רב אחא מבי חוזאה
toldot_tannaim:333537,xref,,רב אחא מבי חתים,,,12,תולדות תנאים ואמוראים/א/רב אחא מבי חתים
toldot_tannaim:333538,xref,,רב אחא מגדלאה,,,18,תולדות תנאים ואמוראים/א/רב אחא מגדלאה
toldot_tannaim:333539,bio,,רב אחא מדיפתא,,,920,תולדות תנאים ואמוראים/א/רב אחא מדיפתא
toldot_tannaim:333540,bio,,רב אחא מהוצל,,,178,תולדות תנאים ואמוראים/א/רב אחא מהוצל
toldot_tannaim:333541,bio,,רב אחא מפרזיקיא,,,122,תולדות תנאים ואמוראים/א/רב אחא מפרזיקיא
toldot_tannaim:333542,bio,,רב אחא סבא,,,132,תולדות תנאים ואמוראים/א/רב אחא סבא
toldot_tannaim:333543,bio,,רב אחא קרחנאה,,,137,תולדות תנאים ואמוראים/א/רב אחא קרחנאה
toldot_tannaim:333544,bio,,רב אחא קרטיגנאה,,,103,תולדות תנאים ואמוראים/א/רב אחא קרטיגנאה
toldot_tannaim:333546,bio,,רב אחא שר הבירה,,,656,תולדות תנאים ואמוראים/א/רב אחא שר הבירה
toldot_tannaim:333548,bio,,רב אחאי,רב אחא,,3898,תולדות תנאים ואמוראים/א/רב אחאי או רב אחא
toldot_tannaim:333566,bio,,רב אחדבוי אחוי דמר אחא,,,108,תולדות תנאים ואמוראים/א/רב אחדבוי אחוי דמר אחא
toldot_tannaim:333567,bio,,רב אחדבוי בר אבין,,,118,תולדות תנאים ואמוראים/א/רב אחדבוי בר אבין
toldot_tannaim:333568,bio,,רב אחדבוי בר אמי,,,951,תולדות תנאים ואמוראים/א/רב אחדבוי בר אמי
toldot_tannaim:333569,bio,,רב אחדבוי בר רב מתנה,,,218,תולדות תנאים ואמוראים/א/רב אחדבוי בר רב מתנה
toldot_tannaim:333552,bio,,רב אחי,,,273,תולדות תנאים ואמוראים/א/רב אחי
toldot_tannaim:333563,bio,,רב אחיי דמן אחא,,"בר אדא לגרסת מהרש""ל",60,"תולדות תנאים ואמוראים/א/רב אחיי (בר אדא לגרסת מהרש""ל) דמן אחא"
toldot_tannaim:333572,bio,,רב אחלי,,,226,תולדות תנאים ואמוראים/א/רב אחלי
toldot_tannaim:333585,bio,,רב אידאי,,,49,תולדות תנאים ואמוראים/א/רב אידאי
toldot_tannaim:333588,bio,,רב אידי,,,830,תולדות תנאים ואמוראים/א/רב אידי
toldot_tannaim:333590,bio,,רב אידי בר אבין,,נגרא,2812,תולדות תנאים ואמוראים/א/רב אידי בר אבין (נגרא) א)
toldot_tannaim:333591,bio,,רב אידי בר אבין השני,,,601,תולדות תנאים ואמוראים/א/רב אידי בר אבין השני
toldot_tannaim:333605,bio,,רב אידי בר אושעיא,,,28,תולדות תנאים ואמוראים/א/רב אידי בר אושעיא
toldot_tannaim:333609,bio,,רב אידי בר גרשום,,,38,תולדות תנאים ואמוראים/א/רב אידי בר גרשום
toldot_tannaim:333611,xref,,רב אידי בר שימי,,,11,תולדות תנאים ואמוראים/א/רב אידי בר שימי
toldot_tannaim:333613,bio,,רב אידי בר שישי,,,48,תולדות תנאים ואמוראים/א/רב אידי בר שישי
toldot_tannaim:333608,bio,,רב אידי בריה דרב איקא,,,76,תולדות תנאים ואמוראים/א/רב אידי בריה דרב איקא
toldot_tannaim:333615,bio,,רב אידי סרסיה דרב ששת,,,90,תולדות תנאים ואמוראים/א/רב אידי סרסיה דרב ששת
toldot_tannaim:333616,bio,,רב אידית,,,183,תולדות תנאים ואמוראים/א/רב אידית
toldot_tannaim:333672,bio,,רב איקא,,,462,תולדות תנאים ואמוראים/א/רב איקא
toldot_tannaim:333673,bio,,רב איקא בר אבין,,,394,תולדות תנאים ואמוראים/א/רב איקא בר אבין
toldot_tannaim:333674,xref,,רב איקא בריה דרב אידי,,,56,תולדות תנאים ואמוראים/א/רב איקא בריה דרב אידי
toldot_tannaim:333675,bio,,רב איקא בריה דרב אמי,,,139,תולדות תנאים ואמוראים/א/רב איקא בריה דרב אמי
toldot_tannaim:333676,bio,,רב איקא בריה דרב חיננא,רב איקא בריה דרב חנניא,,140,תולדות תנאים ואמוראים/א/רב איקא בריה דרב חיננא או חנניא
toldot_tannaim:333677,bio,,רב איקא מפשרוניא,,,75,תולדות תנאים ואמוראים/א/רב איקא מפשרוניא
toldot_tannaim:333680,xref,,רב איתי,,,36,תולדות תנאים ואמוראים/א/רב איתי
toldot_tannaim:333685,bio,,רב אליקים,,,55,תולדות תנאים ואמוראים/א/רב אליקים
toldot_tannaim:333815,bio,,רב אמי בר אדא הרפנאה,,,77,תולדות תנאים ואמוראים/א/רב אמי בר אדא הרפנאה
toldot_tannaim:333816,bio,,רב אמי בר אהבה,,,58,תולדות תנאים ואמוראים/א/רב אמי בר אהבה
toldot_tannaim:333817,xref,,רב אמי בר דיקולי,,,18,תולדות תנאים ואמוראים/א/רב אמי בר דיקולי
toldot_tannaim:333818,bio,,רב אמי בר חייא,,,88,תולדות תנאים ואמוראים/א/רב אמי בר חייא
toldot_tannaim:333851,bio,,רב אסי,,,4913,תולדות תנאים ואמוראים/א/רב אסי
toldot_tannaim:333854,bio,,"רב אסי בר אבא. א""ר יוחנן",,,160,"תולדות תנאים ואמוראים/א/רב אסי בר אבא. א""ר יוחנן"
toldot_tannaim:333861,bio,,רב אסי בר נתן,,,291,תולדות תנאים ואמוראים/א/רב אסי בר נתן
toldot_tannaim:333853,bio,,רב אסי חבירו דר' אשי,,,2650,תולדות תנאים ואמוראים/א/רב אסי חבירו דר' אשי
toldot_tannaim:333885,bio,,רב אשי,,,42561,תולדות תנאים ואמוראים/א/רב אשי
toldot_tannaim:333886,bio,,רב אשי בר אבין,,,131,תולדות תנאים ואמוראים/א/רב אשי בר אבין
toldot_tannaim:333887,bio,,רב אשי מאוירא,,,32,תולדות תנאים ואמוראים/א/רב אשי מאוירא
toldot_tannaim:333888,xref,,רב אשי מהוצל,,,54,תולדות תנאים ואמוראים/א/רב אשי מהוצל
toldot_tannaim:333459,bio,,רב הושעיא בר רב יצחק,,,19,תולדות תנאים ואמוראים/א/רב הושעיא בר רב יצחק
toldot_tannaim:333315,bio,,"רבין בריה דר""נ","ר' אבין בריה דר""נ",,313,"תולדות תנאים ואמוראים/א/רבין (ר' אבין) בריה דר""נ"
toldot_tannaim:333295,bio,,רבין בר אבא,,,107,תולדות תנאים ואמוראים/א/רבין בר אבא
toldot_tannaim:333310,bio,,רבין בר חיננא,רבין בר חנינא,,703,תולדות תנאים ואמוראים/א/רבין בר חיננא (או חנינא)
toldot_tannaim:333316,bio,,רבין בר עולא,,,57,תולדות תנאים ואמוראים/א/רבין בר עולא
toldot_tannaim:333317,bio,,רבין בר קיסי,,,80,תולדות תנאים ואמוראים/א/רבין בר קיסי
toldot_tannaim:333319,bio,,רבין בר שמואל,,,131,תולדות תנאים ואמוראים/א/רבין בר שמואל
toldot_tannaim:333321,bio,,רבין דמן גרש,,,39,תולדות תנאים ואמוראים/א/רבין דמן גרש
toldot_tannaim:333325,bio,,רבין חסידא,,,55,תולדות תנאים ואמוראים/א/רבין חסידא
toldot_tannaim:333327,bio,,רבין סבא,,,232,תולדות תנאים ואמוראים/א/רבין סבא
toldot_tannaim:379266,xref,,אבא ביראה,,,8,תולדות תנאים ואמוראים/ב/אבא ביראה
toldot_tannaim:380562,bio,,אבא בנימין,,,358,תולדות תנאים ואמוראים/ב/אבא בנימין
toldot_tannaim:1710266,redirect,tannaim,אבא בנימין,,תנא דברייתא,0,תולדות תנאים ואמוראים/ב/אבא בנימין (תנא דברייתא)
toldot_tannaim:334678,bio,,באדן,,,181,תולדות תנאים ואמוראים/ב/באדן
toldot_tannaim:334679,bio,,באלי,,,195,תולדות תנאים ואמוראים/ב/באלי
toldot_tannaim:334680,xref,,באתה,,,8,תולדות תנאים ואמוראים/ב/באתה
toldot_tannaim:334681,list,,בבא,,,57,תולדות תנאים ואמוראים/ב/בבא
toldot_tannaim:334682,bio,,בבא בן בוטא,,,1698,תולדות תנאים ואמוראים/ב/בבא בן בוטא
toldot_tannaim:335060,list,,בג בג,,,26,תולדות תנאים ואמוראים/ב/בג בג
toldot_tannaim:335062,bio,,בהא,,"ס""א באתה",226,"תולדות תנאים ואמוראים/ב/בהא (ס""א באתה)"
toldot_tannaim:335064,list,,בוזי,,,47,תולדות תנאים ואמוראים/ב/בוזי
toldot_tannaim:335057,list,,בוטא,,,61,תולדות תנאים ואמוראים/ב/בוטא
toldot_tannaim:379110,list,,בונא,,,30,תולדות תנאים ואמוראים/ב/בונא
toldot_tannaim:379111,list,,בוני,,,66,תולדות תנאים ואמוראים/ב/בוני
toldot_tannaim:379112,xref,,בוני בר שילא,,,18,תולדות תנאים ואמוראים/ב/בוני בר שילא
toldot_tannaim:379113,xref,,בוני זעירא,,,19,תולדות תנאים ואמוראים/ב/בוני זעירא
toldot_tannaim:379114,bio,,בונייס בן בונייס,,,438,תולדות תנאים ואמוראים/ב/בונייס בן בונייס
toldot_tannaim:379117,bio,,בטי בר טוביה,באטי בר טוביה,,450,תולדות תנאים ואמוראים/ב/בטי (או באטי) בר טוביה
toldot_tannaim:379118,xref,,בטיח,,,12,תולדות תנאים ואמוראים/ב/בטיח
toldot_tannaim:379120,bio,,בטיטיי,,,82,תולדות תנאים ואמוראים/ב/בטיטיי
toldot_tannaim:379121,bio,,בטנית,,,248,תולדות תנאים ואמוראים/ב/בטנית
toldot_tannaim:379122,bio,,בטרים בר יטסס,,,347,תולדות תנאים ואמוראים/ב/בטרים בר יטסס
toldot_tannaim:379123,xref,,בי רב,,,15,תולדות תנאים ואמוראים/ב/בי רב
toldot_tannaim:379249,xref,,ביבאי,,,11,תולדות תנאים ואמוראים/ב/ביבאי
toldot_tannaim:379127,list,,ביבי,,,85,תולדות תנאים ואמוראים/ב/ביבי
toldot_tannaim:379244,bio,,ביבי בר גוזלון,,,52,תולדות תנאים ואמוראים/ב/ביבי בר גוזלון
toldot_tannaim:379247,bio,,ביבי מר,,,43,תולדות תנאים ואמוראים/ב/ביבי מר
toldot_tannaim:379252,list,,בידרי,,,28,תולדות תנאים ואמוראים/ב/בידרי
toldot_tannaim:379253,list,,ביזנא,,,203,תולדות תנאים ואמוראים/ב/ביזנא
toldot_tannaim:379258,list,,בילוטו,,,41,תולדות תנאים ואמוראים/ב/בילוטו
toldot_tannaim:379255,bio,,בילל,,,61,תולדות תנאים ואמוראים/ב/בילל
toldot_tannaim:379259,list,,בינא,,,28,תולדות תנאים ואמוראים/ב/בינא
toldot_tannaim:379263,list,,ביסנא,,,153,תולדות תנאים ואמוראים/ב/ביסנא
toldot_tannaim:379265,bio,,בירא,ביראה | ביריי,,265,תולדות תנאים ואמוראים/ב/בירא - ביראה - ביריי
toldot_tannaim:379268,bio,,בית אבטינוס,,,583,תולדות תנאים ואמוראים/ב/בית אבטינוס
toldot_tannaim:379269,bio,,בית בייתוס,,,114,תולדות תנאים ואמוראים/ב/בית בייתוס
toldot_tannaim:379270,xref,,בית גוברין,,,25,תולדות תנאים ואמוראים/ב/בית גוברין
toldot_tannaim:379271,bio,,בית גרמו,,,471,תולדות תנאים ואמוראים/ב/בית גרמו
toldot_tannaim:379272,bio,,בית דין של חשמונאים,,,2281,תולדות תנאים ואמוראים/ב/בית דין של חשמונאים
toldot_tannaim:379273,bio,,בית דין של צדוקים,,,465,תולדות תנאים ואמוראים/ב/בית דין של צדוקים
toldot_tannaim:379274,xref,,בית הלל ובית שמאי,,,8,תולדות תנאים ואמוראים/ב/בית הלל ובית שמאי
toldot_tannaim:379275,bio,,בית חגירה,,,85,תולדות תנאים ואמוראים/ב/בית חגירה
toldot_tannaim:379276,bio,,בית נתזה,,,86,תולדות תנאים ואמוראים/ב/בית נתזה
toldot_tannaim:379277,bio,,בית צריפה,,,77,תולדות תנאים ואמוראים/ב/בית צריפה
toldot_tannaim:379280,bio,,ביתוס בן זונין,בייתוס בן זונין,,1385,תולדות תנאים ואמוראים/ב/ביתוס (או בייתוס) בן זונין
toldot_tannaim:379281,bio,,בלווטא,,,153,תולדות תנאים ואמוראים/ב/בלווטא
toldot_tannaim:379282,bio,,בלוריא הגיורת,,,169,תולדות תנאים ואמוראים/ב/בלוריא הגיורת
toldot_tannaim:379283,bio,,בלצא,,,152,תולדות תנאים ואמוראים/ב/בלצא
toldot_tannaim:379284,bio,,בן אחייה,,,180,תולדות תנאים ואמוראים/ב/בן אחייה
toldot_tannaim:379285,xref,,בן אטטם,,,16,תולדות תנאים ואמוראים/ב/בן אטטם
toldot_tannaim:379286,xref,,בן אלים מציפורין,,,17,תולדות תנאים ואמוראים/ב/בן אלים מציפורין
toldot_tannaim:379288,bio,,בן אלעשה,,,1052,תולדות תנאים ואמוראים/ב/בן אלעשה
toldot_tannaim:379289,bio,,בן אנטיגנוס,,,79,תולדות תנאים ואמוראים/ב/בן אנטיגנוס
toldot_tannaim:379290,bio,,בן ארזה,,,92,תולדות תנאים ואמוראים/ב/בן ארזה
toldot_tannaim:379291,bio,,בן בבי,,,217,תולדות תנאים ואמוראים/ב/בן בבי
toldot_tannaim:379292,xref,,בן בג בג,,,19,תולדות תנאים ואמוראים/ב/בן בג בג
toldot_tannaim:379293,bio,,בן בוהיין,בר בוהין,,886,תולדות תנאים ואמוראים/ב/בן בוהיין (או בר בוהין)
toldot_tannaim:379294,bio,,בן בוכרי,,,179,תולדות תנאים ואמוראים/ב/בן בוכרי
toldot_tannaim:380493,xref,,בן בוניים,,,11,תולדות תנאים ואמוראים/ב/בן בוניים
toldot_tannaim:380494,bio,,בן בטיח,,,388,תולדות תנאים ואמוראים/ב/בן בטיח
toldot_tannaim:380495,xref,,בן בכי,,,11,תולדות תנאים ואמוראים/ב/בן בכי
toldot_tannaim:380496,xref,,בן בתירא,,,48,תולדות תנאים ואמוראים/ב/בן בתירא
toldot_tannaim:380497,bio,,בן גבר,,,51,תולדות תנאים ואמוראים/ב/בן גבר
toldot_tannaim:380498,xref,,בן גמלא,,,18,תולדות תנאים ואמוראים/ב/בן גמלא
toldot_tannaim:380500,bio,,בן דופאי,,,83,תולדות תנאים ואמוראים/ב/בן דופאי
toldot_tannaim:380499,bio,,בן דינאי,,,168,תולדות תנאים ואמוראים/ב/בן דינאי
toldot_tannaim:380501,bio,,בן דרוסאי,,,118,תולדות תנאים ואמוראים/ב/בן דרוסאי
toldot_tannaim:380502,xref,,בן המדורי,,,14,תולדות תנאים ואמוראים/ב/בן המדורי
toldot_tannaim:380503,xref,,בן הנפח,,,13,תולדות תנאים ואמוראים/ב/בן הנפח
toldot_tannaim:380504,bio,,בן הסגן,,,53,תולדות תנאים ואמוראים/ב/בן הסגן
toldot_tannaim:380505,xref,,בן הקפר,,,27,תולדות תנאים ואמוראים/ב/בן הקפר
toldot_tannaim:380506,xref,,בן זומא,,,18,תולדות תנאים ואמוראים/ב/בן זומא
toldot_tannaim:380507,bio,,בן זזא,,,158,תולדות תנאים ואמוראים/ב/בן זזא
toldot_tannaim:380508,bio,,בן זכאי,,,410,תולדות תנאים ואמוראים/ב/בן זכאי
toldot_tannaim:380509,xref,,בן חכינאי,,,23,תולדות תנאים ואמוראים/ב/בן חכינאי
toldot_tannaim:380510,bio,,בן טוטפת,,,52,תולדות תנאים ואמוראים/ב/בן טוטפת
toldot_tannaim:380511,bio,,בן יאסיין,,,123,תולדות תנאים ואמוראים/ב/בן יאסיין
toldot_tannaim:380512,bio,,בן יהוצדק,,,83,תולדות תנאים ואמוראים/ב/בן יהוצדק
toldot_tannaim:380513,bio,,בן יצף,,,84,תולדות תנאים ואמוראים/ב/בן יצף
toldot_tannaim:380515,xref,,בן כוברי,,,13,תולדות תנאים ואמוראים/ב/בן כוברי
toldot_tannaim:380516,bio,,בן כוזבה,בן כוזיבא,,3620,תולדות תנאים ואמוראים/ב/בן כוזבה או כוזיבא
toldot_tannaim:380517,bio,,בן כלבא שבוע,,,941,תולדות תנאים ואמוראים/ב/בן כלבא שבוע
toldot_tannaim:380518,bio,,בן מארא,,,101,תולדות תנאים ואמוראים/ב/בן מארא
toldot_tannaim:380519,xref,,בן מביא יין,,,14,תולדות תנאים ואמוראים/ב/בן מביא יין
toldot_tannaim:380520,bio,,בן מקליט,,,48,תולדות תנאים ואמוראים/ב/בן מקליט
toldot_tannaim:380521,xref,,בן ננס,,,17,תולדות תנאים ואמוראים/ב/בן ננס
toldot_tannaim:380522,bio,,בן נצר,,,147,תולדות תנאים ואמוראים/ב/בן נצר
toldot_tannaim:380523,bio,,בן סבר,,,76,תולדות תנאים ואמוראים/ב/בן סבר
toldot_tannaim:380524,bio,,בן סירא,,,9951,תולדות תנאים ואמוראים/ב/בן סירא
toldot_tannaim:380525,xref,,בן עזאי,,,18,תולדות תנאים ואמוראים/ב/בן עזאי
toldot_tannaim:380526,bio,,בן פזי,,,145,תולדות תנאים ואמוראים/ב/בן פזי
toldot_tannaim:380530,xref,,בן פטורי,,,19,תולדות תנאים ואמוראים/ב/בן פטורי
toldot_tannaim:380533,bio,,בן פלח,בן פלך,,49,תולדות תנאים ואמוראים/ב/בן פלח או פלך
toldot_tannaim:380534,bio,,בן ציון,,,56,תולדות תנאים ואמוראים/ב/בן ציון
toldot_tannaim:380535,bio,,בן ציצית הכסת,,,175,תולדות תנאים ואמוראים/ב/בן ציצית הכסת
toldot_tannaim:380537,bio,,בן קוביסין,,,87,תולדות תנאים ואמוראים/ב/בן קוביסין
toldot_tannaim:380538,bio,,בן קופיא,,,213,תולדות תנאים ואמוראים/ב/בן קופיא
toldot_tannaim:380539,bio,,בן קטין,,,49,תולדות תנאים ואמוראים/ב/בן קטין
toldot_tannaim:380536,bio,,בן קידרה,,,112,תולדות תנאים ואמוראים/ב/בן קידרה
toldot_tannaim:380540,bio,,בן קמצר,,,137,תולדות תנאים ואמוראים/ב/בן קמצר
toldot_tannaim:380541,bio,,בן רחומי,,,216,תולדות תנאים ואמוראים/ב/בן רחומי
toldot_tannaim:380542,xref,,בן ריפאי,,,13,תולדות תנאים ואמוראים/ב/בן ריפאי
toldot_tannaim:380543,bio,,בן שלקות,,,168,תולדות תנאים ואמוראים/ב/בן שלקות
toldot_tannaim:380544,bio,,בן תדל,,,142,תולדות תנאים ואמוראים/ב/בן תדל
toldot_tannaim:380545,xref,,בן תימא,,,18,תולדות תנאים ואמוראים/ב/בן תימא
toldot_tannaim:380546,bio,,בן תמליון,,,91,תולדות תנאים ואמוראים/ב/בן תמליון
toldot_tannaim:380547,xref,,בני בתירא,,,8,תולדות תנאים ואמוראים/ב/בני בתירא
toldot_tannaim:380548,list,,בני גליל,,,169,תולדות תנאים ואמוראים/ב/בני גליל
toldot_tannaim:380549,list,,בני רחבה,,,55,תולדות תנאים ואמוראים/ב/בני רחבה
toldot_tannaim:380560,bio,,בנימין,,,50,תולדות תנאים ואמוראים/ב/בנימין
toldot_tannaim:380559,list,,בנימין,,כל החכמים ששם אביהם היה בנימין,95,תולדות תנאים ואמוראים/ב/בנימין (כל החכמים ששם אביהם היה בנימין)
toldot_tannaim:380567,bio,,בנימין אסיא,,,96,תולדות תנאים ואמוראים/ב/בנימין אסיא
toldot_tannaim:380569,xref,,בנימין בר איהי,,,19,תולדות תנאים ואמוראים/ב/בנימין בר איהי
toldot_tannaim:380571,bio,,בנימין בר אשתור,,,110,תולדות תנאים ואמוראים/ב/בנימין בר אשתור
toldot_tannaim:380580,bio,,בנימין גנזכייה,,,184,תולדות תנאים ואמוראים/ב/בנימין גנזכייה
toldot_tannaim:380583,bio,tannaim,בנימין הצדיק,,תנא דברייתא,328,תולדות תנאים ואמוראים/ב/בנימין הצדיק (תנא דברייתא)
toldot_tannaim:380584,bio,,בנימין רעיא,,,145,תולדות תנאים ואמוראים/ב/בנימין רעיא
toldot_tannaim:380550,xref,,בנן של קדושים,,,22,תולדות תנאים ואמוראים/ב/בנן של קדושים
toldot_tannaim:380588,bio,,בר אבוה,,,101,תולדות תנאים ואמוראים/ב/בר אבוה
toldot_tannaim:380589,bio,,בר אביי,בר אבייה,,149,תולדות תנאים ואמוראים/ב/בר אביי או אבייה
toldot_tannaim:380592,bio,,בר אבין,בר אובא,,660,תולדות תנאים ואמוראים/ב/בר אבין (או בר אובא)
toldot_tannaim:380593,xref,,בר אברוברם,,,12,תולדות תנאים ואמוראים/ב/בר אברוברם
toldot_tannaim:380616,bio,,בר אדא בר אחוה דר' יהודה,,,39,תולדות תנאים ואמוראים/ב/בר אדא בר אחוה דר' יהודה
toldot_tannaim:380617,bio,,בר אדא מרי,,,63,תולדות תנאים ואמוראים/ב/בר אדא מרי
toldot_tannaim:380618,bio,,בר אדא משוחאה,,,250,תולדות תנאים ואמוראים/ב/בר אדא משוחאה
toldot_tannaim:380619,bio,,בר אדא סבולאה,,,146,תולדות תנאים ואמוראים/ב/בר אדא סבולאה
toldot_tannaim:380620,bio,,בר אהינא,,,157,תולדות תנאים ואמוראים/ב/בר אהינא
toldot_tannaim:380621,bio,,בר אלישיב,,,168,תולדות תנאים ואמוראים/ב/בר אלישיב
toldot_tannaim:380622,bio,,בר אלנתן,,,323,תולדות תנאים ואמוראים/ב/בר אלנתן
toldot_tannaim:380623,bio,,בר ביניתוס,,,46,תולדות תנאים ואמוראים/ב/בר ביניתוס
toldot_tannaim:380624,bio,,בר גלילא,,,105,תולדות תנאים ואמוראים/ב/בר גלילא
toldot_tannaim:380625,bio,,בר דליה,,,297,תולדות תנאים ואמוראים/ב/בר דליה
toldot_tannaim:380627,bio,,בר דרומא,,,35,תולדות תנאים ואמוראים/ב/בר דרומא
toldot_tannaim:380629,bio,,בר הא הא,,,615,תולדות תנאים ואמוראים/ב/בר הא הא
toldot_tannaim:380628,bio,,בר הדיא,,,1187,תולדות תנאים ואמוראים/ב/בר הדיא
toldot_tannaim:380630,bio,,בר הינק,,,102,תולדות תנאים ואמוראים/ב/בר הינק
toldot_tannaim:380631,bio,,בר המדורא,,,273,תולדות תנאים ואמוראים/ב/בר המדורא
toldot_tannaim:380633,bio,,בר זוזא,,,119,תולדות תנאים ואמוראים/ב/בר זוזא
toldot_tannaim:380634,bio,,בר חבו,,,380,תולדות תנאים ואמוראים/ב/בר חבו
toldot_tannaim:380635,xref,,בר חוניא,,,13,תולדות תנאים ואמוראים/ב/בר חוניא
toldot_tannaim:380636,bio,,בר חטייא,,,253,תולדות תנאים ואמוראים/ב/בר חטייא
toldot_tannaim:380637,bio,,בר חמא,,,162,תולדות תנאים ואמוראים/ב/בר חמא
toldot_tannaim:380638,bio,,בר טברי,,,49,תולדות תנאים ואמוראים/ב/בר טברי
toldot_tannaim:380639,xref,,בר טירא,,,16,תולדות תנאים ואמוראים/ב/בר טירא
toldot_tannaim:380640,xref,,בר יודני,,,13,תולדות תנאים ואמוראים/ב/בר יודני
toldot_tannaim:380641,bio,,בר יוחנא,,,127,תולדות תנאים ואמוראים/ב/בר יוחנא
toldot_tannaim:380642,xref,,בר יטסס,,,10,תולדות תנאים ואמוראים/ב/בר יטסס
toldot_tannaim:380643,bio,,בר ינטה,,,42,תולדות תנאים ואמוראים/ב/בר ינטה
toldot_tannaim:380644,bio,,בר ישיטא,,,205,תולדות תנאים ואמוראים/ב/בר ישיטא
toldot_tannaim:380645,bio,,בר כדה,,,63,תולדות תנאים ואמוראים/ב/בר כדה
toldot_tannaim:380646,bio,,בר לוליתא,,,74,תולדות תנאים ואמוראים/ב/בר לוליתא
toldot_tannaim:380647,bio,,בר לופייני,,,120,תולדות תנאים ואמוראים/ב/בר לופייני
toldot_tannaim:380648,bio,,בר ליואי,,,166,תולדות תנאים ואמוראים/ב/בר ליואי
toldot_tannaim:380649,bio,,בר לקישא,,,40,תולדות תנאים ואמוראים/ב/בר לקישא
toldot_tannaim:381345,xref,,בר מר שמואל,,,13,תולדות תנאים ואמוראים/ב/בר מר שמואל
toldot_tannaim:381346,bio,,בר מריון,,,352,תולדות תנאים ואמוראים/ב/בר מריון
toldot_tannaim:381347,bio,,בר מרינא,,,195,תולדות תנאים ואמוראים/ב/בר מרינא
toldot_tannaim:381348,xref,,בר נזירא,,,16,תולדות תנאים ואמוראים/ב/בר נזירא
toldot_tannaim:381349,bio,,בר נטיזא,,,159,תולדות תנאים ואמוראים/ב/בר נטיזא
toldot_tannaim:381350,xref,,בר נפחא,,,27,תולדות תנאים ואמוראים/ב/בר נפחא
toldot_tannaim:381351,bio,,בר סיסין,,,82,תולדות תנאים ואמוראים/ב/בר סיסין
toldot_tannaim:381352,bio,,בר עולא,,,62,תולדות תנאים ואמוראים/ב/בר עולא
toldot_tannaim:381353,bio,,בר עולא חזנא,,,75,תולדות תנאים ואמוראים/ב/בר עולא חזנא
toldot_tannaim:381354,bio,,בר עיטיין,,,89,תולדות תנאים ואמוראים/ב/בר עיטיין
toldot_tannaim:381355,xref,,בר עשתור,,,20,תולדות תנאים ואמוראים/ב/בר עשתור
toldot_tannaim:381449,xref,,בר פדא,בר פדייה,,19,תולדות תנאים ואמוראים/ב/בר פדא או פדייה
toldot_tannaim:381451,bio,,בר פזי דברדלייה,,,68,תולדות תנאים ואמוראים/ב/בר פזי דברדלייה
toldot_tannaim:381452,bio,,בר פחתי,,,32,תולדות תנאים ואמוראים/ב/בר פחתי
toldot_tannaim:381450,bio,,בר פטא,,,151,תולדות תנאים ואמוראים/ב/בר פטא
toldot_tannaim:381453,bio,,בר פיולי,,,98,תולדות תנאים ואמוראים/ב/בר פיולי
toldot_tannaim:381454,bio,,בר פיקה,,,174,תולדות תנאים ואמוראים/ב/בר פיקה
toldot_tannaim:381455,bio,,בר ציתאי,,,164,תולדות תנאים ואמוראים/ב/בר ציתאי
toldot_tannaim:381456,bio,,בר צרצור,,,104,תולדות תנאים ואמוראים/ב/בר צרצור
toldot_tannaim:381457,bio,,בר קזא,,,80,תולדות תנאים ואמוראים/ב/בר קזא
toldot_tannaim:381458,xref,,בר קיפוף,בר קיפוק,,12,תולדות תנאים ואמוראים/ב/בר קיפוף או קיפוק
toldot_tannaim:381514,bio,,בר קפרא,,,11953,תולדות תנאים ואמוראים/ב/בר קפרא
toldot_tannaim:381515,bio,,בר קשא,,,261,תולדות תנאים ואמוראים/ב/בר קשא
toldot_tannaim:381516,bio,,בר ראשון,,,42,תולדות תנאים ואמוראים/ב/בר ראשון
toldot_tannaim:380632,xref,,בר רב זביד,,,35,תולדות תנאים ואמוראים/ב/בר רב זביד
toldot_tannaim:381518,bio,,בר שישך,,,315,תולדות תנאים ואמוראים/ב/בר שישך
toldot_tannaim:381517,bio,,בר שלמיא ספרא,,,84,תולדות תנאים ואמוראים/ב/בר שלמיא ספרא
toldot_tannaim:381519,bio,,בר תוטני,,,191,תולדות תנאים ואמוראים/ב/בר תוטני
toldot_tannaim:381520,bio,,בר תמלון,,,222,תולדות תנאים ואמוראים/ב/בר תמלון
toldot_tannaim:381521,bio,,בר תרימה,,,68,תולדות תנאים ואמוראים/ב/בר תרימה
toldot_tannaim:381522,list,,ברוך,,,282,תולדות תנאים ואמוראים/ב/ברוך
toldot_tannaim:381523,list,,ברוכי,,,44,תולדות תנאים ואמוראים/ב/ברוכי
toldot_tannaim:381525,list,,ברוקא,,,34,תולדות תנאים ואמוראים/ב/ברוקא
toldot_tannaim:381529,bio,,ברוריא,,,3359,תולדות תנאים ואמוראים/ב/ברוריא
toldot_tannaim:381530,bio,,בריבי,,,1687,תולדות תנאים ואמוראים/ב/בריבי
toldot_tannaim:381532,list,,ברכיה,,,180,תולדות תנאים ואמוראים/ב/ברכיה
toldot_tannaim:381547,bio,,בתא,,,89,תולדות תנאים ואמוראים/ב/בתא
toldot_tannaim:381548,xref,,בתירא,,,45,תולדות תנאים ואמוראים/ב/בתירא
toldot_tannaim:334677,bio,,ר' בא,,,115,תולדות תנאים ואמוראים/ב/ר' בא
toldot_tannaim:335061,bio,,ר' בדן,,,121,תולדות תנאים ואמוראים/ב/ר' בדן
toldot_tannaim:379108,bio,,ר' בוטא,,,80,תולדות תנאים ואמוראים/ב/ר' בוטא
toldot_tannaim:379109,xref,,ר' בון,,,39,תולדות תנאים ואמוראים/ב/ר' בון
toldot_tannaim:379115,bio,,ר' בורקי,ר' בורקיי,,307,תולדות תנאים ואמוראים/ב/ר' בורקי או בורקיי
toldot_tannaim:379116,xref,,ר' בזירה,,,142,תולדות תנאים ואמוראים/ב/ר' בזירה
toldot_tannaim:379125,bio,,ר' ביבא בר אחא,,,49,תולדות תנאים ואמוראים/ב/ר' ביבא בר אחא
toldot_tannaim:379124,xref,,ר' ביבא בר זבדא,,,101,תולדות תנאים ואמוראים/ב/ר' ביבא בר זבדא
toldot_tannaim:379126,bio,,ר' ביבא רבה,,,110,תולדות תנאים ואמוראים/ב/ר' ביבא רבה
toldot_tannaim:379250,bio,,ר' ביבון בר חייא,,,51,תולדות תנאים ואמוראים/ב/ר' ביבון בר חייא
toldot_tannaim:379246,bio,,ר' ביבי בר כהנא,,,40,תולדות תנאים ואמוראים/ב/ר' ביבי בר כהנא
toldot_tannaim:379242,bio,,ר' ביבי בריה דר' אמי,,,16,תולדות תנאים ואמוראים/ב/ר' ביבי בריה דר' אמי
toldot_tannaim:379248,bio,,ר' ביבי מרנניא,ר' ביבי מרנגיא,,46,תולדות תנאים ואמוראים/ב/ר' ביבי מרנניא (או מרנגיא)
toldot_tannaim:379251,xref,,ר' ביבן,,,13,תולדות תנאים ואמוראים/ב/ר' ביבן
toldot_tannaim:379254,bio,,ר' ביזנא בר זבדא,,,167,תולדות תנאים ואמוראים/ב/ר' ביזנא בר זבדא
toldot_tannaim:379279,bio,,ר' בייתוס,,,97,תולדות תנאים ואמוראים/ב/ר' בייתוס
toldot_tannaim:379261,xref,,ר' בינא זעירא,,,19,תולדות תנאים ואמוראים/ב/ר' בינא זעירא
toldot_tannaim:379262,bio,,ר' ביסא,,,405,תולדות תנאים ואמוראים/ב/ר' ביסא
toldot_tannaim:379264,bio,,ר' ביסנא,,,380,תולדות תנאים ואמוראים/ב/ר' ביסנא
toldot_tannaim:379267,bio,,ר' בירים,,,120,תולדות תנאים ואמוראים/ב/ר' בירים
toldot_tannaim:379278,xref,,ר' ביתא בר ביזנא,,,21,תולדות תנאים ואמוראים/ב/ר' ביתא בר ביזנא
toldot_tannaim:380552,bio,,ר' בנאה,ר' בנייה,,2924,תולדות תנאים ואמוראים/ב/ר' בנאה - בנייה
toldot_tannaim:380555,bio,,ר' בנאה אחוה דר' חייא בר אבא,,,90,תולדות תנאים ואמוראים/ב/ר' בנאה אחוה דר' חייא בר אבא
toldot_tannaim:380551,bio,,ר' בנאה הקדמון,,,294,תולדות תנאים ואמוראים/ב/ר' בנאה הקדמון
toldot_tannaim:380556,bio,,ר' בנאי בריה דר' עולא,,,144,תולדות תנאים ואמוראים/ב/ר' בנאי בריה דר' עולא
toldot_tannaim:380553,bio,,ר' בניי,,,126,תולדות תנאים ואמוראים/ב/ר' בניי
toldot_tannaim:380554,bio,,ר' בנייה,,,141,תולדות תנאים ואמוראים/ב/ר' בנייה
toldot_tannaim:380564,bio,,ר' בנימין,,,236,תולדות תנאים ואמוראים/ב/ר' בנימין
toldot_tannaim:1710267,redirect,tannaim,ר' בנימין,,תנא דברייתא,0,תולדות תנאים ואמוראים/ב/ר' בנימין (תנא דברייתא)
toldot_tannaim:380573,bio,,ר' בנימין בר גידל,,,214,תולדות תנאים ואמוראים/ב/ר' בנימין בר גידל
toldot_tannaim:380574,bio,,ר' בנימין בר חייא,,,17,תולדות תנאים ואמוראים/ב/ר' בנימין בר חייא
toldot_tannaim:380576,bio,,ר' בנימין בר יפת,,,622,תולדות תנאים ואמוראים/ב/ר' בנימין בר יפת
toldot_tannaim:380577,bio,,ר' בנימין בר לוי,,,837,תולדות תנאים ואמוראים/ב/ר' בנימין בר לוי
toldot_tannaim:380586,bio,,ר' בצלאל,,,93,תולדות תנאים ואמוראים/ב/ר' בצלאל
toldot_tannaim:380585,bio,,ר' בצלה,,,76,תולדות תנאים ואמוראים/ב/ר' בצלה
toldot_tannaim:381526,bio,,ר' ברוקא,,,113,תולדות תנאים ואמוראים/ב/ר' ברוקא
toldot_tannaim:381527,bio,,ר' ברוקא חוזאה,,,611,תולדות תנאים ואמוראים/ב/ר' ברוקא חוזאה
toldot_tannaim:381528,bio,,ר' ברוקיא,,,126,תולדות תנאים ואמוראים/ב/ר' ברוקיא
toldot_tannaim:381531,bio,,ר' ברייס,,,85,תולדות תנאים ואמוראים/ב/ר' ברייס
toldot_tannaim:381533,bio,,ר' ברכיה,,,4142,תולדות תנאים ואמוראים/ב/ר' ברכיה
toldot_tannaim:381534,bio,,ר' ברכיה בוצריה,,,23,תולדות תנאים ואמוראים/ב/ר' ברכיה בוצריה
toldot_tannaim:381538,bio,,ר' ברכיה בר' חלבו,,,109,תולדות תנאים ואמוראים/ב/ר' ברכיה בר' חלבו
toldot_tannaim:381543,bio,,"ר' ברכיה בר' סימון נכד ריב""ל",,,257,"תולדות תנאים ואמוראים/ב/ר' ברכיה בר' סימון נכד ריב""ל"
toldot_tannaim:381535,bio,,ר' ברכיה בר אבא בר כהנא,,,156,תולדות תנאים ואמוראים/ב/ר' ברכיה בר אבא בר כהנא
toldot_tannaim:381536,bio,,ר' ברכיה בר אבוה,,,52,תולדות תנאים ואמוראים/ב/ר' ברכיה בר אבוה
toldot_tannaim:381537,bio,,ר' ברכיה בר חייא הכהן,,,191,תולדות תנאים ואמוראים/ב/ר' ברכיה בר חייא הכהן
toldot_tannaim:381539,bio,,ר' ברכיה בר חנינא בר איקא,,,68,תולדות תנאים ואמוראים/ב/ר' ברכיה בר חנינא בר איקא
toldot_tannaim:381540,bio,,ר' ברכיה בר יהודה בר' סימון,,,45,תולדות תנאים ואמוראים/ב/ר' ברכיה בר יהודה בר' סימון
toldot_tannaim:381541,bio,,ר' ברכיה בר יעקב בר בת יעקב,,,69,תולדות תנאים ואמוראים/ב/ר' ברכיה בר יעקב בר בת יעקב
toldot_tannaim:381542,bio,,ר' ברכיה בר יצחק,,,129,תולדות תנאים ואמוראים/ב/ר' ברכיה בר יצחק
toldot_tannaim:381544,bio,,ר' ברכיה הכהן,,,188,תולדות תנאים ואמוראים/ב/ר' ברכיה הכהן
toldot_tannaim:381545,bio,,"ר' ברכיה הכהן ב""ר",,,113,"תולדות תנאים ואמוראים/ב/ר' ברכיה הכהן ב""ר"
toldot_tannaim:381546,bio,,ר' ברכיה סבא,,,36,תולדות תנאים ואמוראים/ב/ר' ברכיה סבא
toldot_tannaim:335058,bio,,רב בבהו,,,348,תולדות תנאים ואמוראים/ב/רב בבהו
toldot_tannaim:335059,bio,,רב בבי,,,187,תולדות תנאים ואמוראים/ב/רב בבי
toldot_tannaim:335063,bio,,רב בודיא,,,36,תולדות תנאים ואמוראים/ב/רב בודיא
toldot_tannaim:379128,bio,,רב ביבי,,,1189,תולדות תנאים ואמוראים/ב/רב ביבי
toldot_tannaim:379145,xref,,רב ביבי בר אבא,,,16,תולדות תנאים ואמוראים/ב/רב ביבי בר אבא
toldot_tannaim:379241,bio,,רב ביבי בר אבונא,רב ביבי בר אבינא,,109,תולדות תנאים ואמוראים/ב/רב ביבי בר אבונא או אבינא
toldot_tannaim:379240,bio,,רב ביבי בר אביי,,,1842,תולדות תנאים ואמוראים/ב/רב ביבי בר אביי
toldot_tannaim:379243,bio,,רב ביבי בר ביזנא,,,147,תולדות תנאים ואמוראים/ב/רב ביבי בר ביזנא
toldot_tannaim:379245,bio,,רב ביבי בר גידל,,,24,תולדות תנאים ואמוראים/ב/רב ביבי בר גידל
toldot_tannaim:379260,bio,,רב בינה,,,195,תולדות תנאים ואמוראים/ב/רב בינה
toldot_tannaim:380626,bio,,רב ברדלא בר טביומי,,,16,תולדות תנאים ואמוראים/ב/רב ברדלא בר טביומי
toldot_tannaim:381524,bio,,רב ברונא,,,1185,תולדות תנאים ואמוראים/ב/רב ברונא
toldot_tannaim:379147,bio,,רבי ביבי,,בר אבין או אביי,2209,תולדות תנאים ואמוראים/ב/רבי ביבי (בר אבין או אביי)
toldot_tannaim:381592,bio,,אבא גוריא,,,263,תולדות תנאים ואמוראים/ג/אבא גוריא
toldot_tannaim:381596,bio,,אבא גוריון איש ציידין,,,228,תולדות תנאים ואמוראים/ג/אבא גוריון איש ציידין
toldot_tannaim:381561,bio,,גביהא בן פסיסא,,,2272,תולדות תנאים ואמוראים/ג/גביהא בן פסיסא
toldot_tannaim:381572,xref,,גבילה,,,11,תולדות תנאים ואמוראים/ג/גבילה
toldot_tannaim:381573,bio,,גביני,,,294,תולדות תנאים ואמוראים/ג/גביני
toldot_tannaim:381574,bio,,גביני בן חרסון,,,151,תולדות תנאים ואמוראים/ג/גביני בן חרסון
toldot_tannaim:381575,xref,,גביע בן קוסם,,,19,תולדות תנאים ואמוראים/ג/גביע בן קוסם
toldot_tannaim:381576,list,,גדא,,,39,תולדות תנאים ואמוראים/ג/גדא
toldot_tannaim:381579,list,,גדיא,,,58,תולדות תנאים ואמוראים/ג/גדיא
toldot_tannaim:381580,list,,גדידיה,,,81,תולדות תנאים ואמוראים/ג/גדידיה
toldot_tannaim:381581,list,,גדיש,,,46,תולדות תנאים ואמוראים/ג/גדיש
toldot_tannaim:381582,list,,גדליה,,,79,תולדות תנאים ואמוראים/ג/גדליה
toldot_tannaim:381583,xref,,גוברין,,,15,תולדות תנאים ואמוראים/ג/גוברין
toldot_tannaim:381584,bio,,גובתא דאריח,,,100,תולדות תנאים ואמוראים/ג/גובתא דאריח
toldot_tannaim:381585,xref,,גודא,גודע,,18,תולדות תנאים ואמוראים/ג/גודא או גודע
toldot_tannaim:381586,bio,,גודגדא,,,34,תולדות תנאים ואמוראים/ג/גודגדא
toldot_tannaim:381587,list,,גוזלן,גולא,,26,תולדות תנאים ואמוראים/ג/גוזלן (או גולא)
toldot_tannaim:381589,bio,,גופתא,,,130,תולדות תנאים ואמוראים/ג/גופתא
toldot_tannaim:381590,xref,,גור אריה,,,31,תולדות תנאים ואמוראים/ג/גור אריה
toldot_tannaim:381591,list,,גוריא,,,186,תולדות תנאים ואמוראים/ג/גוריא
toldot_tannaim:381593,bio,,גוריא בר חמא,,,74,תולדות תנאים ואמוראים/ג/גוריא בר חמא
toldot_tannaim:381594,list,,גוריון,,,57,תולדות תנאים ואמוראים/ג/גוריון
toldot_tannaim:381597,bio,,גוריון בן אסטיון,,,27,תולדות תנאים ואמוראים/ג/גוריון בן אסטיון
toldot_tannaim:381598,bio,,גוריון מאספורק,,,44,תולדות תנאים ואמוראים/ג/גוריון מאספורק
toldot_tannaim:381599,bio,,גורסק בר דרי,,,53,תולדות תנאים ואמוראים/ג/גורסק בר דרי
toldot_tannaim:381601,list,,גידל,,,56,תולדות תנאים ואמוראים/ג/גידל
toldot_tannaim:381604,xref,,גידל בר מניומי,,,19,תולדות תנאים ואמוראים/ג/גידל בר מניומי
toldot_tannaim:381607,bio,,גידל בר רעולאי,,,128,תולדות תנאים ואמוראים/ג/גידל בר רעולאי
toldot_tannaim:381608,bio,,גיורי,,,100,תולדות תנאים ואמוראים/ג/גיורי
toldot_tannaim:381609,list,,גיזא,,,26,תולדות תנאים ואמוראים/ג/גיזא
toldot_tannaim:381610,list,,גיזורה,,,36,תולדות תנאים ואמוראים/ג/גיזורה
toldot_tannaim:381611,xref,,גימל,,,9,תולדות תנאים ואמוראים/ג/גימל
toldot_tannaim:381612,bio,,גלילאי,,,115,תולדות תנאים ואמוראים/ג/גלילאי
toldot_tannaim:381613,list,,גמדא,,,57,תולדות תנאים ואמוראים/ג/גמדא
toldot_tannaim:381615,list,,גמלא,,,142,תולדות תנאים ואמוראים/ג/גמלא
toldot_tannaim:381616,list,,גמליאל,,,194,תולדות תנאים ואמוראים/ג/גמליאל
toldot_tannaim:381627,bio,,גמליאל דקונתיה,,,320,תולדות תנאים ואמוראים/ג/גמליאל דקונתיה
toldot_tannaim:381628,bio,,גמליאל זוגא,,,1028,תולדות תנאים ואמוראים/ג/גמליאל זוגא
toldot_tannaim:381635,bio,,גניבא,,,1442,תולדות תנאים ואמוראים/ג/גניבא
toldot_tannaim:381634,list,,גניבא,,כל החכמים ששם אביהם היה גניבא,48,תולדות תנאים ואמוראים/ג/גניבא (כל החכמים ששם אביהם היה גניבא)
toldot_tannaim:381636,bio,,גרדיים,,,89,תולדות תנאים ואמוראים/ג/גרדיים
toldot_tannaim:381637,list,,גרוגרות,,,26,תולדות תנאים ואמוראים/ג/גרוגרות
toldot_tannaim:381638,bio,,גרון,,,35,תולדות תנאים ואמוראים/ג/גרון
toldot_tannaim:381578,bio,,ר' גדולה,,,77,תולדות תנאים ואמוראים/ג/ר' גדולה
toldot_tannaim:381595,bio,,ר' גוריון,,,537,תולדות תנאים ואמוראים/ג/ר' גוריון
toldot_tannaim:381633,bio,,ר' גמליאל,,החמישי,1291,תולדות תנאים ואמוראים/ג/ר' גמליאל (החמישי)
toldot_tannaim:381632,bio,,ר' גמליאל,,הרביעי,973,תולדות תנאים ואמוראים/ג/ר' גמליאל (הרביעי)
toldot_tannaim:381617,bio,,ר' גמליאל בר אבינא,,,88,תולדות תנאים ואמוראים/ג/ר' גמליאל בר אבינא
toldot_tannaim:381618,bio,,ר' גמליאל בר אינינוא,ר' גמליאל בר אניא,,384,תולדות תנאים ואמוראים/ג/ר' גמליאל בר אינינוא או אניא
toldot_tannaim:381619,bio,,ר' גמליאל ברבי חנינא,,,61,תולדות תנאים ואמוראים/ג/ר' גמליאל ברבי חנינא
toldot_tannaim:381639,bio,,ר' גרשום,,,81,תולדות תנאים ואמוראים/ג/ר' גרשום
toldot_tannaim:381570,bio,,רב גביהא מארגיזא,,,258,תולדות תנאים ואמוראים/ג/רב גביהא מארגיזא
toldot_tannaim:381571,bio,,רב גביהא מבי כתיל,,,512,תולדות תנאים ואמוראים/ג/רב גביהא מבי כתיל
toldot_tannaim:381577,bio,,רב גדא,,,274,תולדות תנאים ואמוראים/ג/רב גדא
toldot_tannaim:381600,bio,,רב גזא,,,391,תולדות תנאים ואמוראים/ג/רב גזא
toldot_tannaim:381602,bio,,רב גידל,,,3291,תולדות תנאים ואמוראים/ג/רב גידל
toldot_tannaim:381603,bio,,רב גידל בר בנימין,,,923,תולדות תנאים ואמוראים/ג/רב גידל בר בנימין
toldot_tannaim:381605,bio,,רב גידל בר מנשיא,,,534,תולדות תנאים ואמוראים/ג/רב גידל בר מנשיא
toldot_tannaim:381606,bio,,רב גידל דמן נרש,,,177,תולדות תנאים ואמוראים/ג/רב גידל דמן נרש
toldot_tannaim:381614,bio,,רב גמדא,,,468,תולדות תנאים ואמוראים/ג/רב גמדא
toldot_tannaim:381640,redirect,,רבן גמליאל,,הרביעי,0,תולדות תנאים ואמוראים/ג/רבן גמליאל (הרביעי)
toldot_tannaim:381631,bio,,רבן גמליאל,,השלישי,4405,תולדות תנאים ואמוראים/ג/רבן גמליאל (השלישי)
toldot_tannaim:381630,bio,,רבן גמליאל בן רבן שמעון הנהרג,,,21350,תולדות תנאים ואמוראים/ג/רבן גמליאל בן רבן שמעון הנהרג
toldot_tannaim:381629,bio,,רבן גמליאל הזקן,,,11482,תולדות תנאים ואמוראים/ג/רבן גמליאל הזקן
toldot_tannaim:1710129,xref,,דגלאי,,,10,תולדות תנאים ואמוראים/ד/דגלאי
toldot_tannaim:1710131,list,,דהבאי,,,27,תולדות תנאים ואמוראים/ד/דהבאי
toldot_tannaim:1710130,bio,,דואג בן יוסף,,,207,תולדות תנאים ואמוראים/ד/דואג בן יוסף
toldot_tannaim:1710132,bio,,דוד בר נהילאי מנהרדעא,,,102,תולדות תנאים ואמוראים/ד/דוד בר נהילאי מנהרדעא
toldot_tannaim:1710133,list,,דולעאי,,,35,תולדות תנאים ואמוראים/ד/דולעאי
toldot_tannaim:1710134,list,,דוסא,,,77,תולדות תנאים ואמוראים/ד/דוסא
toldot_tannaim:1710141,list,,דוסתאי,,,96,תולדות תנאים ואמוראים/ד/דוסתאי
toldot_tannaim:1710143,bio,,דוסתאי אבוה דר' אפטוריקי,,,206,תולדות תנאים ואמוראים/ד/דוסתאי אבוה דר' אפטוריקי
toldot_tannaim:1710144,bio,,דוסתאי איש כפר יתמה,,,113,תולדות תנאים ואמוראים/ד/דוסתאי איש כפר יתמה
toldot_tannaim:1710475,bio,,דוסתאי סבא,,,39,תולדות תנאים ואמוראים/ד/דוסתאי סבא
toldot_tannaim:1710476,xref,,דוסתי סבא,,,16,תולדות תנאים ואמוראים/ד/דוסתי סבא
toldot_tannaim:1710477,list,,דורדאי,,,24,תולדות תנאים ואמוראים/ד/דורדאי
toldot_tannaim:1710478,bio,,דורמסקית,,,33,תולדות תנאים ואמוראים/ד/דורמסקית
toldot_tannaim:1710479,list,,דורשי חמורות,,,502,תולדות תנאים ואמוראים/ד/דורשי חמורות
toldot_tannaim:1710480,bio,,דורתאי,,,101,תולדות תנאים ואמוראים/ד/דורתאי
toldot_tannaim:1710484,bio,,דושו אחוי דדודו,,,74,תולדות תנאים ואמוראים/ד/דושו אחוי דדודו
toldot_tannaim:1710496,bio,,דייני ארץ ישראל,,,201,תולדות תנאים ואמוראים/ד/דייני ארץ ישראל
toldot_tannaim:1710497,bio,,דייני גולה,,,289,תולדות תנאים ואמוראים/ד/דייני גולה
toldot_tannaim:1710498,bio,,דייני גזירות שבירושלים,,,129,תולדות תנאים ואמוראים/ד/דייני גזירות שבירושלים
toldot_tannaim:1710499,xref,,דייני דנהרדעא,,,104,תולדות תנאים ואמוראים/ד/דייני דנהרדעא
toldot_tannaim:1710500,bio,,דייני דפומבדיתא,,,48,תולדות תנאים ואמוראים/ד/דייני דפומבדיתא
toldot_tannaim:1710501,bio,,דייני דציפורי,,,41,תולדות תנאים ואמוראים/ד/דייני דציפורי
toldot_tannaim:1710502,bio,,דייני דקיסרי,,,27,תולדות תנאים ואמוראים/ד/דייני דקיסרי
toldot_tannaim:1710492,bio,,דימי בר קקוזתא,,,104,תולדות תנאים ואמוראים/ד/דימי בר קקוזתא
toldot_tannaim:1710503,list,,דיקולא,,,23,תולדות תנאים ואמוראים/ד/דיקולא
toldot_tannaim:1710504,bio,,דלגאי,,,47,תולדות תנאים ואמוראים/ד/דלגאי
toldot_tannaim:1710505,list,,דמא,,,68,תולדות תנאים ואמוראים/ד/דמא
toldot_tannaim:1710506,bio,,דמא בן נתינה,,,276,תולדות תנאים ואמוראים/ד/דמא בן נתינה
toldot_tannaim:1710507,list,,דן,,,38,תולדות תנאים ואמוראים/ד/דן
toldot_tannaim:1710509,bio,,דניאל חייטא,,,86,תולדות תנאים ואמוראים/ד/דניאל חייטא
toldot_tannaim:1710510,bio,,דנין לפני חכמים,,,206,תולדות תנאים ואמוראים/ד/דנין לפני חכמים
toldot_tannaim:1710512,bio,,דנכו,,,42,תולדות תנאים ואמוראים/ד/דנכו
toldot_tannaim:1710511,bio,,דנקאי ספרא,,,65,תולדות תנאים ואמוראים/ד/דנקאי ספרא
toldot_tannaim:1710513,list,,דרגא,,,22,תולדות תנאים ואמוראים/ד/דרגא
toldot_tannaim:1710514,bio,,דרו בר פפא,,,81,תולדות תנאים ואמוראים/ד/דרו בר פפא
toldot_tannaim:1710515,bio,,דרו עבדיה דרב נחמן,,,490,תולדות תנאים ואמוראים/ד/דרו עבדיה דרב נחמן
toldot_tannaim:1710517,bio,,דרומאי,,,318,תולדות תנאים ואמוראים/ד/דרומאי
toldot_tannaim:1710516,list,,דרי,,,25,תולדות תנאים ואמוראים/ד/דרי
toldot_tannaim:1710136,bio,amoraim,ר' דוסא,,אמורא ירושלמי בדור השלישי והרביעי,469,תולדות תנאים ואמוראים/ד/ר' דוסא (אמורא ירושלמי בדור השלישי והרביעי)
toldot_tannaim:1710135,bio,,ר' דוסא,,סתם,5642,תולדות תנאים ואמוראים/ד/ר' דוסא (סתם)
toldot_tannaim:1710138,bio,,ר' דוסא בן טבת,,,202,תולדות תנאים ואמוראים/ד/ר' דוסא בן טבת
toldot_tannaim:1710137,bio,,ר' דוסא בר' חנינא,,,37,תולדות תנאים ואמוראים/ד/ר' דוסא בר' חנינא
toldot_tannaim:1710139,bio,,ר' דוסא ממלחיא,,,69,תולדות תנאים ואמוראים/ד/ר' דוסא ממלחיא
toldot_tannaim:1710140,bio,,ר' דוסי סבא,,,183,תולדות תנאים ואמוראים/ד/ר' דוסי סבא
toldot_tannaim:1710142,bio,,ר' דוסתאי,,,337,תולדות תנאים ואמוראים/ד/ר' דוסתאי
toldot_tannaim:1710145,bio,,ר' דוסתאי בר' יהודה,,,665,תולדות תנאים ואמוראים/ד/ר' דוסתאי בר' יהודה
toldot_tannaim:1710146,bio,,ר' דוסתאי בר' ינאי,,,2110,תולדות תנאים ואמוראים/ד/ר' דוסתאי בר' ינאי
toldot_tannaim:1710147,bio,,ר' דוסתאי בר' מתון,,,263,תולדות תנאים ואמוראים/ד/ר' דוסתאי בר' מתון
toldot_tannaim:1710473,bio,,ר' דוסתאי דמן בירי,,,440,תולדות תנאים ואמוראים/ד/ר' דוסתאי דמן בירי
toldot_tannaim:1710474,bio,,ר' דוסתאי מבי ישבב,,,113,תולדות תנאים ואמוראים/ד/ר' דוסתאי מבי ישבב
toldot_tannaim:1710518,bio,,ר' דרוסא-דרוסי-דרוסתאי,,,765,תולדות תנאים ואמוראים/ד/ר' דרוסא-דרוסי-דרוסתאי
toldot_tannaim:383501,bio,,רב דימי,,,10093,תולדות תנאים ואמוראים/ד/רב דימי
toldot_tannaim:383502,bio,,רב דימי אחוה דרב ספרא,,,414,תולדות תנאים ואמוראים/ד/רב דימי אחוה דרב ספרא
toldot_tannaim:383504,xref,,רב דימי בן אבין,,,22,תולדות תנאים ואמוראים/ד/רב דימי בן אבין
toldot_tannaim:383503,bio,,רב דימי בר אבא,,,170,תולדות תנאים ואמוראים/ד/רב דימי בר אבא
toldot_tannaim:1710485,bio,,רב דימי בר חיננא,,,220,תולדות תנאים ואמוראים/ד/רב דימי בר חיננא א)
toldot_tannaim:1710486,bio,,רב דימי בר חיננא,,,352,תולדות תנאים ואמוראים/ד/רב דימי בר חיננא ב)
toldot_tannaim:1710487,xref,,רב דימי בר חמא,,,21,תולדות תנאים ואמוראים/ד/רב דימי בר חמא
toldot_tannaim:1710488,bio,,רב דימי בר יוסף,,,1292,תולדות תנאים ואמוראים/ד/רב דימי בר יוסף
toldot_tannaim:1710489,bio,,רב דימי בר יצחק,,,199,תולדות תנאים ואמוראים/ד/רב דימי בר יצחק
toldot_tannaim:1710490,bio,,רב דימי בר ליואי,,,41,תולדות תנאים ואמוראים/ד/רב דימי בר ליואי
toldot_tannaim:1710491,bio,,רב דימי בר נחמיה בריה דרב יוסף,,,70,תולדות תנאים ואמוראים/ד/רב דימי בר נחמיה בריה דרב יוסף
toldot_tannaim:1710493,bio,,רב דימי בר שישנא,,,34,תולדות תנאים ואמוראים/ד/רב דימי בר שישנא
toldot_tannaim:383505,bio,,רב דימי בריה דרב הונא מדמהריא,,,40,תולדות תנאים ואמוראים/ד/רב דימי בריה דרב הונא מדמהריא
toldot_tannaim:1710494,xref,,רב דימי דמן חיפא,,,23,תולדות תנאים ואמוראים/ד/רב דימי דמן חיפא
toldot_tannaim:1710495,bio,,רב דימי מנהרדעא,,,1742,תולדות תנאים ואמוראים/ד/רב דימי מנהרדעא
toldot_tannaim:1710508,bio,,רב דניאל בר רב קטינא,,,813,תולדות תנאים ואמוראים/ד/רב דניאל בר רב קטינא
toldot_tannaim:383834,bio,,הוגרס בן לוי,,,201,תולדות תנאים ואמוראים/ה/הוגרס בן לוי
toldot_tannaim:383835,bio,,הון בריה דרב נחמן,,,22516,תולדות תנאים ואמוראים/ה/הון בריה דרב נחמן
toldot_tannaim:383836,list,,הונא,רב הונא,,81,תולדות תנאים ואמוראים/ה/הונא או רב הונא
toldot_tannaim:1710519,bio,,הונא בר חיננא,,,65,תולדות תנאים ואמוראים/ה/הונא בר חיננא
toldot_tannaim:1710559,bio,,הונא בר מרימר,,,19,תולדות תנאים ואמוראים/ה/הונא בר מרימר
toldot_tannaim:399639,bio,,הונא בריה דמר זוטרא,,,25,תולדות תנאים ואמוראים/ה/הונא בריה דמר זוטרא
toldot_tannaim:1710557,bio,,הונא מר בריה דרב אידי,,,55,תולדות תנאים ואמוראים/ה/הונא מר בריה דרב אידי
toldot_tannaim:1710561,bio,,הונא מר בריה דרבא מפרזקא,,,52,תולדות תנאים ואמוראים/ה/הונא מר בריה דרבא מפרזקא
toldot_tannaim:1710562,bio,,הונא מרי בר מר זוטרא נשיא,,,92,תולדות תנאים ואמוראים/ה/הונא מרי בר מר זוטרא נשיא
toldot_tannaim:1710566,bio,,הורדוס,,,3762,תולדות תנאים ואמוראים/ה/הורדוס
toldot_tannaim:1710568,list,,הורקנוס,,,62,תולדות תנאים ואמוראים/ה/הורקנוס
toldot_tannaim:1710570,bio,,הורקנוס בנו של ר' אליעזר בן הורקנוס,,,700,תולדות תנאים ואמוראים/ה/הורקנוס בנו של ר' אליעזר בן הורקנוס
toldot_tannaim:1710569,bio,,הורקנוס ואריסטובלוס אחיו,,,838,תולדות תנאים ואמוראים/ה/הורקנוס ואריסטובלוס אחיו
toldot_tannaim:1710571,xref,,הושעיא,,,66,תולדות תנאים ואמוראים/ה/הושעיא
toldot_tannaim:1710572,bio,,החוטף אפרתי,,,26,תולדות תנאים ואמוראים/ה/החוטף אפרתי
toldot_tannaim:1710573,xref,,הילא,,,20,תולדות תנאים ואמוראים/ה/הילא
toldot_tannaim:1710574,list,,הילני,,,57,תולדות תנאים ואמוראים/ה/הילני
toldot_tannaim:1710575,bio,,הילני המלכה,,,1024,תולדות תנאים ואמוראים/ה/הילני המלכה
toldot_tannaim:399557,list,,היני,,,67,תולדות תנאים ואמוראים/ה/היני
toldot_tannaim:399563,xref,,הלל אבוה דר' זעירא,,,20,תולדות תנאים ואמוראים/ה/הלל אבוה דר' זעירא
toldot_tannaim:399564,bio,,הלל אחוה דר' גמליאל זוגא,,,18,תולדות תנאים ואמוראים/ה/הלל אחוה דר' גמליאל זוגא
toldot_tannaim:399560,bio,,הלל,,,1565,תולדות תנאים ואמוראים/ה/הלל ב)
toldot_tannaim:399565,bio,,הלל בר ברכיה,,,19,תולדות תנאים ואמוראים/ה/הלל בר ברכיה
toldot_tannaim:399562,bio,,הלל האחרון,,,1749,תולדות תנאים ואמוראים/ה/הלל האחרון
toldot_tannaim:399553,bio,,הלל הבבלי,,,29572,תולדות תנאים ואמוראים/ה/הלל הבבלי
toldot_tannaim:399555,redirect,,הלל הבבלי,הלל הזקן,,0,תולדות תנאים ואמוראים/ה/הלל הבבלי או הזקן
toldot_tannaim:399558,redirect,,הלל הזקן,,,0,תולדות תנאים ואמוראים/ה/הלל הזקן
toldot_tannaim:399573,bio,,הלל תלמיד רבא,,,177,תולדות תנאים ואמוראים/ה/הלל תלמיד רבא
toldot_tannaim:399612,list,,המדורי,,,27,תולדות תנאים ואמוראים/ה/המדורי
toldot_tannaim:399622,list,,הקוף,,,61,תולדות תנאים ואמוראים/ה/הקוף
toldot_tannaim:399623,list,,הרכניס,,,30,תולדות תנאים ואמוראים/ה/הרכניס
toldot_tannaim:1710525,bio,,ר' הונא בר יצחק,,,88,תולדות תנאים ואמוראים/ה/ר' הונא בר יצחק
toldot_tannaim:1710541,bio,,ר' הונא בר פפא,,,97,תולדות תנאים ואמוראים/ה/ר' הונא בר פפא
toldot_tannaim:1710545,bio,,ר' הונא בריה דר' שמואל בר נחמני,,,139,תולדות תנאים ואמוראים/ה/ר' הונא בריה דר' שמואל בר נחמני
toldot_tannaim:1710548,bio,,ר' הונא דשאב,,,61,תולדות תנאים ואמוראים/ה/ר' הונא דשאב
toldot_tannaim:1710549,bio,,ר' הונא הכהן,,,89,תולדות תנאים ואמוראים/ה/ר' הונא הכהן
toldot_tannaim:1710550,bio,,ר' הונא הכהן בר אבין,,,462,תולדות תנאים ואמוראים/ה/ר' הונא הכהן בר אבין
toldot_tannaim:1710564,bio,,ר' הונא רובא דציפורן,,,954,תולדות תנאים ואמוראים/ה/ר' הונא רובא דציפורן
toldot_tannaim:1710567,bio,,ר' הורייני אחוי דר' שמואל בר סוסרטי,,,96,תולדות תנאים ואמוראים/ה/ר' הורייני אחוי דר' שמואל בר סוסרטי
toldot_tannaim:399568,bio,,ר' הלל בן פזי,,,118,תולדות תנאים ואמוראים/ה/ר' הלל בן פזי
toldot_tannaim:399566,bio,,ר' הלל בר הילני,,,45,תולדות תנאים ואמוראים/ה/ר' הלל בר הילני
toldot_tannaim:399567,bio,,ר' הלל בריה דר' וולס,,,901,תולדות תנאים ואמוראים/ה/ר' הלל בריה דר' וולס
toldot_tannaim:399569,bio,,ר' הלל בריה דר' שמואל בר נחמני,,,173,תולדות תנאים ואמוראים/ה/ר' הלל בריה דר' שמואל בר נחמני
toldot_tannaim:399570,bio,,ר' הלל דכיפרא,,,110,תולדות תנאים ואמוראים/ה/ר' הלל דכיפרא
toldot_tannaim:399571,bio,,ר' הלל חתניה דר' יוסי בר אבין,,,19,תולדות תנאים ואמוראים/ה/ר' הלל חתניה דר' יוסי בר אבין
toldot_tannaim:1710524,bio,,ר' חונא בר' יוסי,,,373,תולדות תנאים ואמוראים/ה/ר' חונא בר' יוסי
toldot_tannaim:383837,bio,,רב הונא,,,21326,תולדות תנאים ואמוראים/ה/רב הונא
toldot_tannaim:383840,bio,,רב הונא,,בזמן רב אשי,1580,תולדות תנאים ואמוראים/ה/רב הונא (בזמן רב אשי)
toldot_tannaim:383841,bio,,רב הונא אביו של ר' אחא,,,194,תולדות תנאים ואמוראים/ה/רב הונא אביו של ר' אחא
toldot_tannaim:383842,bio,,רב הונא אביו של ר' זעירא הכהן,,,773,תולדות תנאים ואמוראים/ה/רב הונא אביו של ר' זעירא הכהן
toldot_tannaim:383838,bio,,רב הונא,,,1977,תולדות תנאים ואמוראים/ה/רב הונא ב)
toldot_tannaim:383843,xref,,רב הונא בגדתא,,,18,תולדות תנאים ואמוראים/ה/רב הונא בגדתא
toldot_tannaim:1710533,bio,,רב הונא בן משה בר עצרי הכהן,,,224,תולדות תנאים ואמוראים/ה/רב הונא בן משה בר עצרי הכהן
toldot_tannaim:399624,xref,,רב הונא בר אבא,,,134,תולדות תנאים ואמוראים/ה/רב הונא בר אבא
toldot_tannaim:399625,bio,,רב הונא בר אבין,,,879,תולדות תנאים ואמוראים/ה/רב הונא בר אבין
toldot_tannaim:399626,bio,,רב הונא בר אדא,,,83,תולדות תנאים ואמוראים/ה/רב הונא בר אדא
toldot_tannaim:399627,bio,,רב הונא בר אויא,,,251,תולדות תנאים ואמוראים/ה/רב הונא בר אויא
toldot_tannaim:399628,bio,,רב הונא בר אחא,,,128,תולדות תנאים ואמוראים/ה/רב הונא בר אחא
toldot_tannaim:399629,bio,,רב הונא בר אידי,,,602,תולדות תנאים ואמוראים/ה/רב הונא בר אידי
toldot_tannaim:399632,bio,,רב הונא בר אמי,,,23,תולדות תנאים ואמוראים/ה/רב הונא בר אמי
toldot_tannaim:399633,bio,,רב הונא בר אשי,,,16,תולדות תנאים ואמוראים/ה/רב הונא בר אשי
toldot_tannaim:399634,xref,,רב הונא בר ביזנא,,,20,תולדות תנאים ואמוראים/ה/רב הונא בר ביזנא
toldot_tannaim:399635,bio,,רב הונא בר ברכיה,,,74,תולדות תנאים ואמוראים/ה/רב הונא בר ברכיה
toldot_tannaim:399636,bio,,רב הונא בר גוריון,,,108,תולדות תנאים ואמוראים/ה/רב הונא בר גוריון
toldot_tannaim:399637,bio,,רב הונא בר גניבא,,,15,תולדות תנאים ואמוראים/ה/רב הונא בר גניבא
toldot_tannaim:399640,xref,,רב הונא בר חיון,,,17,תולדות תנאים ואמוראים/ה/רב הונא בר חיון
toldot_tannaim:399641,bio,,רב הונא בר חייא,,,3928,תולדות תנאים ואמוראים/ה/רב הונא בר חייא
toldot_tannaim:399648,bio,,רב הונא בר חיננא,רב הונא בר חנינא,,1845,תולדות תנאים ואמוראים/ה/רב הונא בר חיננא או חנינא
toldot_tannaim:1710520,bio,,רב הונא בר חלוב,,,24,תולדות תנאים ואמוראים/ה/רב הונא בר חלוב
toldot_tannaim:1710521,bio,,רב הונא בר חלוון,,,117,תולדות תנאים ואמוראים/ה/רב הונא בר חלוון
toldot_tannaim:1710522,bio,,רב הונא בר יהודא,,,1758,תולדות תנאים ואמוראים/ה/רב הונא בר יהודא
toldot_tannaim:1710528,bio,,רב הונא בר כהנא,,,86,תולדות תנאים ואמוראים/ה/רב הונא בר כהנא
toldot_tannaim:1710529,bio,,רב הונא בר לואי,,,50,תולדות תנאים ואמוראים/ה/רב הונא בר לואי
toldot_tannaim:1710530,bio,,רב הונא בר לוליאני,,,55,תולדות תנאים ואמוראים/ה/רב הונא בר לוליאני
toldot_tannaim:1710531,bio,,רב הונא בר מנוח,,,686,תולדות תנאים ואמוראים/ה/רב הונא בר מנוח
toldot_tannaim:1710532,bio,,רב הונא בר מניומי,,,151,תולדות תנאים ואמוראים/ה/רב הונא בר מניומי
toldot_tannaim:1710535,bio,,רב הונא בר סחורה,,,249,תולדות תנאים ואמוראים/ה/רב הונא בר סחורה
toldot_tannaim:1710536,bio,,רב הונא בר עוקבא,,,79,תולדות תנאים ואמוראים/ה/רב הונא בר עוקבא
toldot_tannaim:1710543,bio,,רב הונא בר רב קטינא,,,287,תולדות תנאים ואמוראים/ה/רב הונא בר רב קטינא
toldot_tannaim:1710547,bio,,רב הונא בר רב תחליפא,,,231,תולדות תנאים ואמוראים/ה/רב הונא בר רב תחליפא
toldot_tannaim:1710546,bio,,רב הונא בר תורתא,,,229,תולדות תנאים ואמוראים/ה/רב הונא בר תורתא
toldot_tannaim:1710527,bio,,רב הונא בריה דר' ירמיה בר אבא,,,411,תולדות תנאים ואמוראים/ה/רב הונא בריה דר' ירמיה בר אבא
toldot_tannaim:399630,bio,,רב הונא בריה דרב אידי,,,132,תולדות תנאים ואמוראים/ה/רב הונא בריה דרב אידי
toldot_tannaim:399631,bio,,רב הונא בריה דרב איקא,,,207,תולדות תנאים ואמוראים/ה/רב הונא בריה דרב איקא
toldot_tannaim:399638,bio,,רב הונא בריה דרב הושעיא,,,149,תולדות תנאים ואמוראים/ה/רב הונא בריה דרב הושעיא
toldot_tannaim:399647,bio,,רב הונא בריה דרב חייא,,,67,תולדות תנאים ואמוראים/ה/רב הונא בריה דרב חייא
toldot_tannaim:1710523,bio,,רב הונא בריה דרב יהושע,,,4609,תולדות תנאים ואמוראים/ה/רב הונא בריה דרב יהושע
toldot_tannaim:1708437,bio,,רב הונא בריה דרב נחמן,,,1057,תולדות תנאים ואמוראים/ה/רב הונא בריה דרב נחמן
toldot_tannaim:1710534,bio,,רב הונא בריה דרב נתן,,,3898,תולדות תנאים ואמוראים/ה/רב הונא בריה דרב נתן
toldot_tannaim:1710537,bio,,רב הונא בריה דרב עילאי,,,76,תולדות תנאים ואמוראים/ה/רב הונא בריה דרב עילאי
toldot_tannaim:1710540,bio,,רב הונא בריה דרב פנחס,,,94,תולדות תנאים ואמוראים/ה/רב הונא בריה דרב פנחס
toldot_tannaim:1710542,bio,,רב הונא בריה דרב פפי,,,47,תולדות תנאים ואמוראים/ה/רב הונא בריה דרב פפי
toldot_tannaim:1710544,bio,,רב הונא בריה דרבא,,,122,תולדות תנאים ואמוראים/ה/רב הונא בריה דרבא
toldot_tannaim:383839,bio,,רב הונא,,,1921,תולדות תנאים ואמוראים/ה/רב הונא ג)
toldot_tannaim:1710551,bio,,רב הונא זוטא,,,148,תולדות תנאים ואמוראים/ה/רב הונא זוטא
toldot_tannaim:1710552,bio,,רב הונא מברניש,,,72,תולדות תנאים ואמוראים/ה/רב הונא מברניש
toldot_tannaim:1710553,bio,,רב הונא מדמהריא,,,25,תולדות תנאים ואמוראים/ה/רב הונא מדמהריא
toldot_tannaim:1710554,bio,,רב הונא מדסקרתא,,,23,תולדות תנאים ואמוראים/ה/רב הונא מדסקרתא
toldot_tannaim:1710555,bio,,רב הונא מסורא,,,130,תולדות תנאים ואמוראים/ה/רב הונא מסורא
toldot_tannaim:1710556,bio,,רב הונא מר בר אויא,,,92,תולדות תנאים ואמוראים/ה/רב הונא מר בר אויא
toldot_tannaim:1710558,bio,,רב הונא מר בר רב חייא,,,55,תולדות תנאים ואמוראים/ה/רב הונא מר בר רב חייא
toldot_tannaim:1710560,bio,,רב הונא מר בריה דרב נחמיה,,,390,תולדות תנאים ואמוראים/ה/רב הונא מר בריה דרב נחמיה
toldot_tannaim:1710563,bio,,רב הונא ספרא דסדרא,,,85,תולדות תנאים ואמוראים/ה/רב הונא ספרא דסדרא
toldot_tannaim:1710565,bio,,רב הונא ריש הגולה,,,597,תולדות תנאים ואמוראים/ה/רב הונא ריש הגולה
toldot_tannaim:1710526,bio,,רב הונה בר יקי,,,66,תולדות תנאים ואמוראים/ה/רב הונה בר יקי
toldot_tannaim:399556,bio,,רב הינק,,,114,תולדות תנאים ואמוראים/ה/רב הינק
toldot_tannaim:399572,bio,,רב הלל,,,265,תולדות תנאים ואמוראים/ה/רב הלל
toldot_tannaim:399613,bio,,רב המנונא,,,401,תולדות תנאים ואמוראים/ה/רב המנונא א)
toldot_tannaim:399614,bio,,רב המנונא ב תלמידו דרב,,,1523,תולדות תנאים ואמוראים/ה/רב המנונא ב) תלמידו דרב
toldot_tannaim:399617,bio,,רב המנונא בריה דרב אדא בר אהבה,,,91,תולדות תנאים ואמוראים/ה/רב המנונא בריה דרב אדא בר אהבה
toldot_tannaim:399618,bio,,רב המנונא בריה דרב יוסף,,,148,תולדות תנאים ואמוראים/ה/רב המנונא בריה דרב יוסף
toldot_tannaim:399619,bio,,רב המנונא בריה דרבא מפשרוניא,,,94,תולדות תנאים ואמוראים/ה/רב המנונא בריה דרבא מפשרוניא
toldot_tannaim:399615,bio,,רב המנונא,,,3409,תולדות תנאים ואמוראים/ה/רב המנונא ג)
toldot_tannaim:399616,bio,,רב המנונא,,,998,תולדות תנאים ואמוראים/ה/רב המנונא ד)
toldot_tannaim:399620,bio,,רב המנונא זוטא,רב המנונא זוטי,,291,תולדות תנאים ואמוראים/ה/רב המנונא זוטא או זוטי
toldot_tannaim:380787,bio,,רב המנונא סבא,,,493,תולדות תנאים ואמוראים/ה/רב המנונא סבא
toldot_tannaim:399621,bio,,רב המנונא ספרא,,,175,תולדות תנאים ואמוראים/ה/רב המנונא ספרא
toldot_tannaim:333909,bio,,ויתור מעונה,,,108,תולדות תנאים ואמוראים/ו/ויתור מעונה
toldot_tannaim:333910,xref,,וסטינא,,,12,תולדות תנאים ואמוראים/ו/וסטינא
toldot_tannaim:333911,xref,,ורדימס,,,44,תולדות תנאים ואמוראים/ו/ורדימס
toldot_tannaim:333912,bio,,ותיקין,,,173,תולדות תנאים ואמוראים/ו/ותיקין
toldot_tannaim:333908,bio,,ר' וולס,,,129,תולדות תנאים ואמוראים/ו/ר' וולס
toldot_tannaim:1710576,list,,זבדא,זבדי,,239,תולדות תנאים ואמוראים/ז/זבדא או זבדי
toldot_tannaim:1710579,bio,,זבדא בן לוי,,,973,תולדות תנאים ואמוראים/ז/זבדא בן לוי
toldot_tannaim:1710582,bio,,זבולון בן דן,,,117,תולדות תנאים ואמוראים/ז/זבולון בן דן
toldot_tannaim:1710592,bio,,זבידא,,,100,תולדות תנאים ואמוראים/ז/זבידא
toldot_tannaim:1710591,list,amoraim,זבידא,,כל האמוראים ששם אביהם זבידא,92,תולדות תנאים ואמוראים/ז/זבידא (כל האמוראים ששם אביהם זבידא)
toldot_tannaim:1710596,list,,זבינא,,,50,תולדות תנאים ואמוראים/ז/זבינא
toldot_tannaim:1710597,bio,,זוגא,,,177,תולדות תנאים ואמוראים/ז/זוגא
toldot_tannaim:1710598,bio,,זוגא דמן חדייב,,,180,תולדות תנאים ואמוראים/ז/זוגא דמן חדייב
toldot_tannaim:1710599,bio,,זוגא קריביה דר' בא בר זבדי,,,40,תולדות תנאים ואמוראים/ז/זוגא קריביה דר' בא בר זבדי
toldot_tannaim:1710603,list,,זוטרא,,,74,תולדות תנאים ואמוראים/ז/זוטרא
toldot_tannaim:1710620,list,,זוטרתי,,,59,תולדות תנאים ואמוראים/ז/זוטרתי
toldot_tannaim:1710621,list,,זומא,,,27,תולדות תנאים ואמוראים/ז/זומא
toldot_tannaim:1710622,bio,,זונין,,,200,תולדות תנאים ואמוראים/ז/זונין
toldot_tannaim:1710623,xref,,זזא,,,11,תולדות תנאים ואמוראים/ז/זזא
toldot_tannaim:1710624,bio,,זיגוד,,,123,תולדות תנאים ואמוראים/ז/זיגוד
toldot_tannaim:1710625,list,,זידל,,,32,תולדות תנאים ואמוראים/ז/זידל
toldot_tannaim:1710626,bio,,זיואי,,,141,תולדות תנאים ואמוראים/ז/זיואי
toldot_tannaim:1710627,bio,,זיותאי,,,261,תולדות תנאים ואמוראים/ז/זיותאי
toldot_tannaim:1710628,xref,,זילאי,,,10,תולדות תנאים ואמוראים/ז/זילאי
toldot_tannaim:1710630,list,,זירא,,,29,תולדות תנאים ואמוראים/ז/זירא
toldot_tannaim:1710640,list,,זירוד,,,26,תולדות תנאים ואמוראים/ז/זירוד
toldot_tannaim:1710696,bio,,זירוז,,,57,תולדות תנאים ואמוראים/ז/זירוז
toldot_tannaim:1710641,list,,זירי,,,36,תולדות תנאים ואמוראים/ז/זירי
toldot_tannaim:1710642,list,,זכאי,,,97,תולדות תנאים ואמוראים/ז/זכאי
toldot_tannaim:1710648,bio,,זכיי טבחא,,,151,תולדות תנאים ואמוראים/ז/זכיי טבחא
toldot_tannaim:1710650,list,,זכריה,,,91,תולדות תנאים ואמוראים/ז/זכריה
toldot_tannaim:1710656,list,,זמינא,,,57,תולדות תנאים ואמוראים/ז/זמינא
toldot_tannaim:1710658,list,,זמרא,,,77,תולדות תנאים ואמוראים/ז/זמרא
toldot_tannaim:1710659,xref,,זעור בר חיננא,,,22,תולדות תנאים ואמוראים/ז/זעור בר חיננא
toldot_tannaim:1710660,list,,זעירא,,,145,תולדות תנאים ואמוראים/ז/זעירא
toldot_tannaim:1710661,bio,,זעירא,,,331,תולדות תנאים ואמוראים/ז/זעירא א)
toldot_tannaim:1710666,bio,,זעירא בר חייא בר אשי,,,148,תולדות תנאים ואמוראים/ז/זעירא בר חייא בר אשי
toldot_tannaim:1710667,bio,,זעירא בר חמא,,,343,תולדות תנאים ואמוראים/ז/זעירא בר חמא
toldot_tannaim:1710671,bio,,זעירא יתמא,,,90,תולדות תנאים ואמוראים/ז/זעירא יתמא
toldot_tannaim:1710669,bio,,זעירא מדיהבות,,,58,תולדות תנאים ואמוראים/ז/זעירא מדיהבות
toldot_tannaim:1710699,bio,,זעירי,,,1386,תולדות תנאים ואמוראים/ז/זעירי א)
toldot_tannaim:1710700,bio,,זעירי,,,1443,תולדות תנאים ואמוראים/ז/זעירי ב)
toldot_tannaim:1710702,list,,זקני דרום,,,203,תולדות תנאים ואמוראים/ז/זקני דרום
toldot_tannaim:1710701,list,,זקני הגליל,,,333,תולדות תנאים ואמוראים/ז/זקני הגליל
toldot_tannaim:1710703,bio,,זקנים הראשונים,,,782,תולדות תנאים ואמוראים/ז/זקנים הראשונים
toldot_tannaim:1710707,list,,זרנוקי,,,30,תולדות תנאים ואמוראים/ז/זרנוקי
toldot_tannaim:1710606,bio,,מר זוטרא,,,3030,תולדות תנאים ואמוראים/ז/מר זוטרא
toldot_tannaim:1710607,bio,,מר זוטרא בר אבדימי,,,54,תולדות תנאים ואמוראים/ז/מר זוטרא בר אבדימי
toldot_tannaim:1710608,bio,,מר זוטרא בריה דרב הונא בריה דרב פפי,,,21,תולדות תנאים ואמוראים/ז/מר זוטרא בריה דרב הונא בריה דרב פפי
toldot_tannaim:1710610,bio,,מר זוטרא בריה דרב טבי,,,21,תולדות תנאים ואמוראים/ז/מר זוטרא בריה דרב טבי
toldot_tannaim:1710613,bio,,מר זוטרא בריה דרב מרי,,,1219,תולדות תנאים ואמוראים/ז/מר זוטרא בריה דרב מרי
toldot_tannaim:1710614,bio,,מר זוטרא בריה דרב נחמן,,,1118,תולדות תנאים ואמוראים/ז/מר זוטרא בריה דרב נחמן
toldot_tannaim:1710615,bio,,מר זוטרא זוטא,,,306,תולדות תנאים ואמוראים/ז/מר זוטרא זוטא
toldot_tannaim:1710616,bio,,מר זוטרא חסידא,,,854,תולדות תנאים ואמוראים/ז/מר זוטרא חסידא
toldot_tannaim:1710617,bio,,מר זוטרא מדרישבא,,,165,תולדות תנאים ואמוראים/ז/מר זוטרא מדרישבא
toldot_tannaim:1710618,bio,,מר זוטרא רבה,,,271,תולדות תנאים ואמוראים/ז/מר זוטרא רבה
toldot_tannaim:1710578,bio,,ר' זבדי בריה דר' יעקב בר זבדי,,,74,תולדות תנאים ואמוראים/ז/ר' זבדי בריה דר' יעקב בר זבדי
toldot_tannaim:1710580,bio,,ר' זבדי חתניה דר' לוי,,,420,תולדות תנאים ואמוראים/ז/ר' זבדי חתניה דר' לוי
toldot_tannaim:1710593,bio,,ר' זבידא,,,428,תולדות תנאים ואמוראים/ז/ר' זבידא
toldot_tannaim:1710601,bio,,ר' זוהמאי,,,184,תולדות תנאים ואמוראים/ז/ר' זוהמאי
toldot_tannaim:1710629,bio,,ר' זינון החזן,,,209,תולדות תנאים ואמוראים/ז/ר' זינון החזן
toldot_tannaim:1710631,list,,ר' זירא,,,100,תולדות תנאים ואמוראים/ז/ר' זירא
toldot_tannaim:1710632,bio,,ר' זירא,ר' זעירא,,29695,"תולדות תנאים ואמוראים/ז/ר' זירא, ובירושלמי ר' זעירא"
toldot_tannaim:1710633,bio,,ר' זירא,,,3784,תולדות תנאים ואמוראים/ז/ר' זירא ב)
toldot_tannaim:1710634,bio,,ר' זירא בר אבא,,,53,תולדות תנאים ואמוראים/ז/ר' זירא בר אבא
toldot_tannaim:1710635,bio,,ר' זירא בר אדא,,,108,תולדות תנאים ואמוראים/ז/ר' זירא בר אדא
toldot_tannaim:1710637,bio,,ר' זירא בר ממל,,,51,תולדות תנאים ואמוראים/ז/ר' זירא בר ממל
toldot_tannaim:1710638,bio,,ר' זירא בר רב,,,61,תולדות תנאים ואמוראים/ז/ר' זירא בר רב
toldot_tannaim:1710639,bio,,ר' זירא ריש כנישתא דציפורי,,,202,תולדות תנאים ואמוראים/ז/ר' זירא ריש כנישתא דציפורי
toldot_tannaim:1710643,bio,,ר' זכאי,,,649,תולדות תנאים ואמוראים/ז/ר' זכאי
toldot_tannaim:1710644,bio,amoraim,ר' זכאי,,אמורא,745,תולדות תנאים ואמוראים/ז/ר' זכאי (אמורא)
toldot_tannaim:1710645,bio,,ר' זכאי דאלכסנדריאה,,,430,תולדות תנאים ואמוראים/ז/ר' זכאי דאלכסנדריאה
toldot_tannaim:1710646,bio,,ר' זכאי דכבול,,,352,תולדות תנאים ואמוראים/ז/ר' זכאי דכבול
toldot_tannaim:1710647,bio,,ר' זכאי דשאב,,,100,תולדות תנאים ואמוראים/ז/ר' זכאי דשאב
toldot_tannaim:1710649,bio,,ר' זכאי רבה,,,74,תולדות תנאים ואמוראים/ז/ר' זכאי רבה
toldot_tannaim:1710651,bio,,ר' זכריה,,,262,תולדות תנאים ואמוראים/ז/ר' זכריה
toldot_tannaim:1710652,bio,,ר' זכריה בן אבקולס,,,496,תולדות תנאים ואמוראים/ז/ר' זכריה בן אבקולס
toldot_tannaim:1710653,bio,,ר' זכריה בן הקצב הכהן,,,928,תולדות תנאים ואמוראים/ז/ר' זכריה בן הקצב הכהן
toldot_tannaim:1710654,bio,,ר' זכריה בן קבוטל,,,504,תולדות תנאים ואמוראים/ז/ר' זכריה בן קבוטל
toldot_tannaim:1710655,bio,,ר' זכריה חתניה דר' לוי,,,760,תולדות תנאים ואמוראים/ז/ר' זכריה חתניה דר' לוי
toldot_tannaim:1710657,bio,,ר' זמינא,,,134,תולדות תנאים ואמוראים/ז/ר' זמינא
toldot_tannaim:1710662,list,,ר' זעירא,,,66,תולדות תנאים ואמוראים/ז/ר' זעירא
toldot_tannaim:1710664,bio,,ר' זעירא בר אבונא,,,35,תולדות תנאים ואמוראים/ז/ר' זעירא בר אבונא
toldot_tannaim:1710665,bio,,ר' זעירא בר הלל,,,163,תולדות תנאים ואמוראים/ז/ר' זעירא בר הלל
toldot_tannaim:1710636,bio,,ר' זעירא בר זביד,,,167,תולדות תנאים ואמוראים/ז/ר' זעירא בר זביד
toldot_tannaim:1710668,bio,,ר' זעירא בר חנינא,,,359,תולדות תנאים ואמוראים/ז/ר' זעירא בר חנינא
toldot_tannaim:1710663,bio,,ר' זעירא בריה דר' אבהו,,,208,תולדות תנאים ואמוראים/ז/ר' זעירא בריה דר' אבהו
toldot_tannaim:1710670,bio,,ר' זעירא דכפר ראמין,,,97,תולדות תנאים ואמוראים/ז/ר' זעירא דכפר ראמין
toldot_tannaim:1710698,bio,,ר' זעירא תנאי אחוה דר' חייא בר אבא,,,156,תולדות תנאים ואמוראים/ז/ר' זעירא תנאי אחוה דר' חייא בר אבא
toldot_tannaim:1710704,bio,tannaim,ר' זריקא,,תנא,178,תולדות תנאים ואמוראים/ז/ר' זריקא (תנא)
toldot_tannaim:1710705,bio,,ר' זריקא ובירושלמי ר' זריקן,,,3377,תולדות תנאים ואמוראים/ז/ר' זריקא ובירושלמי ר' זריקן
toldot_tannaim:1710706,bio,,ר' זריקן בר חמוי דר' זריקן,,,49,תולדות תנאים ואמוראים/ז/ר' זריקן בר חמוי דר' זריקן
toldot_tannaim:1710577,bio,,רב זבדי,,,22,תולדות תנאים ואמוראים/ז/רב זבדי
toldot_tannaim:1710583,bio,,רב זביד,,,360,תולדות תנאים ואמוראים/ז/רב זביד א)
toldot_tannaim:1710586,bio,,רב זביד אבוה דר' שמעון בר זביד,,,260,תולדות תנאים ואמוראים/ז/רב זביד אבוה דר' שמעון בר זביד
toldot_tannaim:1710584,bio,,רב זביד,,,1682,תולדות תנאים ואמוראים/ז/רב זביד ב)
toldot_tannaim:1710585,xref,,רב זביד בר אושעיא,,,15,תולדות תנאים ואמוראים/ז/רב זביד בר אושעיא
toldot_tannaim:1710587,bio,,רב זביד מנהרדעא,,,829,תולדות תנאים ואמוראים/ז/רב זביד מנהרדעא
toldot_tannaim:1710602,bio,,רב זוטי דבי רב פפי,,,217,תולדות תנאים ואמוראים/ז/רב זוטי דבי רב פפי
toldot_tannaim:1710605,bio,,רב זוטרא,,,250,תולדות תנאים ואמוראים/ז/רב זוטרא
toldot_tannaim:1710611,bio,,רב זוטרא בר טוביא,,,222,תולדות תנאים ואמוראים/ז/רב זוטרא בר טוביא
toldot_tannaim:1710612,bio,,רב זוטרא בר טוביה,,,696,תולדות תנאים ואמוראים/ז/רב זוטרא בר טוביה
toldot_tannaim:1710609,bio,,רב זוטרא בריה דרב זירא,,,115,תולדות תנאים ואמוראים/ז/רב זוטרא בריה דרב זירא
toldot_tannaim:1710619,bio,,רב זוטראי,,,119,תולדות תנאים ואמוראים/ז/רב זוטראי
toldot_tannaim:1710604,bio,,רבי זוטרא,,,261,תולדות תנאים ואמוראים/ז/רבי זוטרא
toldot_tannaim:1710729,bio,,אבא חגרת,,,269,תולדות תנאים ואמוראים/ח/אבא חגרת
toldot_tannaim:1716947,bio,,אבא חילפא בן קרויא,,,69,תולדות תנאים ואמוראים/ח/אבא חילפא בן קרויא
toldot_tannaim:1716955,bio,,אבא חליפא קרויא,,,281,תולדות תנאים ואמוראים/ח/אבא חליפא קרויא
toldot_tannaim:1716953,xref,,אבא חלפי,,,17,תולדות תנאים ואמוראים/ח/אבא חלפי
toldot_tannaim:1717136,bio,,אבא חלקיה בר בריה דחוני המעגל,,,1580,תולדות תנאים ואמוראים/ח/אבא חלקיה בר בריה דחוני המעגל
toldot_tannaim:1717141,bio,,אבא חלקיה מן קרויה,,,99,תולדות תנאים ואמוראים/ח/אבא חלקיה מן קרויה
toldot_tannaim:1717305,bio,tannaim,אבא חנן,,תנא דברייתא,738,תולדות תנאים ואמוראים/ח/אבא חנן (תנא דברייתא)
toldot_tannaim:1710710,list,,חבו,,,47,תולדות תנאים ואמוראים/ח/חבו
toldot_tannaim:1710711,bio,,חבי בר ננאי,,,200,תולדות תנאים ואמוראים/ח/חבי בר ננאי
toldot_tannaim:1710712,list,,חביבא,,,62,תולדות תנאים ואמוראים/ח/חביבא
toldot_tannaim:1710720,bio,,חביבי,,,103,תולדות תנאים ואמוראים/ח/חביבי
toldot_tannaim:1710726,list,,חגי,,,56,תולדות תנאים ואמוראים/ח/חגי
toldot_tannaim:1710728,bio,,חגרא אחיו דר' בא בר בינא,,,76,תולדות תנאים ואמוראים/ח/חגרא אחיו דר' בא בר בינא
toldot_tannaim:1710732,bio,,חובה,,,204,תולדות תנאים ואמוראים/ח/חובה
toldot_tannaim:1710731,list,amoraim,חובה,,אמוראים ששם אביהם חובה,58,תולדות תנאים ואמוראים/ח/חובה (אמוראים ששם אביהם חובה)
toldot_tannaim:1710733,list,,חוטה,,,30,תולדות תנאים ואמוראים/ח/חוטה
toldot_tannaim:1710734,bio,,חולפנא,,,58,תולדות תנאים ואמוראים/ח/חולפנא
toldot_tannaim:382789,bio,,חומה,,,669,תולדות תנאים ואמוראים/ח/חומה
toldot_tannaim:375083,list,,חוני,,,58,תולדות תנאים ואמוראים/ח/חוני
toldot_tannaim:375084,bio,,חוני המעגל,,,3120,תולדות תנאים ואמוראים/ח/חוני המעגל
toldot_tannaim:375087,bio,,חוני הקטן,,,86,תולדות תנאים ואמוראים/ח/חוני הקטן
toldot_tannaim:375112,bio,,חוניא בן יוסף בן פכסס הכהן,,,217,תולדות תנאים ואמוראים/ח/חוניא בן יוסף בן פכסס הכהן
toldot_tannaim:375377,bio,,חורני,חורנית,,62,תולדות תנאים ואמוראים/ח/חורני או חורנית
toldot_tannaim:375381,bio,,חזקיה,,,4781,תולדות תנאים ואמוראים/ח/חזקיה
toldot_tannaim:375651,bio,,חזקיה אבי עיקש,,,137,תולדות תנאים ואמוראים/ח/חזקיה אבי עיקש
toldot_tannaim:375652,bio,,חזקיה אחיו של הלל,,,126,תולדות תנאים ואמוראים/ח/חזקיה אחיו של הלל
toldot_tannaim:1710747,bio,,חזקיה בן בתו של רב,,,57,תולדות תנאים ואמוראים/ח/חזקיה בן בתו של רב
toldot_tannaim:375654,bio,,חזקיה בן גוריון,חזקיה בן גרון,,194,תולדות תנאים ואמוראים/ח/חזקיה בן גוריון או גרון
toldot_tannaim:375653,bio,,חזקיה בר בילוטו,,,33,תולדות תנאים ואמוראים/ח/חזקיה בר בילוטו
toldot_tannaim:375655,bio,,חזקיה בריה דר' חייא בריה דרב כהנא,,,34,תולדות תנאים ואמוראים/ח/חזקיה בריה דר' חייא בריה דרב כהנא
toldot_tannaim:1710742,bio,,חזקיה בריה דר' פרנך,,,19,תולדות תנאים ואמוראים/ח/חזקיה בריה דר' פרנך
toldot_tannaim:1710750,bio,,חזקיה תורגמינא,,,669,תולדות תנאים ואמוראים/ח/חזקיה תורגמינא
toldot_tannaim:1710752,xref,,חטיא,,,12,תולדות תנאים ואמוראים/ח/חטיא
toldot_tannaim:1710854,bio,,חיואי,,,48,תולדות תנאים ואמוראים/ח/חיואי
toldot_tannaim:1710855,list,,חיון,,,25,תולדות תנאים ואמוראים/ח/חיון
toldot_tannaim:1710753,list,,חייא,או רב חייא,,541,"תולדות תנאים ואמוראים/ח/חייא, או רב חייא"
toldot_tannaim:1716883,bio,,חייא בר אחא,,,42,תולדות תנאים ואמוראים/ח/חייא בר אחא
toldot_tannaim:1716920,bio,,חייא בר רב,,,1821,תולדות תנאים ואמוראים/ח/חייא בר רב
toldot_tannaim:1716929,bio,,חייא חוזאה,,,101,תולדות תנאים ואמוראים/ח/חייא חוזאה
toldot_tannaim:1716934,bio,,חייא מחגרא,,,435,תולדות תנאים ואמוראים/ח/חייא מחגרא
toldot_tannaim:1716940,bio,,חייתא,,,131,תולדות תנאים ואמוראים/ח/חייתא
toldot_tannaim:1716942,bio,,חילפא בר אגרא,,,168,תולדות תנאים ואמוראים/ח/חילפא בר אגרא
toldot_tannaim:1716946,bio,,חילפא בר אידי,,,90,תולדות תנאים ואמוראים/ח/חילפא בר אידי
toldot_tannaim:1716949,bio,,חילפי בר סומקאי,,,23,תולדות תנאים ואמוראים/ח/חילפי בר סומקאי
toldot_tannaim:1716950,xref,,חילפיי,חלפי,,10,תולדות תנאים ואמוראים/ח/חילפיי או חלפי
toldot_tannaim:1716956,list,,חילקאי,,,55,תולדות תנאים ואמוראים/ח/חילקאי
toldot_tannaim:1716957,xref,,חיננא,,,10,תולדות תנאים ואמוראים/ח/חיננא
toldot_tannaim:1717400,list,amoraim,חיננא,,אמוראים ששם אביהם חיננא,245,תולדות תנאים ואמוראים/ח/חיננא (אמוראים ששם אביהם חיננא)
toldot_tannaim:1717423,bio,,חיננא קרתיגנאה,,,101,תולדות תנאים ואמוראים/ח/חיננא קרתיגנאה
toldot_tannaim:1716958,xref,,חיפא,,,9,תולדות תנאים ואמוראים/ח/חיפא
toldot_tannaim:1716960,list,,"חכמי אוה""ע",,,137,"תולדות תנאים ואמוראים/ח/חכמי אוה""ע"
toldot_tannaim:1717117,list,,חלוב,,,53,תולדות תנאים ואמוראים/ח/חלוב
toldot_tannaim:1717118,list,,חלוון,,,26,תולדות תנאים ואמוראים/ח/חלוון
toldot_tannaim:1717119,list,,חלוקה,,,47,תולדות תנאים ואמוראים/ח/חלוקה
toldot_tannaim:1717120,list,,חלי,,,68,תולדות תנאים ואמוראים/ח/חלי
toldot_tannaim:1717121,bio,,חלנוסי,חלניסי,,91,תולדות תנאים ואמוראים/ח/חלנוסי או חלניסי
toldot_tannaim:1716954,xref,,חלפי בר זביד,,,21,תולדות תנאים ואמוראים/ח/חלפי בר זביד
toldot_tannaim:1717123,list,,חלפתא,,,101,תולדות תנאים ואמוראים/ח/חלפתא
toldot_tannaim:1717134,list,,חלקיה,,,79,תולדות תנאים ואמוראים/ח/חלקיה
toldot_tannaim:1717142,list,,חמא,,,344,תולדות תנאים ואמוראים/ח/חמא
toldot_tannaim:1717146,bio,,חמא אבוה דרב יוסף,,,104,תולדות תנאים ואמוראים/ח/חמא אבוה דרב יוסף
toldot_tannaim:1717157,xref,,חמא בר דוסא,,,15,תולדות תנאים ואמוראים/ח/חמא בר דוסא
toldot_tannaim:1717163,bio,,חמא בר חסא,,,164,תולדות תנאים ואמוראים/ח/חמא בר חסא
toldot_tannaim:1717173,list,,חנא,,,53,תולדות תנאים ואמוראים/ח/חנא
toldot_tannaim:1717215,redirect,,חנא אבי אבא,,,0,תולדות תנאים ואמוראים/ח/חנא אבי אבא
toldot_tannaim:1717176,bio,,חנא אבי רבה,,,147,תולדות תנאים ואמוראים/ח/חנא אבי רבה
toldot_tannaim:1717181,bio,,חנא בר איסק,,,56,תולדות תנאים ואמוראים/ח/חנא בר איסק
toldot_tannaim:375120,bio,,חניו בנו השני דשמעון הצדיק,,,675,תולדות תנאים ואמוראים/ח/חניו בנו השני דשמעון הצדיק
toldot_tannaim:1717200,list,,חנין,,,65,תולדות תנאים ואמוראים/ח/חנין
toldot_tannaim:1717201,bio,tannaim,חנין,,בזמן הבית,110,תולדות תנאים ואמוראים/ח/חנין (בזמן הבית)
toldot_tannaim:1717297,bio,,חנין בר פנחס,,,134,תולדות תנאים ואמוראים/ח/חנין בר פנחס
toldot_tannaim:1717424,list,,חנינא,,,523,תולדות תנאים ואמוראים/ח/חנינא
toldot_tannaim:1717304,xref,,חנמאל,חננאל,,17,"תולדות תנאים ואמוראים/ח/חנמאל, חננאל"
toldot_tannaim:1717387,list,,חנן,,,176,תולדות תנאים ואמוראים/ח/חנן
toldot_tannaim:1717311,bio,,חנן בישא,,,239,תולדות תנאים ואמוראים/ח/חנן בישא
toldot_tannaim:1717313,bio,,חנן בר אבישלום,,,236,תולדות תנאים ואמוראים/ח/חנן בר אבישלום
toldot_tannaim:1717318,xref,,חנן בר בא,,,18,תולדות תנאים ואמוראים/ח/חנן בר בא
toldot_tannaim:1717327,xref,,חנן בר פנחס,,,17,תולדות תנאים ואמוראים/ח/חנן בר פנחס
toldot_tannaim:1717392,bio,,חנן המצרי,,,245,תולדות תנאים ואמוראים/ח/חנן המצרי
toldot_tannaim:1717393,bio,,חנן הנחבא,,,489,תולדות תנאים ואמוראים/ח/חנן הנחבא
toldot_tannaim:1717394,bio,,חנן חייטא,,,393,תולדות תנאים ואמוראים/ח/חנן חייטא
toldot_tannaim:1717397,bio,,חנן מגופתייה,,,125,תולדות תנאים ואמוראים/ח/חנן מגופתייה
toldot_tannaim:1709529,list,,חנניה,,,218,תולדות תנאים ואמוראים/ח/חנניה
toldot_tannaim:1710722,bio,,ר' חגא,ר' חגי,,1746,תולדות תנאים ואמוראים/ח/ר' חגא או חגי ב)
toldot_tannaim:1710723,bio,,ר' חגא דצפורי,,,95,תולדות תנאים ואמוראים/ח/ר' חגא דצפורי
toldot_tannaim:1710724,bio,,ר' חגא חתניה דרב אדא בר אהבה,,,50,תולדות תנאים ואמוראים/ח/ר' חגא חתניה דרב אדא בר אהבה
toldot_tannaim:1710725,bio,,ר' חגאי,,,57,תולדות תנאים ואמוראים/ח/ר' חגאי
toldot_tannaim:1710727,bio,,ר' חגי בן אלעזר,,,64,תולדות תנאים ואמוראים/ח/ר' חגי בן אלעזר
toldot_tannaim:1710730,bio,,ר' חדקא,,,582,תולדות תנאים ואמוראים/ח/ר' חדקא
toldot_tannaim:375078,bio,,ר' חונה בר חמא,,,20,תולדות תנאים ואמוראים/ח/ר' חונה בר חמא
toldot_tannaim:375081,xref,,ר' חונה דציפורין,,,8,תולדות תנאים ואמוראים/ח/ר' חונה דציפורין
toldot_tannaim:375082,xref,,ר' חונה ספרא דסדרא,,,8,תולדות תנאים ואמוראים/ח/ר' חונה ספרא דסדרא
toldot_tannaim:375110,bio,,ר' חוניא,,,439,תולדות תנאים ואמוראים/ח/ר' חוניא
toldot_tannaim:375111,bio,,ר' חוניא בר אלעזר,,,23,תולדות תנאים ואמוראים/ח/ר' חוניא בר אלעזר
toldot_tannaim:375113,bio,,ר' חוניא דברת חוורן,,,2084,תולדות תנאים ואמוראים/ח/ר' חוניא דברת חוורן
toldot_tannaim:375119,xref,,ר' חוניא חמוהי דר' אמי,,,140,תולדות תנאים ואמוראים/ח/ר' חוניא חמוהי דר' אמי
toldot_tannaim:375376,bio,,ר' חוצפית המתורגמן,,,754,תולדות תנאים ואמוראים/ח/ר' חוצפית המתורגמן
toldot_tannaim:375580,bio,,ר' חזקיה,,,785,תולדות תנאים ואמוראים/ח/ר' חזקיה
toldot_tannaim:375581,bio,amoraim,ר' חזקיה,,"אמורא בא""י בדור הרביעי",2321,"תולדות תנאים ואמוראים/ח/ר' חזקיה (אמורא בא""י בדור הרביעי)"
toldot_tannaim:375656,bio,,ר' חזקיה בר יעקב בר אחא,,,110,תולדות תנאים ואמוראים/ח/ר' חזקיה בר יעקב בר אחא
toldot_tannaim:1710741,bio,,ר' חזקיה בר ירמיה,,,165,תולדות תנאים ואמוראים/ח/ר' חזקיה בר ירמיה
toldot_tannaim:1710748,bio,,ר' חזקיה חוקוק,,,369,תולדות תנאים ואמוראים/ח/ר' חזקיה חוקוק
toldot_tannaim:1710749,bio,,ר' חזקיה עכייה,,,71,תולדות תנאים ואמוראים/ח/ר' חזקיה עכייה
toldot_tannaim:1710754,bio,,ר' חייא,,,26008,תולדות תנאים ואמוראים/ח/ר' חייא
toldot_tannaim:1716871,bio,,ר' חייא אביו של ר' אחא,,,147,תולדות תנאים ואמוראים/ח/ר' חייא אביו של ר' אחא
toldot_tannaim:1716872,bio,,ר' חייא אביו של ר' ברכיה,,,140,תולדות תנאים ואמוראים/ח/ר' חייא אביו של ר' ברכיה
toldot_tannaim:1716873,bio,,ר' חייא איש כפר עכו,,,24,תולדות תנאים ואמוראים/ח/ר' חייא איש כפר עכו
toldot_tannaim:1716874,bio,,ר' חייא אריכא,,,431,תולדות תנאים ואמוראים/ח/ר' חייא אריכא
toldot_tannaim:1716875,bio,,ר' חייא בר אבא דמן יפו,,,51,תולדות תנאים ואמוראים/ח/ר' חייא בר אבא דמן יפו
toldot_tannaim:1716876,bio,,ר' חייא בר אבא הכהן,,,12590,תולדות תנאים ואמוראים/ח/ר' חייא בר אבא הכהן
toldot_tannaim:1716877,bio,,ר' חייא בר אבויה,,,570,תולדות תנאים ואמוראים/ח/ר' חייא בר אבויה
toldot_tannaim:1716878,bio,,ר' חייא בר אבין,,,3223,תולדות תנאים ואמוראים/ח/ר' חייא בר אבין
toldot_tannaim:1716879,bio,,ר' חייא בר אדא,,,748,תולדות תנאים ואמוראים/ח/ר' חייא בר אדא א)
toldot_tannaim:1716880,bio,,ר' חייא בר אדא,,,658,תולדות תנאים ואמוראים/ח/ר' חייא בר אדא ב)
toldot_tannaim:1716885,bio,,ר' חייא בר אמי,,,778,תולדות תנאים ואמוראים/ח/ר' חייא בר אמי
toldot_tannaim:1716888,bio,,ר' חייא בר ברתיה דר' ברכיה,,,119,תולדות תנאים ואמוראים/ח/ר' חייא בר ברתיה דר' ברכיה
toldot_tannaim:1716889,bio,,ר' חייא בר גוריא,,,25,תולדות תנאים ואמוראים/ח/ר' חייא בר גוריא
toldot_tannaim:1716890,bio,,ר' חייא בר גמדא,,,669,תולדות תנאים ואמוראים/ח/ר' חייא בר גמדא
toldot_tannaim:1716892,bio,,ר' חייא בר זבדא,,,16,תולדות תנאים ואמוראים/ח/ר' חייא בר זבדא
toldot_tannaim:1716893,bio,,ר' חייא בר זעירא,,,186,תולדות תנאים ואמוראים/ח/ר' חייא בר זעירא
toldot_tannaim:1716894,bio,,ר' חייא בר זרנוקי,,,469,תולדות תנאים ואמוראים/ח/ר' חייא בר זרנוקי
toldot_tannaim:1716897,bio,,ר' חייא בר חיננא,ר' חייא בר חנינא,,99,תולדות תנאים ואמוראים/ח/ר' חייא בר חיננא או חנינא
toldot_tannaim:1716896,bio,,ר' חייא בר חמא,,,67,תולדות תנאים ואמוראים/ח/ר' חייא בר חמא
toldot_tannaim:1716898,bio,,ר' חייא בר טיטס,,,149,תולדות תנאים ואמוראים/ח/ר' חייא בר טיטס
toldot_tannaim:1716903,bio,,ר' חייא בר ינאי,,,125,תולדות תנאים ואמוראים/ח/ר' חייא בר ינאי
toldot_tannaim:1716904,bio,,ר' חייא בר יעקב,,,21,תולדות תנאים ואמוראים/ח/ר' חייא בר יעקב
toldot_tannaim:1716907,bio,,ר' חייא בר כהנא,,,42,תולדות תנאים ואמוראים/ח/ר' חייא בר כהנא
toldot_tannaim:1716908,bio,,ר' חייא בר לולייני,ר' חייא בר לוליבא | ר' חייא בר לוליתא,,578,תולדות תנאים ואמוראים/ח/ר' חייא בר לולייני–לוליבא–לוליתא
toldot_tannaim:1716910,bio,,ר' חייא בר מנחמא,,,33,תולדות תנאים ואמוראים/ח/ר' חייא בר מנחמא
toldot_tannaim:1716911,bio,,ר' חייא בר מרייה,ר' חייא בר מריה | ר' חייא בר מדייא,,351,תולדות תנאים ואמוראים/ח/ר' חייא בר מרייה–מריה–מדייא
toldot_tannaim:1716913,bio,,ר' חייא בר נחמן,ר' חייא בר נחמיה,,260,תולדות תנאים ואמוראים/ח/ר' חייא בר נחמן–נחמיה
toldot_tannaim:1716914,bio,,ר' חייא בר נחמני,,,65,תולדות תנאים ואמוראים/ח/ר' חייא בר נחמני
toldot_tannaim:1716916,bio,,ר' חייא בר עוקבה,,,45,תולדות תנאים ואמוראים/ח/ר' חייא בר עוקבה
toldot_tannaim:1716918,bio,,ר' חייא בר פפא,,,227,תולדות תנאים ואמוראים/ח/ר' חייא בר פפא
toldot_tannaim:1716922,bio,,ר' חייא בר רבא,,,83,תולדות תנאים ואמוראים/ח/ר' חייא בר רבא
toldot_tannaim:1716881,bio,,ר' חייא בריה דר' אדא דיפו,,,274,תולדות תנאים ואמוראים/ח/ר' חייא בריה דר' אדא דיפו
toldot_tannaim:1716895,xref,,ר' חייא בריה דר' חייא בר נחמני,,,31,תולדות תנאים ואמוראים/ח/ר' חייא בריה דר' חייא בר נחמני
toldot_tannaim:1716900,bio,,ר' חייא בריה דר' יוסי,,,17,תולדות תנאים ואמוראים/ח/ר' חייא בריה דר' יוסי
toldot_tannaim:1716925,bio,,ר' חייא בריה דר' שבתי,,,120,תולדות תנאים ואמוראים/ח/ר' חייא בריה דר' שבתי
toldot_tannaim:1717072,redirect,,ר' חייא בריה דרב אויא,,,0,תולדות תנאים ואמוראים/ח/ר' חייא בריה דרב אויא
toldot_tannaim:1716891,bio,,ר' חייא בריה דרב הונא,,,713,תולדות תנאים ואמוראים/ח/ר' חייא בריה דרב הונא
toldot_tannaim:1716906,bio,,ר' חייא בריה דרב יצחק עטושייא,,,355,תולדות תנאים ואמוראים/ח/ר' חייא בריה דרב יצחק עטושייא
toldot_tannaim:1717073,redirect,,ר' חייא בריה דרב נתן,,,0,תולדות תנאים ואמוראים/ח/ר' חייא בריה דרב נתן
toldot_tannaim:1716919,bio,,ר' חייא בריה דרב פפי,,,278,תולדות תנאים ואמוראים/ח/ר' חייא בריה דרב פפי
toldot_tannaim:1716909,bio,,ר' חייא ברמזא,,,2212,תולדות תנאים ואמוראים/ח/ר' חייא ברמזא
toldot_tannaim:1716926,bio,,ר' חייא דכפר חנון,,,190,תולדות תנאים ואמוראים/ח/ר' חייא דכפר חנון
toldot_tannaim:1716927,bio,,ר' חייא דכפר תחומין,,,279,תולדות תנאים ואמוראים/ח/ר' חייא דכפר תחומין
toldot_tannaim:1716928,xref,,ר' חייא הכהן,,,27,תולדות תנאים ואמוראים/ח/ר' חייא הכהן
toldot_tannaim:1716930,xref,,ר' חייא כרוזא,,,18,תולדות תנאים ואמוראים/ח/ר' חייא כרוזא
toldot_tannaim:1716931,bio,,ר' חייא כתובה,,,61,תולדות תנאים ואמוראים/ח/ר' חייא כתובה
toldot_tannaim:1716932,bio,,ר' חייא מאבל ערב,,,417,תולדות תנאים ואמוראים/ח/ר' חייא מאבל ערב
toldot_tannaim:1717074,redirect,,ר' חייא מהורמיז ארדשיד,,,0,תולדות תנאים ואמוראים/ח/ר' חייא מהורמיז ארדשיד
toldot_tannaim:1716935,bio,,ר' חייא מווסתניא,,,388,תולדות תנאים ואמוראים/ח/ר' חייא מווסתניא
toldot_tannaim:1716936,bio,,ר' חייא פרוואה,,,70,תולדות תנאים ואמוראים/ח/ר' חייא פרוואה
toldot_tannaim:1716937,bio,,ר' חייא ציפוראי,,,408,תולדות תנאים ואמוראים/ח/ר' חייא ציפוראי
toldot_tannaim:1716938,bio,,ר' חייא קטוספאה,,,114,תולדות תנאים ואמוראים/ח/ר' חייא קטוספאה
toldot_tannaim:1716939,bio,,ר' חייא קרא,,,114,תולדות תנאים ואמוראים/ח/ר' חייא קרא
toldot_tannaim:1716941,bio,,ר' חילא,,,133,תולדות תנאים ואמוראים/ח/ר' חילא
toldot_tannaim:1716948,bio,,ר' חילפא דרומיה,,,34,תולדות תנאים ואמוראים/ח/ר' חילפא דרומיה
toldot_tannaim:1716951,bio,,ר' חילפיי בר בריה דר' אבהו,,,201,תולדות תנאים ואמוראים/ח/ר' חילפיי בר בריה דר' אבהו
toldot_tannaim:1717403,bio,,ר' חיננא אבוה דבר ישיטה,,,69,תולדות תנאים ואמוראים/ח/ר' חיננא אבוה דבר ישיטה
toldot_tannaim:1717402,bio,,ר' חיננא אבוה דר' ינטה,,,126,תולדות תנאים ואמוראים/ח/ר' חיננא אבוה דר' ינטה
toldot_tannaim:1717412,bio,,ר' חיננא בי רבי חנניה,,,259,תולדות תנאים ואמוראים/ח/ר' חיננא בי רבי חנניה
toldot_tannaim:1717408,xref,,ר' חיננא בר אנדריי,,,23,תולדות תנאים ואמוראים/ח/ר' חיננא בר אנדריי
toldot_tannaim:1717415,bio,,ר' חיננא בר יצחק,,,823,תולדות תנאים ואמוראים/ח/ר' חיננא בר יצחק
toldot_tannaim:1717417,xref,,ר' חיננא בר פפא,,,17,תולדות תנאים ואמוראים/ח/ר' חיננא בר פפא
toldot_tannaim:1717409,bio,,ר' חיננא בריה דר' אסי,,,565,תולדות תנאים ואמוראים/ח/ר' חיננא בריה דר' אסי
toldot_tannaim:1716959,bio,,ר' חכינאי,,,206,תולדות תנאים ואמוראים/ח/ר' חכינאי
toldot_tannaim:1716961,bio,,ר' חלבו,,,2458,תולדות תנאים ואמוראים/ח/ר' חלבו
toldot_tannaim:1717116,bio,,ר' חלבו בקרוייה,,,117,תולדות תנאים ואמוראים/ח/ר' חלבו בקרוייה
toldot_tannaim:1717113,xref,,ר' חלבו בר חונה,,,105,תולדות תנאים ואמוראים/ח/ר' חלבו בר חונה
toldot_tannaim:1717115,bio,,ר' חלבו בר חילפא בר סמקאי,,,44,תולדות תנאים ואמוראים/ח/ר' חלבו בר חילפא בר סמקאי
toldot_tannaim:1717114,bio,,ר' חלבו בר חנן,,,95,תולדות תנאים ואמוראים/ח/ר' חלבו בר חנן
toldot_tannaim:1716952,bio,,ר' חליפי בר זטרי,,,131,תולדות תנאים ואמוראים/ח/ר' חליפי בר זטרי
toldot_tannaim:1717122,bio,,ר' חלפון,,,16,תולדות תנאים ואמוראים/ח/ר' חלפון
toldot_tannaim:1717124,bio,,ר' חלפתא,,,1935,תולדות תנאים ואמוראים/ח/ר' חלפתא
toldot_tannaim:1717126,bio,amoraim,ר' חלפתא,,אמורא,266,תולדות תנאים ואמוראים/ח/ר' חלפתא (אמורא)
toldot_tannaim:1717125,bio,,ר' חלפתא,,השני,414,תולדות תנאים ואמוראים/ח/ר' חלפתא (השני)
toldot_tannaim:1717130,bio,,ר' חלפתא בן קוינא,,,64,תולדות תנאים ואמוראים/ח/ר' חלפתא בן קוינא
toldot_tannaim:1717131,bio,,ר' חלפתא בן שאול,,,654,תולדות תנאים ואמוראים/ח/ר' חלפתא בן שאול
toldot_tannaim:1717128,xref,,ר' חלפתא בר יעקב,,,22,תולדות תנאים ואמוראים/ח/ר' חלפתא בר יעקב
toldot_tannaim:1717129,bio,,ר' חלפתא בר כהנא,,,62,תולדות תנאים ואמוראים/ח/ר' חלפתא בר כהנא
toldot_tannaim:1717212,redirect,,ר' חלפתא בר קוינא,,,0,תולדות תנאים ואמוראים/ח/ר' חלפתא בר קוינא
toldot_tannaim:1717132,bio,,ר' חלפתא דמן הוה,דמן הונא,דמן חיפא,209,תולדות תנאים ואמוראים/ח/ר' חלפתא דמן הוה–דמן הונא (דמן חיפא)
toldot_tannaim:1717133,bio,,ר' חלפתא קסריא,,,69,תולדות תנאים ואמוראים/ח/ר' חלפתא קסריא
toldot_tannaim:1717135,bio,,ר' חלקיה,,,760,תולדות תנאים ואמוראים/ח/ר' חלקיה
toldot_tannaim:1717139,xref,,ר' חלקיה הדרומי,,,19,תולדות תנאים ואמוראים/ח/ר' חלקיה הדרומי
toldot_tannaim:1717214,redirect,,ר' חמא,,,0,תולדות תנאים ואמוראים/ח/ר' חמא
toldot_tannaim:1717145,xref,,ר' חמא אבוה דר' אושעיא,,,19,תולדות תנאים ואמוראים/ח/ר' חמא אבוה דר' אושעיא
toldot_tannaim:1717147,bio,,ר' חמא אבי בר קפרא,,,71,תולדות תנאים ואמוראים/ח/ר' חמא אבי בר קפרא
toldot_tannaim:1717148,bio,,ר' חמא אריכא,,,90,תולדות תנאים ואמוראים/ח/ר' חמא אריכא
toldot_tannaim:1717166,bio,,ר' חמא בן לקיש,,,108,תולדות תנאים ואמוראים/ח/ר' חמא בן לקיש
toldot_tannaim:1717159,bio,,ר' חמא בר' חנינא,,הראשון,1660,תולדות תנאים ואמוראים/ח/ר' חמא בר' חנינא (הראשון)
toldot_tannaim:1717165,bio,,ר' חמא בר' יוסי,,,833,תולדות תנאים ואמוראים/ח/ר' חמא בר' יוסי
toldot_tannaim:1717151,bio,,ר' חמא בר אושעיא,,,307,תולדות תנאים ואמוראים/ח/ר' חמא בר אושעיא
toldot_tannaim:1717152,bio,,ר' חמא בר אשי,,,62,תולדות תנאים ואמוראים/ח/ר' חמא בר אשי
toldot_tannaim:1717213,redirect,,ר' חמא בר בוזי,,,0,תולדות תנאים ואמוראים/ח/ר' חמא בר בוזי
toldot_tannaim:1717154,bio,,ר' חמא בר ביסא,,,2191,תולדות תנאים ואמוראים/ח/ר' חמא בר ביסא
toldot_tannaim:1717160,redirect,,ר' חמא בר חנינא,,הראשון,0,תולדות תנאים ואמוראים/ח/ר' חמא בר חנינא (הראשון)
toldot_tannaim:1717161,bio,,ר' חמא בר חנינא,,,1630,תולדות תנאים ואמוראים/ח/ר' חמא בר חנינא ב)
toldot_tannaim:1717167,bio,,ר' חמא בר עוקבא,,,777,תולדות תנאים ואמוראים/ח/ר' חמא בר עוקבא
toldot_tannaim:1717171,bio,,ר' חמא דכפר תחומין,,,145,תולדות תנאים ואמוראים/ח/ר' חמא דכפר תחומין
toldot_tannaim:1717175,bio,,ר' חנא,,,260,תולדות תנאים ואמוראים/ח/ר' חנא
toldot_tannaim:1717178,bio,,ר' חנא בר אבא,,,155,תולדות תנאים ואמוראים/ח/ר' חנא בר אבא
toldot_tannaim:373514,redirect,,ר' חנא בר חנילאי,,,0,תולדות תנאים ואמוראים/ח/ר' חנא בר חנילאי
toldot_tannaim:1717187,bio,,ר' חנא בר ליוואי,,,55,תולדות תנאים ואמוראים/ח/ר' חנא בר ליוואי
toldot_tannaim:1717189,bio,,ר' חנא בר שאונה,,,195,תולדות תנאים ואמוראים/ח/ר' חנא בר שאונה
toldot_tannaim:1717192,xref,,ר' חנא ציפוראי,,,20,תולדות תנאים ואמוראים/ח/ר' חנא ציפוראי
toldot_tannaim:1717194,xref,,ר' חנא שאונה,,,20,תולדות תנאים ואמוראים/ח/ר' חנא שאונה
toldot_tannaim:1717196,bio,,ר' חנילאי,,,112,תולדות תנאים ואמוראים/ח/ר' חנילאי
toldot_tannaim:1717195,list,amoraim,ר' חנילאי,,אמוראים ששם אביהם חנילאי,123,תולדות תנאים ואמוראים/ח/ר' חנילאי (אמוראים ששם אביהם חנילאי)
toldot_tannaim:1717217,redirect,,ר' חנילאי בר אידי,,,0,תולדות תנאים ואמוראים/ח/ר' חנילאי בר אידי
toldot_tannaim:1717198,bio,,ר' חנילאי בר חנילאי,,,83,תולדות תנאים ואמוראים/ח/ר' חנילאי בר חנילאי
toldot_tannaim:1717218,redirect,,ר' חנילאי מחוזנאי,,,0,תולדות תנאים ואמוראים/ח/ר' חנילאי מחוזנאי
toldot_tannaim:1717202,bio,tannaim,ר' חנין,,תנא,60,תולדות תנאים ואמוראים/ח/ר' חנין (תנא)
toldot_tannaim:1717207,bio,,ר' חנין בר אדא,,,22,תולדות תנאים ואמוראים/ח/ר' חנין בר אדא
toldot_tannaim:1717296,bio,,ר' חנין בר לוי,,,282,תולדות תנאים ואמוראים/ח/ר' חנין בר לוי
toldot_tannaim:1717300,bio,,ר' חנין בריה דרבי,,,276,תולדות תנאים ואמוראים/ח/ר' חנין בריה דרבי
toldot_tannaim:1717301,xref,,ר' חנין דציפורי,,,18,תולדות תנאים ואמוראים/ח/ר' חנין דציפורי
toldot_tannaim:1717302,bio,,ר' חנין חתניה דבי נשיאה,,,118,תולדות תנאים ואמוראים/ח/ר' חנין חתניה דבי נשיאה
toldot_tannaim:1717425,bio,tannaim,ר' חנינא,,תנא דברייתא,900,תולדות תנאים ואמוראים/ח/ר' חנינא (תנא דברייתא)
toldot_tannaim:1717426,bio,,ר' חנינא אביו של ר' אחא,,,195,תולדות תנאים ואמוראים/ח/ר' חנינא אביו של ר' אחא
toldot_tannaim:1717427,bio,,ר' חנינא אחוה דר' מנא,,,69,תולדות תנאים ואמוראים/ח/ר' חנינא אחוה דר' מנא ב)
toldot_tannaim:1709533,redirect,,ר' חנינא אחי ר' אחא בר' חנינא,,,0,תולדות תנאים ואמוראים/ח/ר' חנינא אחי ר' אחא בר' חנינא
toldot_tannaim:1717429,bio,,ר' חנינא איש אונו,,,270,תולדות תנאים ואמוראים/ח/ר' חנינא איש אונו
toldot_tannaim:1717435,bio,,ר' חנינא בן אורי,,,82,תולדות תנאים ואמוראים/ח/ר' חנינא בן אורי
toldot_tannaim:1717443,bio,,ר' חנינא בן אנטיגנוס,,,2387,תולדות תנאים ואמוראים/ח/ר' חנינא בן אנטיגנוס
toldot_tannaim:1717445,bio,,ר' חנינא בן גמלא,,,339,תולדות תנאים ואמוראים/ח/ר' חנינא בן גמלא
toldot_tannaim:1717446,bio,,ר' חנינא בן גמליאל,,,3243,תולדות תנאים ואמוראים/ח/ר' חנינא בן גמליאל
toldot_tannaim:1717447,bio,,ר' חנינא בן דוסא,,,6837,תולדות תנאים ואמוראים/ח/ר' חנינא בן דוסא
toldot_tannaim:381057,bio,,ר' חנינא בן פזי,,,292,תולדות תנאים ואמוראים/ח/ר' חנינא בן פזי
toldot_tannaim:1717437,bio,,ר' חנינא בר אידי,,,203,תולדות תנאים ואמוראים/ח/ר' חנינא בר אידי
toldot_tannaim:1717438,bio,tannaim,ר' חנינא בר אידי,,תנא דברייתא,494,תולדות תנאים ואמוראים/ח/ר' חנינא בר אידי (תנא דברייתא)
toldot_tannaim:1717439,xref,,ר' חנינא בר איסי,,,26,תולדות תנאים ואמוראים/ח/ר' חנינא בר איסי
toldot_tannaim:1717440,xref,,ר' חנינא בר איקא,,,20,תולדות תנאים ואמוראים/ח/ר' חנינא בר איקא
toldot_tannaim:1717441,bio,,ר' חנינא בר אמי,,,51,תולדות תנאים ואמוראים/ח/ר' חנינא בר אמי
toldot_tannaim:1717442,bio,,ר' חנינא בר אנדריי,,,177,תולדות תנאים ואמוראים/ח/ר' חנינא בר אנדריי
toldot_tannaim:380724,bio,,ר' חנינא בר עגיל,,,299,תולדות תנאים ואמוראים/ח/ר' חנינא בר עגיל
toldot_tannaim:1717430,bio,,ר' חנינא בריה דר' אבא,,,280,תולדות תנאים ואמוראים/ח/ר' חנינא בריה דר' אבא
toldot_tannaim:1717432,bio,,ר' חנינא בריה דר' אבהו,,,1261,תולדות תנאים ואמוראים/ח/ר' חנינא בריה דר' אבהו
toldot_tannaim:1717436,bio,,ר' חנינא בריה דר' אחא,,,157,תולדות תנאים ואמוראים/ח/ר' חנינא בריה דר' אחא
toldot_tannaim:1717444,xref,,ר' חנינא בריה דר' בחיי,,,21,תולדות תנאים ואמוראים/ח/ר' חנינא בריה דר' בחיי
toldot_tannaim:1717434,bio,,ר' חנינא בריה דרב אדא,,,177,תולדות תנאים ואמוראים/ח/ר' חנינא בריה דרב אדא
toldot_tannaim:1709528,bio,,ר' חנינא תורתייא,,,690,תולדות תנאים ואמוראים/ח/ר' חנינא תורתייא
toldot_tannaim:1717307,bio,,ר' חנן,,,221,תולדות תנאים ואמוראים/ח/ר' חנן
toldot_tannaim:1717310,bio,,ר' חנן אבוה דר' שמעון,,,299,תולדות תנאים ואמוראים/ח/ר' חנן אבוה דר' שמעון
toldot_tannaim:1717324,bio,,ר' חנן בן פזי,,,54,תולדות תנאים ואמוראים/ח/ר' חנן בן פזי
toldot_tannaim:1717325,bio,,ר' חנן בר פיטום,,,75,תולדות תנאים ואמוראים/ח/ר' חנן בר פיטום
toldot_tannaim:1717319,xref,,ר' חנן בריה דר' ברכיה בוצרייה,,,22,תולדות תנאים ואמוראים/ח/ר' חנן בריה דר' ברכיה בוצרייה
toldot_tannaim:1717391,bio,,ר' חנן דציפורי,,,195,תולדות תנאים ואמוראים/ח/ר' חנן דציפורי
toldot_tannaim:1709532,xref,,ר' חנניה אחי ר' אחא בר' חנינא,,,107,תולדות תנאים ואמוראים/ח/ר' חנניה אחי ר' אחא בר' חנינא
toldot_tannaim:1709534,xref,,ר' חנניה איש אונו,,,22,תולדות תנאים ואמוראים/ח/ר' חנניה איש אונו
toldot_tannaim:1709535,bio,,ר' חנניה איש כפר טבעון,,,85,תולדות תנאים ואמוראים/ח/ר' חנניה איש כפר טבעון
toldot_tannaim:1709536,xref,,ר' חנניה בריה דר' אבהו,,,27,תולדות תנאים ואמוראים/ח/ר' חנניה בריה דר' אבהו
toldot_tannaim:1709537,xref,,ר' חנניה בריה דרב אדא,,,20,תולדות תנאים ואמוראים/ח/ר' חנניה בריה דרב אדא
toldot_tannaim:1710713,bio,,רב חביבא,,,2023,תולדות תנאים ואמוראים/ח/רב חביבא
toldot_tannaim:1710715,bio,,רב חביבא בר כהן,,,139,תולדות תנאים ואמוראים/ח/רב חביבא בר כהן
toldot_tannaim:1710716,bio,,רב חביבא בר סורמקי,,,375,תולדות תנאים ואמוראים/ח/רב חביבא בר סורמקי
toldot_tannaim:1710714,bio,,רב חביבא בריה דרב יוסף בריה דרבא,,,61,תולדות תנאים ואמוראים/ח/רב חביבא בריה דרב יוסף בריה דרבא
toldot_tannaim:1710717,bio,,רב חביבא בריה דרבא,,,96,תולדות תנאים ואמוראים/ח/רב חביבא בריה דרבא
toldot_tannaim:1710718,bio,,רב חביבא מחוזנאה,,,136,תולדות תנאים ואמוראים/ח/רב חביבא מחוזנאה
toldot_tannaim:1710719,xref,,רב חביבא מסורא דפרת,,,13,תולדות תנאים ואמוראים/ח/רב חביבא מסורא דפרת
toldot_tannaim:1710721,bio,,רב חגא,,,2245,תולדות תנאים ואמוראים/ח/רב חגא
toldot_tannaim:375076,bio,,רב חונה,,,44,תולדות תנאים ואמוראים/ח/רב חונה
toldot_tannaim:375074,bio,,רב חונה בר אדא,,,66,תולדות תנאים ואמוראים/ח/רב חונה בר אדא
toldot_tannaim:375075,xref,,רב חונה בר חייא,,,16,תולדות תנאים ואמוראים/ח/רב חונה בר חייא
toldot_tannaim:1716886,bio,,רב חייא בר אסי,,,331,תולדות תנאים ואמוראים/ח/רב חייא בר אסי
toldot_tannaim:1716887,bio,,רב חייא בר אשי,,,2805,תולדות תנאים ואמוראים/ח/רב חייא בר אשי
toldot_tannaim:1716899,bio,,רב חייא בר יהודה,,,163,תולדות תנאים ואמוראים/ח/רב חייא בר יהודה
toldot_tannaim:1716901,bio,,רב חייא בר יוסף,,,2796,תולדות תנאים ואמוראים/ח/רב חייא בר יוסף
toldot_tannaim:1716917,bio,,רב חייא בר עמרם,,,123,תולדות תנאים ואמוראים/ח/רב חייא בר עמרם
toldot_tannaim:1716921,bio,,רב חייא בר רב מדיפתא,,,745,תולדות תנאים ואמוראים/ח/רב חייא בר רב מדיפתא
toldot_tannaim:1716912,bio,,רב חייא בר רב מתנה,,,69,תולדות תנאים ואמוראים/ח/רב חייא בר רב מתנה
toldot_tannaim:1716882,bio,,רב חייא בריה דרב אויא,,,577,תולדות תנאים ואמוראים/ח/רב חייא בריה דרב אויא
toldot_tannaim:1716884,bio,,רב חייא בריה דרב איקא,,,41,תולדות תנאים ואמוראים/ח/רב חייא בריה דרב איקא
toldot_tannaim:1716902,bio,,רב חייא בריה דרב ייבא,,,137,תולדות תנאים ואמוראים/ח/רב חייא בריה דרב ייבא
toldot_tannaim:1716905,bio,,רב חייא בריה דרב יצחק,,,50,תולדות תנאים ואמוראים/ח/רב חייא בריה דרב יצחק
toldot_tannaim:1716915,bio,,רב חייא בריה דרב נתן,,,117,תולדות תנאים ואמוראים/ח/רב חייא בריה דרב נתן
toldot_tannaim:1716924,bio,,רב חייא בריה דרבה בר נחמני,,,495,תולדות תנאים ואמוראים/ח/רב חייא בריה דרבה בר נחמני
toldot_tannaim:1716933,bio,,רב חייא מהורמיז ארדשיד,,,120,תולדות תנאים ואמוראים/ח/רב חייא מהורמיז ארדשיד
toldot_tannaim:1717401,bio,,רב חיננא,,,303,תולדות תנאים ואמוראים/ח/רב חיננא
toldot_tannaim:1717404,xref,,רב חיננא בר אביי,,,21,תולדות תנאים ואמוראים/ח/רב חיננא בר אביי
toldot_tannaim:1717405,xref,,רב חיננא בר אבין,,,21,תולדות תנאים ואמוראים/ח/רב חיננא בר אבין
toldot_tannaim:1717406,bio,,רב חיננא בר אידי,,,542,תולדות תנאים ואמוראים/ח/רב חיננא בר אידי
toldot_tannaim:1717410,bio,,רב חיננא בר ביסנא,,,141,תולדות תנאים ואמוראים/ח/רב חיננא בר ביסנא
toldot_tannaim:1717411,bio,,רב חיננא בר חייא,,,237,תולדות תנאים ואמוראים/ח/רב חיננא בר חייא
toldot_tannaim:1717413,bio,,רב חיננא בר יהודה,,,93,תולדות תנאים ואמוראים/ח/רב חיננא בר יהודה
toldot_tannaim:1717416,bio,,רב חיננא בר כהנא,,,533,תולדות תנאים ואמוראים/ח/רב חיננא בר כהנא
toldot_tannaim:1717419,bio,,רב חיננא בר שילא,,,2152,תולדות תנאים ואמוראים/ח/רב חיננא בר שילא
toldot_tannaim:1717420,bio,,רב חיננא בר שלמיא,,,1005,תולדות תנאים ואמוראים/ח/רב חיננא בר שלמיא
toldot_tannaim:1717407,bio,,רב חיננא בריה דרב איקא,,,2157,תולדות תנאים ואמוראים/ח/רב חיננא בריה דרב איקא
toldot_tannaim:1717414,bio,,רב חיננא בריה דרב יהושע,,,70,תולדות תנאים ואמוראים/ח/רב חיננא בריה דרב יהושע
toldot_tannaim:1717418,bio,,רב חיננא בריה דרבא מפשרוניא,,,225,תולדות תנאים ואמוראים/ח/רב חיננא בריה דרבא מפשרוניא
toldot_tannaim:1717421,bio,,רב חיננא וורדאן,,,164,תולדות תנאים ואמוראים/ח/רב חיננא וורדאן
toldot_tannaim:1717422,bio,,רב חיננא סבא,,,221,תולדות תנאים ואמוראים/ח/רב חיננא סבא
toldot_tannaim:1717138,bio,,רב חלקיה בר טובי,,,523,תולדות תנאים ואמוראים/ח/רב חלקיה בר טובי
toldot_tannaim:1717137,bio,,רב חלקיה בריה דרב אויא,,,23,תולדות תנאים ואמוראים/ח/רב חלקיה בריה דרב אויא
toldot_tannaim:1717140,bio,,רב חלקיה מהגרוניא,,,52,תולדות תנאים ואמוראים/ח/רב חלקיה מהגרוניא
toldot_tannaim:1717144,bio,,רב חמא,,,4331,תולדות תנאים ואמוראים/ח/רב חמא
toldot_tannaim:1717149,bio,,רב חמא בר אבא,,,93,תולדות תנאים ואמוראים/ח/רב חמא בר אבא
toldot_tannaim:1717150,bio,,רב חמא בר אדא שליח ציון,,,206,תולדות תנאים ואמוראים/ח/רב חמא בר אדא שליח ציון
toldot_tannaim:1717153,bio,,רב חמא בר בוזי,,,328,תולדות תנאים ואמוראים/ח/רב חמא בר בוזי
toldot_tannaim:1717155,bio,,רב חמא בר ברתיה דחסא,,,89,תולדות תנאים ואמוראים/ח/רב חמא בר ברתיה דחסא
toldot_tannaim:1717156,bio,,רב חמא בר גוריא,,,942,תולדות תנאים ואמוראים/ח/רב חמא בר גוריא
toldot_tannaim:1717158,bio,,רב חמא בר חלפתא,,,52,תולדות תנאים ואמוראים/ח/רב חמא בר חלפתא
toldot_tannaim:1717162,xref,,רב חמא בר חנינא בר פפא,,,23,תולדות תנאים ואמוראים/ח/רב חמא בר חנינא בר פפא
toldot_tannaim:1717164,bio,,רב חמא בר טוביא,,,153,תולדות תנאים ואמוראים/ח/רב חמא בר טוביא
toldot_tannaim:1717168,bio,,רב חמא בר פפא,,,125,תולדות תנאים ואמוראים/ח/רב חמא בר פפא
toldot_tannaim:1717169,bio,,רב חמא בריה דרבה בר אבוה,,,361,תולדות תנאים ואמוראים/ח/רב חמא בריה דרבה בר אבוה
toldot_tannaim:1717170,bio,,רב חמא חברהון דרבנן,,,103,תולדות תנאים ואמוראים/ח/רב חמא חברהון דרבנן
toldot_tannaim:1717172,xref,,רב חמא מנהרדעא,,,17,תולדות תנאים ואמוראים/ח/רב חמא מנהרדעא
toldot_tannaim:1717174,bio,,רב חנא,,,442,תולדות תנאים ואמוראים/ח/רב חנא
toldot_tannaim:1717177,bio,,רב חנא בגדתאה,,,791,תולדות תנאים ואמוראים/ח/רב חנא בגדתאה
toldot_tannaim:1717216,redirect,,רב חנא בר אבא,,,0,תולדות תנאים ואמוראים/ח/רב חנא בר אבא
toldot_tannaim:1717179,bio,,רב חנא בר אדא,,,196,תולדות תנאים ואמוראים/ח/רב חנא בר אדא
toldot_tannaim:1717180,bio,,רב חנא בר אחא,,,150,תולדות תנאים ואמוראים/ח/רב חנא בר אחא
toldot_tannaim:1717182,bio,,רב חנא בר ביזנא,,,1540,תולדות תנאים ואמוראים/ח/רב חנא בר ביזנא
toldot_tannaim:1717183,bio,,רב חנא בר הינדא,,,130,תולדות תנאים ואמוראים/ח/רב חנא בר הינדא
toldot_tannaim:1717184,bio,,רב חנא בר חימי,,,146,תולדות תנאים ואמוראים/ח/רב חנא בר חימי
toldot_tannaim:1717185,bio,,רב חנא בר חיננא,,,52,תולדות תנאים ואמוראים/ח/רב חנא בר חיננא
toldot_tannaim:373510,bio,,רב חנא בר חנילאי,,,1332,תולדות תנאים ואמוראים/ח/רב חנא בר חנילאי
toldot_tannaim:1717186,bio,,רב חנא בר יהודה,,,55,תולדות תנאים ואמוראים/ח/רב חנא בר יהודה
toldot_tannaim:1717188,bio,,רב חנא בר רב קטינא,,,717,תולדות תנאים ואמוראים/ח/רב חנא בר רב קטינא
toldot_tannaim:1717190,xref,,רב חנא חתניה דרב אדא בר אהבה,,,17,תולדות תנאים ואמוראים/ח/רב חנא חתניה דרב אדא בר אהבה
toldot_tannaim:1717191,bio,,רב חנא פתוראה,,,147,תולדות תנאים ואמוראים/ח/רב חנא פתוראה
toldot_tannaim:1717193,xref,,רב חנא קרטיגנאה,,,19,תולדות תנאים ואמוראים/ח/רב חנא קרטיגנאה
toldot_tannaim:1717197,bio,,רב חנילאי בר אידי,,,1885,תולדות תנאים ואמוראים/ח/רב חנילאי בר אידי
toldot_tannaim:1717199,bio,,רב חנילאי מחוזנאי,,,30,תולדות תנאים ואמוראים/ח/רב חנילאי מחוזנאי
toldot_tannaim:1717204,xref,,רב חנין,,,131,תולדות תנאים ואמוראים/ח/רב חנין
toldot_tannaim:1717203,bio,,רב חנין,,תלמיד רב,118,תולדות תנאים ואמוראים/ח/רב חנין (תלמיד רב)
toldot_tannaim:1717206,xref,,רב חנין בר אביי,,,21,תולדות תנאים ואמוראים/ח/רב חנין בר אביי
toldot_tannaim:1717208,xref,,רב חנין בר אמי,,,21,תולדות תנאים ואמוראים/ח/רב חנין בר אמי
toldot_tannaim:1717209,xref,,רב חנין בר אשי,,,21,תולדות תנאים ואמוראים/ח/רב חנין בר אשי
toldot_tannaim:1717210,xref,,רב חנין בר בא,,,19,תולדות תנאים ואמוראים/ח/רב חנין בר בא
toldot_tannaim:1717298,bio,,רב חנין בר פפא,,,44,תולדות תנאים ואמוראים/ח/רב חנין בר פפא
toldot_tannaim:1717299,xref,,רב חנין בר רב,רב חנין בר רבא,,18,תולדות תנאים ואמוראים/ח/רב חנין בר רב – בר רבא
toldot_tannaim:1717211,bio,,רב חנין בריה דרב ייבא,,,259,תולדות תנאים ואמוראים/ח/רב חנין בריה דרב ייבא
toldot_tannaim:1717303,bio,,רב חנין מחוזנאה,,,49,תולדות תנאים ואמוראים/ח/רב חנין מחוזנאה
toldot_tannaim:1717386,redirect,,רב חנין מחזונאה,,,0,תולדות תנאים ואמוראים/ח/רב חנין מחזונאה
toldot_tannaim:1717431,bio,,רב חנינא בר אבדימי,,,153,תולדות תנאים ואמוראים/ח/רב חנינא בר אבדימי
toldot_tannaim:1717433,bio,,רב חנינא בר אבין,,,531,תולדות תנאים ואמוראים/ח/רב חנינא בר אבין
toldot_tannaim:1717428,xref,,רב חנינא ורב הושעיא,,,21,תולדות תנאים ואמוראים/ח/רב חנינא ורב הושעיא
toldot_tannaim:1717308,bio,,רב חנן,,,148,תולדות תנאים ואמוראים/ח/רב חנן
toldot_tannaim:1717312,bio,,רב חנן בר אבא,רב חנן בר רבא | רב חנן בר רבה,,4301,תולדות תנאים ואמוראים/ח/רב חנן בר אבא – רבא – רבה
toldot_tannaim:1717314,bio,,רב חנן בר אדא,,,23,תולדות תנאים ואמוראים/ח/רב חנן בר אדא
toldot_tannaim:1717315,bio,,רב חנן בר אמי,,,452,תולדות תנאים ואמוראים/ח/רב חנן בר אמי
toldot_tannaim:1717316,bio,,רב חנן בר אמי,,,295,תולדות תנאים ואמוראים/ח/רב חנן בר אמי ב)
toldot_tannaim:1717317,xref,,רב חנן בר אשי,,,21,תולדות תנאים ואמוראים/ח/רב חנן בר אשי
toldot_tannaim:1717321,bio,,רב חנן בר יוסף,,,141,תולדות תנאים ואמוראים/ח/רב חנן בר יוסף
toldot_tannaim:1717323,bio,,רב חנן בר מולדה,,,178,תולדות תנאים ואמוראים/ח/רב חנן בר מולדה
toldot_tannaim:1717326,redirect,,רב חנן בר פיטום,,,0,תולדות תנאים ואמוראים/ח/רב חנן בר פיטום
toldot_tannaim:1717320,bio,,רב חנן בר רב חסדא,,,898,תולדות תנאים ואמוראים/ח/רב חנן בר רב חסדא
toldot_tannaim:1717322,bio,,רב חנן בר רב יצחק,,,88,תולדות תנאים ואמוראים/ח/רב חנן בר רב יצחק
toldot_tannaim:1717388,xref,,רב חנן בר רב קטינא,,,23,תולדות תנאים ואמוראים/ח/רב חנן בר רב קטינא
toldot_tannaim:1717389,xref,,רב חנן בר רבא,,,18,תולדות תנאים ואמוראים/ח/רב חנן בר רבא
toldot_tannaim:1717390,bio,,רב חנן בר תחליפא,,,278,תולדות תנאים ואמוראים/ח/רב חנן בר תחליפא
toldot_tannaim:1717395,xref,,רב חנן חתניה דרב,,,17,תולדות תנאים ואמוראים/ח/רב חנן חתניה דרב
toldot_tannaim:1717396,bio,,רב חנן מבי כלוחית,רב חנן מבי סלוחית | רב חנן מבי צלוחית,,72,תולדות תנאים ואמוראים/ח/רב חנן מבי כלוחית–סלוחית–צלוחית
toldot_tannaim:1717398,bio,,רב חנן מנהרדעא,,,355,תולדות תנאים ואמוראים/ח/רב חנן מנהרדעא
toldot_tannaim:1717399,bio,,רב חנן קרטיגנאה,,,122,תולדות תנאים ואמוראים/ח/רב חנן קרטיגנאה
toldot_tannaim:1717309,bio,,רב חנן תלמיד רבא,,,64,תולדות תנאים ואמוראים/ח/רב חנן תלמיד רבא
toldot_tannaim:1709530,bio,,רב חנניה,,,563,תולדות תנאים ואמוראים/ח/רב חנניה
toldot_tannaim:1709531,bio,,רב חנניה אחי רבה בר נחמני,,,4715,תולדות תנאים ואמוראים/ח/רב חנניה אחי רבה בר נחמני
toldot_tannaim:1709538,bio,,רב חנניה בר אחוי דרב הושעיה,,,992,תולדות תנאים ואמוראים/ח/רב חנניה בר אחוי דרב הושעיה
toldot_tannaim:1717127,bio,,רבי חלפתא איש כפר חנניה,,,273,תולדות תנאים ואמוראים/ח/רבי חלפתא איש כפר חנניה
toldot_tannaim:1717143,bio,,רבי חמא,,,120,תולדות תנאים ואמוראים/ח/רבי חמא
toldot_tannaim:1717205,bio,,רבי חנין,,ירושלמי,646,תולדות תנאים ואמוראים/ח/רבי חנין (ירושלמי)
toldot_tannaim:1717306,bio,tannaim,רבי חנן,,תנא דברייתא,184,תולדות תנאים ואמוראים/ח/רבי חנן (תנא דברייתא)
toldot_tannaim:1710735,redirect,,ר' חונה בר חמא,,,0,תולדות תנאים ואמוראים/ח/ר׳ חונה בר חמא
toldot_tannaim:334357,bio,,טאבי,,,87,תולדות תנאים ואמוראים/ט/טאבי
toldot_tannaim:334358,list,,טבאי,,,27,תולדות תנאים ואמוראים/ט/טבאי
toldot_tannaim:334359,bio,,טבות רישבא,,,314,תולדות תנאים ואמוראים/ט/טבות רישבא
toldot_tannaim:334362,bio,,טבי בריה דמרי טבי,,,31,תולדות תנאים ואמוראים/ט/טבי בריה דמרי טבי
toldot_tannaim:334363,bio,,טבי עבדו דרבן גמליאל דיבנה,,,2981,תולדות תנאים ואמוראים/ט/טבי עבדו דרבן גמליאל דיבנה
toldot_tannaim:334365,bio,,טביומי,,כינוי,34,תולדות תנאים ואמוראים/ט/טביומי (כינוי)
toldot_tannaim:334364,list,,טביומי,,כל החכמים ששם אביהם היה טביומי,56,תולדות תנאים ואמוראים/ט/טביומי (כל החכמים ששם אביהם היה טביומי)
toldot_tannaim:334369,bio,,טבלא,,,54,תולדות תנאים ואמוראים/ט/טבלא
toldot_tannaim:334371,list,,טברי,,,67,תולדות תנאים ואמוראים/ט/טברי
toldot_tannaim:334372,list,,טבת,,,27,תולדות תנאים ואמוראים/ט/טבת
toldot_tannaim:334373,list,,טובי,,,116,תולדות תנאים ואמוראים/ט/טובי
toldot_tannaim:334382,bio,,טוביה,,,136,תולדות תנאים ואמוראים/ט/טוביה
toldot_tannaim:334381,list,,טוביה,,כל החכמים ששם אביהם היה טוביה,107,תולדות תנאים ואמוראים/ט/טוביה (כל החכמים ששם אביהם היה טוביה)
toldot_tannaim:334384,list,,טוביה בר יצחק,,,78,תולדות תנאים ואמוראים/ט/טוביה בר יצחק
toldot_tannaim:334385,bio,,טוביה הרופא,,,197,תולדות תנאים ואמוראים/ט/טוביה הרופא
toldot_tannaim:334386,xref,,טוטאי,,,10,תולדות תנאים ואמוראים/ט/טוטאי
toldot_tannaim:334387,bio,,טוי,,,128,תולדות תנאים ואמוראים/ט/טוי
toldot_tannaim:334388,list,,טיטס,,,65,תולדות תנאים ואמוראים/ט/טיטס
toldot_tannaim:334391,bio,,טלי,,,91,תולדות תנאים ואמוראים/ט/טלי
toldot_tannaim:334392,bio,,טרטירוי דמהלול,,,971,תולדות תנאים ואמוראים/ט/טרטירוי דמהלול
toldot_tannaim:334361,bio,,ר' טבי,,,689,תולדות תנאים ואמוראים/ט/ר' טבי
toldot_tannaim:334366,bio,amoraim,ר' טביומי,,אמורא ירושלמי,114,תולדות תנאים ואמוראים/ט/ר' טביומי (אמורא ירושלמי)
toldot_tannaim:334370,bio,,ר' טבלא,,,1038,תולדות תנאים ואמוראים/ט/ר' טבלא
toldot_tannaim:334374,bio,,ר' טובי,,,30,תולדות תנאים ואמוראים/ט/ר' טובי
toldot_tannaim:334375,bio,,ר' טובי בר יצחק,,,22,תולדות תנאים ואמוראים/ט/ר' טובי בר יצחק
toldot_tannaim:334383,bio,,ר' טוביה,,,33,תולדות תנאים ואמוראים/ט/ר' טוביה
toldot_tannaim:334389,bio,,ר' טייפי סמוקה,ר' טיופי סמוקה,,65,תולדות תנאים ואמוראים/ט/ר' טייפי (או ר' טיופי) סמוקה
toldot_tannaim:334390,list,,ר' טימי,,,34,תולדות תנאים ואמוראים/ט/ר' טימי
toldot_tannaim:334394,bio,,ר' טרייא,,,113,תולדות תנאים ואמוראים/ט/ר' טרייא
toldot_tannaim:334395,list,,ר' טרפון,,,92,תולדות תנאים ואמוראים/ט/ר' טרפון
toldot_tannaim:334396,bio,,ר' טרפון,,הכהן,12230,תולדות תנאים ואמוראים/ט/ר' טרפון (הכהן)
toldot_tannaim:334360,bio,,רב טבות,,,402,תולדות תנאים ואמוראים/ט/רב טבות
toldot_tannaim:334367,bio,,רב טביומי,,,293,תולדות תנאים ואמוראים/ט/רב טביומי
toldot_tannaim:334368,xref,,רב טביומי בר קיסנא,,,21,תולדות תנאים ואמוראים/ט/רב טביומי בר קיסנא
toldot_tannaim:334379,bio,,רב טובי בר קיסני,,,316,תולדות תנאים ואמוראים/ט/רב טובי בר קיסני
toldot_tannaim:334376,bio,,רב טובי בר רב מתנה,,,970,תולדות תנאים ואמוראים/ט/רב טובי בר רב מתנה
toldot_tannaim:334378,bio,,רב טובי בר רב קטינא,,,56,תולדות תנאים ואמוראים/ט/רב טובי בר רב קטינא
toldot_tannaim:334380,bio,,רב טובי בר רב קיסנא,,,1987,תולדות תנאים ואמוראים/ט/רב טובי בר רב קיסנא
toldot_tannaim:334377,bio,,רב טובי בריה דרב נחמיה,,,182,תולדות תנאים ואמוראים/ט/רב טובי בריה דרב נחמיה
toldot_tannaim:375282,bio,,יהודה הטבח,,,119,תולדות תנאים ואמוראים/י/יהודה הטבח
toldot_tannaim:1706752,list,,יוחאי,,,126,תולדות תנאים ואמוראים/י/יוחאי
toldot_tannaim:1706749,bio,,יוחני בת רטיבי,,,68,תולדות תנאים ואמוראים/י/יוחני בת רטיבי
toldot_tannaim:1706758,bio,,יושעה בריה דרב חננאל,,,90,תולדות תנאים ואמוראים/י/יושעה בריה דרב חננאל
toldot_tannaim:1706751,bio,,ישוע,,,45,תולדות תנאים ואמוראים/י/ישוע
toldot_tannaim:1706754,bio,,מר יוחנא בריה דרב חנא בר אדא,מר יוחנא בריה דרב חנא בר ביזנא,,95,תולדות תנאים ואמוראים/י/מר יוחנא בריה דרב חנא בר אדא או בר ביזנא
toldot_tannaim:1706750,bio,,מר יוחני,,,128,תולדות תנאים ואמוראים/י/מר יוחני
toldot_tannaim:375281,bio,,ר' יהודה הכהן,,,133,תולדות תנאים ואמוראים/י/ר' יהודה הכהן
toldot_tannaim:375280,bio,,ר' יהודה הכהן בר אבין,,,60,תולדות תנאים ואמוראים/י/ר' יהודה הכהן בר אבין
toldot_tannaim:375266,bio,,ר' יהודה הנחתום,,,511,תולדות תנאים ואמוראים/י/ר' יהודה הנחתום
toldot_tannaim:375287,bio,,ר' יהודה הנשיא,רבי | רבינו הקדוש,,3886,תולדות תנאים ואמוראים/י/ר' יהודה הנשיא - רבי - רבינו הקדוש
toldot_tannaim:1706753,bio,,ר' יוחי בר יודן,,,136,תולדות תנאים ואמוראים/י/ר' יוחי בר יודן
toldot_tannaim:1706759,bio,,ר' יוחנן,,,11213,תולדות תנאים ואמוראים/י/ר' יוחנן
toldot_tannaim:1706748,bio,tannaim,ר' יוחנן,,תנא,350,תולדות תנאים ואמוראים/י/ר' יוחנן (תנא)
toldot_tannaim:375061,bio,tannaim,ר' יוחנן בן דהבאי,,תנא דברייתא,457,תולדות תנאים ואמוראים/י/ר' יוחנן בן דהבאי (תנא דברייתא)
toldot_tannaim:375062,bio,tannaim,ר' יוחנן בן החורני,,תנא דמתניתין,677,תולדות תנאים ואמוראים/י/ר' יוחנן בן החורני (תנא דמתניתין)
toldot_tannaim:375283,bio,,רב יהודה הינדואה,,,301,תולדות תנאים ואמוראים/י/רב יהודה הינדואה
toldot_tannaim:398946,redirect,tannaim,ר' יוחנן בן החורני,,תנא דמתניתין,0,תולדות תנאים ואמוראים/י/ר׳ יוחנן בן החורני (תנא דמתניתין)
toldot_tannaim:375063,bio,,ר' יוחנן בן המשולם,,,118,תולדות תנאים ואמוראים/י/ר׳ יוחנן בן המשולם
toldot_tannaim:335919,bio,,כדי,,,529,תולדות תנאים ואמוראים/כ/כדי
toldot_tannaim:335920,list,,כהן,,,127,תולדות תנאים ואמוראים/כ/כהן
toldot_tannaim:335923,list,,כהנא,,,199,תולדות תנאים ואמוראים/כ/כהנא
toldot_tannaim:335938,bio,,כהנא בר יודן,,,25,תולדות תנאים ואמוראים/כ/כהנא בר יודן
toldot_tannaim:335939,bio,,כהנא בר ירמיה,,,57,תולדות תנאים ואמוראים/כ/כהנא בר ירמיה
toldot_tannaim:335950,bio,,כובס,,,795,תולדות תנאים ואמוראים/כ/כובס
toldot_tannaim:335951,xref,,כוברי,,,13,תולדות תנאים ואמוראים/כ/כוברי
toldot_tannaim:335952,list,,כיפר,,,53,תולדות תנאים ואמוראים/כ/כיפר
toldot_tannaim:335953,xref,,כלבא שבוע,,,17,תולדות תנאים ואמוראים/כ/כלבא שבוע
toldot_tannaim:335954,bio,,כלייליל,,,216,תולדות תנאים ואמוראים/כ/כלייליל
toldot_tannaim:335955,list,,כפותאי,,,35,תולדות תנאים ואמוראים/כ/כפותאי
toldot_tannaim:335958,bio,,כרנבו,,,45,תולדות תנאים ואמוראים/כ/כרנבו
toldot_tannaim:335959,list,,כרסנא,,,50,תולדות תנאים ואמוראים/כ/כרסנא
toldot_tannaim:335960,xref,,כתריאל,,,43,תולדות תנאים ואמוראים/כ/כתריאל
toldot_tannaim:335924,bio,,ר' כהנא,,,50,תולדות תנאים ואמוראים/כ/ר' כהנא
toldot_tannaim:335956,bio,,ר' כרוספדאי,,,185,תולדות תנאים ואמוראים/כ/ר' כרוספדאי
toldot_tannaim:335957,xref,,ר' כרוספדאי בריה דר' שבתי,,,32,תולדות תנאים ואמוראים/כ/ר' כרוספדאי בריה דר' שבתי
toldot_tannaim:335921,bio,,רב כהן,,אחיו דר' חייא בר אבא,781,תולדות תנאים ואמוראים/כ/רב כהן (אחיו דר' חייא בר אבא)
toldot_tannaim:335922,bio,,רב כהן בר אבין,,,112,תולדות תנאים ואמוראים/כ/רב כהן בר אבין
toldot_tannaim:335925,bio,,רב כהנא,,,407,תולדות תנאים ואמוראים/כ/רב כהנא
toldot_tannaim:335926,bio,,רב כהנא,,,4477,תולדות תנאים ואמוראים/כ/רב כהנא א)
toldot_tannaim:335931,xref,,רב כהנא אחוה דרב יהודה,,,108,תולדות תנאים ואמוראים/כ/רב כהנא אחוה דרב יהודה
toldot_tannaim:335927,bio,,רב כהנא ב תלמידו דרב,,,6917,תולדות תנאים ואמוראים/כ/רב כהנא ב) תלמידו דרב
toldot_tannaim:335932,bio,,רב כהנא בר' אליעזר בן יעקב,,,65,תולדות תנאים ואמוראים/כ/רב כהנא בר' אליעזר בן יעקב
toldot_tannaim:335936,bio,,רב כהנא בר ביזנא,,,124,תולדות תנאים ואמוראים/כ/רב כהנא בר ביזנא
toldot_tannaim:335940,bio,,רב כהנא בר טוביא,,,51,תולדות תנאים ואמוראים/כ/רב כהנא בר טוביא
toldot_tannaim:335941,bio,,רב כהנא בר מלכיה,,,124,תולדות תנאים ואמוראים/כ/רב כהנא בר מלכיה
toldot_tannaim:335942,xref,,רב כהנא בר מניומי,,,22,תולדות תנאים ואמוראים/כ/רב כהנא בר מניומי
toldot_tannaim:335943,bio,,רב כהנא בר מתתיה,,,157,תולדות תנאים ואמוראים/כ/רב כהנא בר מתתיה
toldot_tannaim:335947,bio,,רב כהנא בר תחליפא,,,523,תולדות תנאים ואמוראים/כ/רב כהנא בר תחליפא
toldot_tannaim:335937,bio,,רב כהנא בריה דרב חיננא סבא,,,501,תולדות תנאים ואמוראים/כ/רב כהנא בריה דרב חיננא סבא
toldot_tannaim:335944,bio,,רב כהנא בריה דרב נחוניא,,,37,תולדות תנאים ואמוראים/כ/רב כהנא בריה דרב נחוניא
toldot_tannaim:335945,bio,,רב כהנא בריה דרב נחמיה,,,23,תולדות תנאים ואמוראים/כ/רב כהנא בריה דרב נחמיה
toldot_tannaim:335946,bio,,רב כהנא בריה דרב נתן,,,70,תולדות תנאים ואמוראים/כ/רב כהנא בריה דרב נתן
toldot_tannaim:335928,bio,,רב כהנא ג תלמידו דרבה,,,2239,תולדות תנאים ואמוראים/כ/רב כהנא ג) תלמידו דרבה
toldot_tannaim:335929,bio,,רב כהנא ד רבו דרב אשי,,,4342,תולדות תנאים ואמוראים/כ/רב כהנא ד) רבו דרב אשי
toldot_tannaim:335930,bio,,רב כהנא ה חבר רב אשי,,,1573,תולדות תנאים ואמוראים/כ/רב כהנא ה) חבר רב אשי
toldot_tannaim:335948,bio,,רב כהנא חמוה דרב משרשיא,,,101,תולדות תנאים ואמוראים/כ/רב כהנא חמוה דרב משרשיא
toldot_tannaim:335949,xref,,רב כהנא רבו דרב,,,18,תולדות תנאים ואמוראים/כ/רב כהנא רבו דרב
toldot_tannaim:1715126,bio,,לוי בר סיסי,,סתם,8202,תולדות תנאים ואמוראים/ל/לוי (סתם) בר סיסי
toldot_tannaim:1715125,bio,,לוי בר סימון,,,81,תולדות תנאים ואמוראים/ל/לוי בר סימון
toldot_tannaim:1715119,list,,לקוניא,,,26,תולדות תנאים ואמוראים/ל/לקוניא
toldot_tannaim:1715118,list,,לקיש,,,55,תולדות תנאים ואמוראים/ל/לקיש
toldot_tannaim:1715116,list,,לקרח,,,29,תולדות תנאים ואמוראים/ל/לקרח
toldot_tannaim:1715121,bio,,ר' לוי בר חמא,,,714,תולדות תנאים ואמוראים/ל/ר' לוי בר חמא
toldot_tannaim:1715122,bio,,ר' לוי בר טרפון,,,85,תולדות תנאים ואמוראים/ל/ר' לוי בר טרפון
toldot_tannaim:1715123,xref,,ר' לוי בר לחמא,,,18,תולדות תנאים ואמוראים/ל/ר' לוי בר לחמא
toldot_tannaim:1715124,empty,,ר' לוי בר נזירה,,,0,תולדות תנאים ואמוראים/ל/ר' לוי בר נזירה
toldot_tannaim:1715120,bio,,ר' לוי הכהן בר חלפתא,,,20,תולדות תנאים ואמוראים/ל/ר' לוי הכהן בר חלפתא
toldot_tannaim:375049,xref,,נחום איש קודש הקדשים,,,9,תולדות תנאים ואמוראים/נ/נחום איש קודש הקדשים
toldot_tannaim:375052,xref,,נחום בר' סימאי,,,19,תולדות תנאים ואמוראים/נ/נחום בר' סימאי
toldot_tannaim:375055,bio,,נחום בר' שימלאי,,,22,תולדות תנאים ואמוראים/נ/נחום בר' שימלאי
toldot_tannaim:375050,xref,,נחום בר ירמיה,,,22,תולדות תנאים ואמוראים/נ/נחום בר ירמיה
toldot_tannaim:375057,bio,tannaim,נחום הזקן,,תנא דברייתא,87,תולדות תנאים ואמוראים/נ/נחום הזקן (תנא דברייתא)
toldot_tannaim:375048,bio,tannaim,נחום הלבלר,,תנא בזמן הבית,201,תולדות תנאים ואמוראים/נ/נחום הלבלר (תנא בזמן הבית)
toldot_tannaim:375053,bio,,ר' נחום בר פפא,,,65,תולדות תנאים ואמוראים/נ/ר' נחום בר פפא
toldot_tannaim:375054,xref,,ר' נחום בר פרנך,,,19,תולדות תנאים ואמוראים/נ/ר' נחום בר פרנך
toldot_tannaim:344896,bio,,אבא סמוקיד,,,227,תולדות תנאים ואמוראים/ס/אבא סמוקיד
toldot_tannaim:344906,xref,,אבא סקרא,,,12,תולדות תנאים ואמוראים/ס/אבא סקרא
toldot_tannaim:344834,bio,,סבא,,,1928,תולדות תנאים ואמוראים/ס/סבא
toldot_tannaim:344835,bio,,סבא קרויא,,,91,תולדות תנאים ואמוראים/ס/סבא קרויא
toldot_tannaim:344836,list,,סבה,סבא,,38,תולדות תנאים ואמוראים/ס/סבה (או סבא)
toldot_tannaim:344845,bio,,סבטא בן אלם,,,90,תולדות תנאים ואמוראים/ס/סבטא בן אלם
toldot_tannaim:344837,list,,סבי,,,86,תולדות תנאים ואמוראים/ס/סבי
toldot_tannaim:344838,list,,סבי דבי רב,,,150,תולדות תנאים ואמוראים/ס/סבי דבי רב
toldot_tannaim:344839,list,,סבי דהגרוניא,,,45,תולדות תנאים ואמוראים/ס/סבי דהגרוניא
toldot_tannaim:344840,list,,סבי דמתא מחסיא,,,43,תולדות תנאים ואמוראים/ס/סבי דמתא מחסיא
toldot_tannaim:344841,list,,סבי דנזוניא,,,98,תולדות תנאים ואמוראים/ס/סבי דנזוניא
toldot_tannaim:344842,list,,סבי דסורא,,,36,תולדות תנאים ואמוראים/ס/סבי דסורא
toldot_tannaim:344843,list,,סבי דפומבדיתא,,,592,תולדות תנאים ואמוראים/ס/סבי דפומבדיתא
toldot_tannaim:344844,bio,,סביא,,,98,תולדות תנאים ואמוראים/ס/סביא
toldot_tannaim:344846,xref,,סבר,,,11,תולדות תנאים ואמוראים/ס/סבר
toldot_tannaim:344847,list,,סברין,,,26,תולדות תנאים ואמוראים/ס/סברין
toldot_tannaim:344848,bio,,סגנאי,,,122,תולדות תנאים ואמוראים/ס/סגנאי
toldot_tannaim:344850,xref,,סוגא,,,9,תולדות תנאים ואמוראים/ס/סוגא
toldot_tannaim:344851,list,,סוטר,,,31,תולדות תנאים ואמוראים/ס/סוטר
toldot_tannaim:344852,bio,,סומה בר כתבה,,,52,תולדות תנאים ואמוראים/ס/סומה בר כתבה
toldot_tannaim:344853,bio,,סומכוס בר יוסף,,,2279,תולדות תנאים ואמוראים/ס/סומכוס בר יוסף
toldot_tannaim:344854,bio,,סורחב בר פפא,,,75,תולדות תנאים ואמוראים/ס/סורחב בר פפא
toldot_tannaim:344855,list,,סורמקי,,,27,תולדות תנאים ואמוראים/ס/סורמקי
toldot_tannaim:344858,bio,,סטינא,,,45,תולדות תנאים ואמוראים/ס/סטינא
toldot_tannaim:344860,bio,,סילני,,,64,תולדות תנאים ואמוראים/ס/סילני
toldot_tannaim:344864,list,,סימון,,,122,תולדות תנאים ואמוראים/ס/סימון
toldot_tannaim:344876,bio,,סימן,,,230,תולדות תנאים ואמוראים/ס/סימן
toldot_tannaim:344877,xref,,סיני,,,22,תולדות תנאים ואמוראים/ס/סיני
toldot_tannaim:344879,bio,,סיסי,,,89,תולדות תנאים ואמוראים/ס/סיסי
toldot_tannaim:344881,list,,סיסין,,,68,תולדות תנאים ואמוראים/ס/סיסין
toldot_tannaim:344884,bio,,סלמאי הנתופתי,,,118,תולדות תנאים ואמוראים/ס/סלמאי הנתופתי
toldot_tannaim:344897,bio,,סמליון,,,111,תולדות תנאים ואמוראים/ס/סמליון
toldot_tannaim:344898,list,,סמקאי,,,26,תולדות תנאים ואמוראים/ס/סמקאי
toldot_tannaim:344899,list,,סנסן,,,28,תולדות תנאים ואמוראים/ס/סנסן
toldot_tannaim:344900,list,,ססרטאי,,,29,תולדות תנאים ואמוראים/ס/ססרטאי
toldot_tannaim:344902,list,,ספרא,,,61,תולדות תנאים ואמוראים/ס/ספרא
toldot_tannaim:344907,list,,סתריאל,,,42,תולדות תנאים ואמוראים/ס/סתריאל
toldot_tannaim:344849,bio,,ר' סובייה,,,162,תולדות תנאים ואמוראים/ס/ר' סובייה
toldot_tannaim:344859,bio,,ר' סידור,,,154,תולדות תנאים ואמוראים/ס/ר' סידור
toldot_tannaim:344862,bio,,ר' סימאי,ר' סימיי,,2191,תולדות תנאים ואמוראים/ס/ר' סימאי - סימיי
toldot_tannaim:344863,bio,,ר' סימאי בר קיסי,,,93,תולדות תנאים ואמוראים/ס/ר' סימאי בר קיסי
toldot_tannaim:344865,bio,,ר' סימון,,,3304,תולדות תנאים ואמוראים/ס/ר' סימון
toldot_tannaim:344866,bio,,ר' סימון אחוה דר' יהודה בר זבדי,,,165,תולדות תנאים ואמוראים/ס/ר' סימון אחוה דר' יהודה בר זבדי
toldot_tannaim:344871,bio,,ר' סימון בן קוזות,,,92,תולדות תנאים ואמוראים/ס/ר' סימון בן קוזות
toldot_tannaim:344868,xref,,ר' סימון בר' יהושע,,,79,תולדות תנאים ואמוראים/ס/ר' סימון בר' יהושע
toldot_tannaim:344869,bio,,ר' סימון בר' יהושע בן לוי,,,81,תולדות תנאים ואמוראים/ס/ר' סימון בר' יהושע בן לוי
toldot_tannaim:344867,bio,,ר' סימון בר זבדי,ר' סימון בר זביד,,729,תולדות תנאים ואמוראים/ס/ר' סימון בר זבדי או זביד
toldot_tannaim:344870,bio,,ר' סימון בר מרתא,,,14,תולדות תנאים ואמוראים/ס/ר' סימון בר מרתא
toldot_tannaim:344872,xref,,ר' סימון בר תדאי,,,18,תולדות תנאים ואמוראים/ס/ר' סימון בר תדאי
toldot_tannaim:344873,bio,,ר' סימון דתרי,,,125,תולדות תנאים ואמוראים/ס/ר' סימון דתרי
toldot_tannaim:344874,bio,,ר' סימון מן דרומא,,,65,תולדות תנאים ואמוראים/ס/ר' סימון מן דרומא
toldot_tannaim:344878,bio,,ר' סיסא,,,28,תולדות תנאים ואמוראים/ס/ר' סיסא
toldot_tannaim:344880,xref,,ר' סיסיי,,,79,תולדות תנאים ואמוראים/ס/ר' סיסיי
toldot_tannaim:344895,bio,,ר' סמיא,,,52,תולדות תנאים ואמוראים/ס/ר' סמיא
toldot_tannaim:344856,bio,,רב סחורה,,,889,תולדות תנאים ואמוראים/ס/רב סחורה
toldot_tannaim:344861,bio,,רב סימא בריה דרב אידי,,,28,תולדות תנאים ואמוראים/ס/רב סימא בריה דרב אידי
toldot_tannaim:344875,bio,,רב סימונא,,,183,תולדות תנאים ואמוראים/ס/רב סימונא
toldot_tannaim:344882,bio,,רב סלא,,,85,תולדות תנאים ואמוראים/ס/רב סלא
toldot_tannaim:344883,bio,,רב סלא חסידא,,,153,תולדות תנאים ואמוראים/ס/רב סלא חסידא
toldot_tannaim:344885,bio,,רב סמא,,,352,תולדות תנאים ואמוראים/ס/רב סמא
toldot_tannaim:344888,bio,,רב סמא בר חילקאי,,,117,תולדות תנאים ואמוראים/ס/רב סמא בר חילקאי
toldot_tannaim:344893,bio,,רב סמא בר רקתא,,,194,תולדות תנאים ואמוראים/ס/רב סמא בר רקתא
toldot_tannaim:344886,bio,,רב סמא בריה דרב אסי,,,101,תולדות תנאים ואמוראים/ס/רב סמא בריה דרב אסי
toldot_tannaim:344887,bio,,רב סמא בריה דרב אשי,,,649,תולדות תנאים ואמוראים/ס/רב סמא בריה דרב אשי
toldot_tannaim:344889,bio,,רב סמא בריה דרב ייבא,,,51,תולדות תנאים ואמוראים/ס/רב סמא בריה דרב ייבא
toldot_tannaim:344890,bio,,רב סמא בריה דרב ירמיה,,,40,תולדות תנאים ואמוראים/ס/רב סמא בריה דרב ירמיה
toldot_tannaim:344891,bio,,רב סמא בריה דרב מרי,,,38,תולדות תנאים ואמוראים/ס/רב סמא בריה דרב מרי
toldot_tannaim:344892,bio,,רב סמא בריה דרב משרשיא,,,95,תולדות תנאים ואמוראים/ס/רב סמא בריה דרב משרשיא
toldot_tannaim:344894,bio,,רב סמא בריה דרבא,,,171,תולדות תנאים ואמוראים/ס/רב סמא בריה דרבא
toldot_tannaim:344901,bio,,רב סעורם אחוה דרבא,רב שעורים אחוה דרבא,,216,תולדות תנאים ואמוראים/ס/רב סעורם (או שעורים) אחוה דרבא
toldot_tannaim:344904,bio,,רב ספרא,,,6861,תולדות תנאים ואמוראים/ס/רב ספרא
toldot_tannaim:344903,bio,,רב ספרא 1,,,32,תולדות תנאים ואמוראים/ס/רב ספרא 1
toldot_tannaim:344905,bio,,רב ספרא בריה דרב ייבא,,,66,תולדות תנאים ואמוראים/ס/רב ספרא בריה דרב ייבא
toldot_tannaim:333931,bio,,אבא צידוני,,,71,תולדות תנאים ואמוראים/צ/אבא צידוני
toldot_tannaim:333930,bio,,צורבא מרבנן,,,38,תולדות תנאים ואמוראים/צ/צורבא מרבנן
toldot_tannaim:333932,xref,,ציון,,,12,תולדות תנאים ואמוראים/צ/ציון
toldot_tannaim:333933,xref,,ציתאי,,,13,תולדות תנאים ואמוראים/צ/ציתאי
toldot_tannaim:333934,list,,צנועין,,,157,תולדות תנאים ואמוראים/צ/צנועין
toldot_tannaim:333935,bio,,"צפנת בת פניאל כה""ג",,,88,"תולדות תנאים ואמוראים/צ/צפנת בת פניאל כה""ג"
toldot_tannaim:333927,xref,,ר' צדוק,,,52,"תולדות תנאים ואמוראים/צ/ר' צדוק א', ב', ג'"
toldot_tannaim:333929,bio,,ר' צדוק בן חלוקה,,,274,תולדות תנאים ואמוראים/צ/ר' צדוק בן חלוקה
toldot_tannaim:333936,bio,,רב צפרא,,,88,תולדות תנאים ואמוראים/צ/רב צפרא
toldot_tannaim:334113,list,,קבוטל,,,31,תולדות תנאים ואמוראים/ק/קבוטל
toldot_tannaim:334153,xref,,קדירה,,,12,תולדות תנאים ואמוראים/ק/קדירה
toldot_tannaim:334114,bio,,קהלה קדישא דבירושלים,,,475,תולדות תנאים ואמוראים/ק/קהלה קדישא דבירושלים
toldot_tannaim:334115,list,,קוינא,,,42,תולדות תנאים ואמוראים/ק/קוינא
toldot_tannaim:334117,bio,,קוסי,קוזות,,51,תולדות תנאים ואמוראים/ק/קוסי (או קוזות)
toldot_tannaim:334118,list,,קוסם,,,65,תולדות תנאים ואמוראים/ק/קוסם
toldot_tannaim:334119,xref,,קופיא,,,13,תולדות תנאים ואמוראים/ק/קופיא
toldot_tannaim:334121,list,,קורשאי,,,52,תולדות תנאים ואמוראים/ק/קורשאי
toldot_tannaim:334122,xref,,קזא,,,11,תולדות תנאים ואמוראים/ק/קזא
toldot_tannaim:334125,xref,,קטינא חריך שקי,,,22,תולדות תנאים ואמוראים/ק/קטינא חריך שקי
toldot_tannaim:334126,bio,,קטיעה בר שלום,,,622,תולדות תנאים ואמוראים/ק/קטיעה בר שלום
toldot_tannaim:334127,list,,קיסי,,,89,תולדות תנאים ואמוראים/ק/קיסי
toldot_tannaim:334128,list,,קיסמא,,,54,תולדות תנאים ואמוראים/ק/קיסמא
toldot_tannaim:334130,list,,קיסנא,,,76,תולדות תנאים ואמוראים/ק/קיסנא
toldot_tannaim:334131,xref,,קיפוק,,,13,תולדות תנאים ואמוראים/ק/קיפוק
toldot_tannaim:334132,list,,קיריא,,,28,תולדות תנאים ואמוראים/ק/קיריא
toldot_tannaim:334134,bio,,קלא,,,66,תולדות תנאים ואמוראים/ק/קלא
toldot_tannaim:334135,bio,,קלא דרומה,,,45,תולדות תנאים ואמוראים/ק/קלא דרומה
toldot_tannaim:334136,bio,,קמחית,,,302,תולדות תנאים ואמוראים/ק/קמחית
toldot_tannaim:334137,bio,,קמצא ובר קמצא,,,56,תולדות תנאים ואמוראים/ק/קמצא ובר קמצא
toldot_tannaim:334139,xref,,קמצר,,,12,תולדות תנאים ואמוראים/ק/קמצר
toldot_tannaim:334140,bio,,קנה,,,32,תולדות תנאים ואמוראים/ק/קנה
toldot_tannaim:334141,list,,קפוסאי,,,28,תולדות תנאים ואמוראים/ק/קפוסאי
toldot_tannaim:334142,bio,,קצב,,,32,תולדות תנאים ואמוראים/ק/קצב
toldot_tannaim:334144,list,,קצרתא,,,61,תולדות תנאים ואמוראים/ק/קצרתא
toldot_tannaim:334145,bio,,קרח,,,105,תולדות תנאים ואמוראים/ק/קרח
toldot_tannaim:334146,list,,קרחה,,,55,תולדות תנאים ואמוראים/ק/קרחה
toldot_tannaim:334147,bio,,קרחנאה,,,151,תולדות תנאים ואמוראים/ק/קרחנאה
toldot_tannaim:334149,bio,,קרנא,,,869,תולדות תנאים ואמוראים/ק/קרנא
toldot_tannaim:334150,xref,,קשישא,,,13,תולדות תנאים ואמוראים/ק/קשישא
toldot_tannaim:334151,bio,,קתרוס,,,126,תולדות תנאים ואמוראים/ק/קתרוס
toldot_tannaim:334120,bio,,ר' קורייס,,,19,תולדות תנאים ואמוראים/ק/ר' קורייס
toldot_tannaim:334129,bio,,ר' קיסמא בן גירי,,,111,תולדות תנאים ואמוראים/ק/ר' קיסמא בן גירי
toldot_tannaim:334133,bio,,ר' קיריס דאירמה,,,108,תולדות תנאים ואמוראים/ק/ר' קיריס דאירמה
toldot_tannaim:334138,bio,,ר' קמצפא,,,104,תולדות תנאים ואמוראים/ק/ר' קמצפא
toldot_tannaim:334143,bio,,ר' קצרא,,,92,תולדות תנאים ואמוראים/ק/ר' קצרא
toldot_tannaim:334148,bio,,ר' קריספא,ר' קריספי | ר' קרוספי | ר' קריספדא | ר' כרוספדאי | ר' קרציפא,,1061,"תולדות תנאים ואמוראים/ק/ר' קריספא - קריספי, קרוספי, קריספדא - כרוספדאי - קרציפא"
toldot_tannaim:334124,bio,,רב קטינא,,,1492,תולדות תנאים ואמוראים/ק/רב קטינא
toldot_tannaim:334123,list,,רב קטינא,,כל החכמים ששם אביהם היה רב קטינא,214,תולדות תנאים ואמוראים/ק/רב קטינא (כל החכמים ששם אביהם היה רב קטינא)
toldot_tannaim:1709727,bio,amoraim,ר' ראובן,,"אמורא בא""י בדור השלישי והרביעי",401,"תולדות תנאים ואמוראים/ר/ר' ראובן (אמורא בא""י בדור השלישי והרביעי)"
toldot_tannaim:1709726,bio,tannaim,ר' ראובן,,תנא,160,תולדות תנאים ואמוראים/ר/ר' ראובן (תנא)
toldot_tannaim:1709728,bio,,ר' ראובן בן איצטרובלי,,,605,תולדות תנאים ואמוראים/ר/ר' ראובן בן איצטרובלי
toldot_tannaim:1710089,bio,,ר' רדיפה,,,322,תולדות תנאים ואמוראים/ר/ר' רדיפה
toldot_tannaim:1710091,bio,,ר' רומנוס,,,533,תולדות תנאים ואמוראים/ר/ר' רומנוס
toldot_tannaim:1710100,bio,,ר' רחומאי,,,375,תולדות תנאים ואמוראים/ר/ר' רחומאי
toldot_tannaim:1710101,bio,,ר' רימון,,,106,תולדות תנאים ואמוראים/ר/ר' רימון
toldot_tannaim:1709729,list,,רב,,,429,תולדות תנאים ואמוראים/ר/רב
toldot_tannaim:1709730,bio,,רב בר יודה,,,136,תולדות תנאים ואמוראים/ר/רב בר יודה
toldot_tannaim:1709731,bio,,רב בר שבא,,,655,תולדות תנאים ואמוראים/ר/רב בר שבא
toldot_tannaim:1709732,bio,,רב בריה דשמואל,,,113,תולדות תנאים ואמוראים/ר/רב בריה דשמואל
toldot_tannaim:1709733,bio,,רב מדיפתא,,,27,תולדות תנאים ואמוראים/ר/רב מדיפתא
toldot_tannaim:1709517,bio,,רב רבאי דמן רוב,,,159,תולדות תנאים ואמוראים/ר/רב רבאי דמן רוב
toldot_tannaim:1710095,bio,,רב רחומי,,,395,תולדות תנאים ואמוראים/ר/רב רחומי א)
toldot_tannaim:1710097,bio,,רב רחומי,,,270,תולדות תנאים ואמוראים/ר/רב רחומי ב)
toldot_tannaim:1710098,bio,,רב רחומי,,,864,תולדות תנאים ואמוראים/ר/רב רחומי ג)
toldot_tannaim:1710099,bio,,רב רחומי מבירתא דשחורי,,,28,תולדות תנאים ואמוראים/ר/רב רחומי מבירתא דשחורי
toldot_tannaim:1709734,list,,רבא,,,297,תולדות תנאים ואמוראים/ר/רבא
toldot_tannaim:1709735,bio,,רבא,,סתם,40989,תולדות תנאים ואמוראים/ר/רבא (סתם)
toldot_tannaim:1709736,bio,,רבא אחוה דרב מרי בר רחל,רבא אבוה דרב מרי בר רחל,,38,תולדות תנאים ואמוראים/ר/רבא אחוה או אבוה דרב מרי בר רחל
toldot_tannaim:1709737,bio,,רבא בר אבא,,,38,תולדות תנאים ואמוראים/ר/רבא בר אבא
toldot_tannaim:1709738,bio,,רבא בר אבין,,,92,תולדות תנאים ואמוראים/ר/רבא בר אבין
toldot_tannaim:1709739,xref,,רבא בר אבינא,,,20,תולדות תנאים ואמוראים/ר/רבא בר אבינא
toldot_tannaim:1709742,bio,,רבא בר אהילאי,,,392,תולדות תנאים ואמוראים/ר/רבא בר אהילאי
toldot_tannaim:1709743,bio,,רבא בר אהינא,,,243,תולדות תנאים ואמוראים/ר/רבא בר אהינא
toldot_tannaim:1709747,bio,,רבא בר איתי,,,226,תולדות תנאים ואמוראים/ר/רבא בר איתי
toldot_tannaim:1709748,bio,,רבא בר אפיתון,,,153,תולדות תנאים ואמוראים/ר/רבא בר אפיתון
toldot_tannaim:1709749,xref,,רבא בר בינא,,,55,תולדות תנאים ואמוראים/ר/רבא בר בינא
toldot_tannaim:1709776,bio,,רבא בר בריה דרב פפי,,,75,תולדות תנאים ואמוראים/ר/רבא בר בריה דרב פפי
toldot_tannaim:1709752,bio,,רבא בר המדורי,,,389,תולדות תנאים ואמוראים/ר/רבא בר המדורי
toldot_tannaim:1709753,bio,,רבא בר זבדא,,,106,תולדות תנאים ואמוראים/ר/רבא בר זבדא
toldot_tannaim:1709754,bio,,רבא בר זוטרא,,,211,תולדות תנאים ואמוראים/ר/רבא בר זוטרא
toldot_tannaim:1709755,bio,,רבא בר זימונא,,,391,תולדות תנאים ואמוראים/ר/רבא בר זימונא
toldot_tannaim:1709756,xref,,רבא בר חיננא,רבא בר חנינא,,8,תולדות תנאים ואמוראים/ר/רבא בר חיננא או חנינא
toldot_tannaim:1709759,bio,,רבא בר חקלאי,,,64,תולדות תנאים ואמוראים/ר/רבא בר חקלאי
toldot_tannaim:1709855,bio,,רבא בר טוביה בר יצחק,,,82,תולדות תנאים ואמוראים/ר/רבא בר טוביה בר יצחק
toldot_tannaim:1709760,bio,,רבא בר יוסף,,,149,תולדות תנאים ואמוראים/ר/רבא בר יוסף
toldot_tannaim:1709762,xref,,רבא בר ירמיה,,,17,תולדות תנאים ואמוראים/ר/רבא בר ירמיה
toldot_tannaim:1709763,bio,,רבא בר ישמעאל,,,88,תולדות תנאים ואמוראים/ר/רבא בר ישמעאל
toldot_tannaim:1709764,xref,,רבא בר לואי,,,16,תולדות תנאים ואמוראים/ר/רבא בר לואי
toldot_tannaim:1709765,xref,,רבא בר לימא,,,16,תולדות תנאים ואמוראים/ר/רבא בר לימא
toldot_tannaim:1709766,bio,,רבא בר מחסיא,,,745,תולדות תנאים ואמוראים/ר/רבא בר מחסיא
toldot_tannaim:1709767,bio,,רבא בר מרי,,,49,תולדות תנאים ואמוראים/ר/רבא בר מרי
toldot_tannaim:1709768,bio,,רבא בר משרשיא,,,139,תולדות תנאים ואמוראים/ר/רבא בר משרשיא
toldot_tannaim:1709769,xref,,רבא בר מתנא,,,16,תולדות תנאים ואמוראים/ר/רבא בר מתנא
toldot_tannaim:1709770,xref,,רבא בר נתן,,,15,תולדות תנאים ואמוראים/ר/רבא בר נתן
toldot_tannaim:1709771,bio,,רבא בר נתן בר אמי,,,64,תולדות תנאים ואמוראים/ר/רבא בר נתן בר אמי
toldot_tannaim:1709775,bio,,רבא בר פפא,,,64,תולדות תנאים ואמוראים/ר/רבא בר פפא
toldot_tannaim:1709777,xref,,רבא בר קיסי,,,17,תולדות תנאים ואמוראים/ר/רבא בר קיסי
toldot_tannaim:1709778,bio,,רבא בר קיסנא,,,19,תולדות תנאים ואמוראים/ר/רבא בר קיסנא
toldot_tannaim:1709740,bio,,רבא בר רב אדא,,,452,תולדות תנאים ואמוראים/ר/רבא בר רב אדא
toldot_tannaim:1709751,xref,,רבא בר רב הונא זוטי,,,8,תולדות תנאים ואמוראים/ר/רבא בר רב הונא זוטי
toldot_tannaim:1709757,bio,,רבא בר רב חנן,,,1496,תולדות תנאים ואמוראים/ר/רבא בר רב חנן
toldot_tannaim:1709758,bio,,רבא בר רב חסדא,,,40,תולדות תנאים ואמוראים/ר/רבא בר רב חסדא
toldot_tannaim:1709773,bio,,רבא בר רב עזא,,,42,תולדות תנאים ואמוראים/ר/רבא בר רב עזא
toldot_tannaim:1709782,bio,,רבא בר שאילתא,,,66,תולדות תנאים ואמוראים/ר/רבא בר שאילתא
toldot_tannaim:1709781,bio,,רבא בר שבא,,,272,תולדות תנאים ואמוראים/ר/רבא בר שבא
toldot_tannaim:1709783,xref,,רבא בר שילא,,,16,תולדות תנאים ואמוראים/ר/רבא בר שילא
toldot_tannaim:1709784,bio,,רבא בר שירא,,,81,תולדות תנאים ואמוראים/ר/רבא בר שירא
toldot_tannaim:1709785,bio,,רבא בר שמואל,,,461,תולדות תנאים ואמוראים/ר/רבא בר שמואל
toldot_tannaim:1709786,bio,,רבא בר שרשום,,,88,תולדות תנאים ואמוראים/ר/רבא בר שרשום
toldot_tannaim:1709787,bio,,רבא בר תחליפא,,,127,תולדות תנאים ואמוראים/ר/רבא בר תחליפא
toldot_tannaim:1709750,xref,,רבא ברב הונא,,,19,תולדות תנאים ואמוראים/ר/רבא ברב הונא
toldot_tannaim:1709761,xref,,רבא ברב יצחק,,,19,תולדות תנאים ואמוראים/ר/רבא ברב יצחק
toldot_tannaim:1709744,bio,,רבא בריה דרב אויא סבא,,,320,תולדות תנאים ואמוראים/ר/רבא בריה דרב אויא סבא
toldot_tannaim:1709745,bio,,רבא בריה דרב אחא בר הונא,,,19,תולדות תנאים ואמוראים/ר/רבא בריה דרב אחא בר הונא
toldot_tannaim:1709746,bio,,רבא בריה דרב אידי בר אבין,,,205,תולדות תנאים ואמוראים/ר/רבא בריה דרב אידי בר אבין
toldot_tannaim:1709772,xref,,רבא בריה דרב עולא,,,13,תולדות תנאים ואמוראים/ר/רבא בריה דרב עולא
toldot_tannaim:1709774,bio,,רבא בריה דרב עילאי,,,32,תולדות תנאים ואמוראים/ר/רבא בריה דרב עילאי
toldot_tannaim:1709779,bio,,רבא בריה דרבה,,,997,תולדות תנאים ואמוראים/ר/רבא בריה דרבה
toldot_tannaim:1709780,bio,,רבא בריה דרבה בר רב הונא,,,202,תולדות תנאים ואמוראים/ר/רבא בריה דרבה בר רב הונא
toldot_tannaim:1709788,xref,,רבא זוטי,,,13,תולדות תנאים ואמוראים/ר/רבא זוטי
toldot_tannaim:1709789,bio,,רבא זעירא,,,105,תולדות תנאים ואמוראים/ר/רבא זעירא
toldot_tannaim:1709790,bio,,רבא מברניש,,,353,תולדות תנאים ואמוראים/ר/רבא מברניש
toldot_tannaim:1709791,bio,,רבא מפרזקי,,,356,תולדות תנאים ואמוראים/ר/רבא מפרזקי
toldot_tannaim:1709792,list,,רבא מפשרוניא,,,78,תולדות תנאים ואמוראים/ר/רבא מפשרוניא
toldot_tannaim:1709793,xref,,רבא תוספאה,,,15,תולדות תנאים ואמוראים/ר/רבא תוספאה
toldot_tannaim:1709795,bio,,רבה בר אבוה,,,2503,תולדות תנאים ואמוראים/ר/רבה בר אבוה
toldot_tannaim:1709837,xref,,רבה בר אבין,,,16,תולדות תנאים ואמוראים/ר/רבה בר אבין
toldot_tannaim:1709838,xref,,רבה בר אהילאי,,,18,תולדות תנאים ואמוראים/ר/רבה בר אהילאי
toldot_tannaim:1709839,bio,,רבה בר איבו,,,70,תולדות תנאים ואמוראים/ר/רבה בר איבו
toldot_tannaim:1709841,bio,,רבה בר איסי,,,24,תולדות תנאים ואמוראים/ר/רבה בר איסי
toldot_tannaim:1709842,bio,,רבה בר איתי,,,81,תולדות תנאים ואמוראים/ר/רבה בר איתי
toldot_tannaim:1709850,bio,,רבה בר בר חנא,,,6353,תולדות תנאים ואמוראים/ר/רבה בר בר חנא
toldot_tannaim:1709843,bio,,רבה בר ברונא,,,173,תולדות תנאים ואמוראים/ר/רבה בר ברונא
toldot_tannaim:1709846,xref,,רבה בר זוטרא,,,17,תולדות תנאים ואמוראים/ר/רבה בר זוטרא
toldot_tannaim:1709847,bio,,רבה בר חייא קטוספאה,,,531,תולדות תנאים ואמוראים/ר/רבה בר חייא קטוספאה
toldot_tannaim:1709851,bio,,רבה בר חיננא סבא,,,32,תולדות תנאים ואמוראים/ר/רבה בר חיננא סבא
toldot_tannaim:1709848,bio,,רבה בר חמא,,,40,תולדות תנאים ואמוראים/ר/רבה בר חמא
toldot_tannaim:1709849,bio,,רבה בר חנא,,,3740,תולדות תנאים ואמוראים/ר/רבה בר חנא
toldot_tannaim:1709852,bio,,רבה בר חנינא,,,51,תולדות תנאים ואמוראים/ר/רבה בר חנינא
toldot_tannaim:1709853,xref,,רבה בר חנן,,,15,תולדות תנאים ואמוראים/ר/רבה בר חנן
toldot_tannaim:1709854,xref,,רבה בר חקלאי,,,17,תולדות תנאים ואמוראים/ר/רבה בר חקלאי
toldot_tannaim:1709856,bio,,רבה בר יונתן,,,34,תולדות תנאים ואמוראים/ר/רבה בר יונתן
toldot_tannaim:1709857,bio,,רבה בר יוסף,,,16,תולדות תנאים ואמוראים/ר/רבה בר יוסף
toldot_tannaim:1709858,xref,,רבה בר יוסף בר חמא,,,90,תולדות תנאים ואמוראים/ר/רבה בר יוסף בר חמא
toldot_tannaim:1709859,bio,,רבה בר יעקב,,,54,תולדות תנאים ואמוראים/ר/רבה בר יעקב
toldot_tannaim:1709861,bio,,רבה בר ירמיה,,,1572,תולדות תנאים ואמוראים/ר/רבה בר ירמיה
toldot_tannaim:1709862,bio,,רבה בר כהנא,,,170,תולדות תנאים ואמוראים/ר/רבה בר כהנא
toldot_tannaim:1709863,bio,,רבה בר ליואי,,,269,תולדות תנאים ואמוראים/ר/רבה בר ליואי
toldot_tannaim:1709864,bio,,רבה בר לימא,,,63,תולדות תנאים ואמוראים/ר/רבה בר לימא
toldot_tannaim:1709865,xref,,רבה בר מחסיא,,,17,תולדות תנאים ואמוראים/ר/רבה בר מחסיא
toldot_tannaim:1709866,bio,,רבה בר מרי,,,987,תולדות תנאים ואמוראים/ר/רבה בר מרי
toldot_tannaim:1709867,bio,,רבה בר מריון,,,121,תולדות תנאים ואמוראים/ר/רבה בר מריון
toldot_tannaim:1709868,bio,,רבה בר מתנה,,,859,תולדות תנאים ואמוראים/ר/רבה בר מתנה
toldot_tannaim:1709516,bio,,רבה בר נחמני,,,18289,תולדות תנאים ואמוראים/ר/רבה בר נחמני
toldot_tannaim:1709870,bio,,רבה בר נתן,,,2521,תולדות תנאים ואמוראים/ר/רבה בר נתן
toldot_tannaim:1709871,bio,,רבה בר עולא,,,1987,תולדות תנאים ואמוראים/ר/רבה בר עולא
toldot_tannaim:1709873,bio,,רבה בר עופרן,,,130,תולדות תנאים ואמוראים/ר/רבה בר עופרן
toldot_tannaim:1709872,xref,,רבה בר עילאי,,,17,תולדות תנאים ואמוראים/ר/רבה בר עילאי
toldot_tannaim:1709874,bio,,רבה בר עשבי,,,72,תולדות תנאים ואמוראים/ר/רבה בר עשבי
toldot_tannaim:1709875,bio,,רבה בר קיריא,,,96,תולדות תנאים ואמוראים/ר/רבה בר קיריא
toldot_tannaim:1709741,xref,,רבה בר רב אדא,,,18,תולדות תנאים ואמוראים/ר/רבה בר רב אדא
toldot_tannaim:1709844,bio,,רבה בר רב הונא,,,5921,תולדות תנאים ואמוראים/ר/רבה בר רב הונא
toldot_tannaim:1709845,bio,,רבה בר רב הונא זוטא מנהרדעא,,,453,תולדות תנאים ואמוראים/ר/רבה בר רב הונא זוטא מנהרדעא
toldot_tannaim:1709860,bio,,רבה בר רב יצחק,,,437,תולדות תנאים ואמוראים/ר/רבה בר רב יצחק
toldot_tannaim:1709869,bio,,רבה בר רב נחמן,,,1118,תולדות תנאים ואמוראים/ר/רבה בר רב נחמן
toldot_tannaim:1709877,xref,,רבה בר שומני,,,20,תולדות תנאים ואמוראים/ר/רבה בר שומני
toldot_tannaim:1709878,bio,,רבה בר שילא,,,1993,תולדות תנאים ואמוראים/ר/רבה בר שילא
toldot_tannaim:1709879,xref,,רבה בר שילת,,,18,תולדות תנאים ואמוראים/ר/רבה בר שילת
toldot_tannaim:1709880,bio,,רבה בר שימי,,,180,תולדות תנאים ואמוראים/ר/רבה בר שימי א)
toldot_tannaim:1709881,bio,,רבה בר שימי,,,356,תולדות תנאים ואמוראים/ר/רבה בר שימי ב)
toldot_tannaim:1709882,xref,,רבה בר שירא,,,16,תולדות תנאים ואמוראים/ר/רבה בר שירא
toldot_tannaim:1709883,bio,,רבה בר שמואל,,,1621,תולדות תנאים ואמוראים/ר/רבה בר שמואל
toldot_tannaim:1709884,bio,,רבה בר תחליפא,,,439,תולדות תנאים ואמוראים/ר/רבה בר תחליפא
toldot_tannaim:1709840,xref,,רבה בריה דרב אידי בר אבין,,,8,תולדות תנאים ואמוראים/ר/רבה בריה דרב אידי בר אבין
toldot_tannaim:1709876,xref,,רבה בריה דרבא,,,18,תולדות תנאים ואמוראים/ר/רבה בריה דרבא
toldot_tannaim:1709885,bio,,רבה זוטי,,,457,תולדות תנאים ואמוראים/ר/רבה זוטי
toldot_tannaim:1709887,xref,,רבה מפרזקי,,,15,תולדות תנאים ואמוראים/ר/רבה מפרזקי
toldot_tannaim:1709886,xref,,רבה מפשרוניא,,,17,תולדות תנאים ואמוראים/ר/רבה מפשרוניא
toldot_tannaim:1709888,bio,,רבה מקובי,,,72,תולדות תנאים ואמוראים/ר/רבה מקובי
toldot_tannaim:1709889,bio,,רבה תוספאה,,,2075,תולדות תנאים ואמוראים/ר/רבה תוספאה
toldot_tannaim:1709890,xref,,רבותינו שבארץ ישראל,,,24,תולדות תנאים ואמוראים/ר/רבותינו שבארץ ישראל
toldot_tannaim:1709891,xref,,רבותינו שבבבל,,,27,תולדות תנאים ואמוראים/ר/רבותינו שבבבל
toldot_tannaim:1709892,bio,,רבותינו שבגולה,,,29,תולדות תנאים ואמוראים/ר/רבותינו שבגולה
toldot_tannaim:1709893,bio,,רבותינו שבדרום,,,101,תולדות תנאים ואמוראים/ר/רבותינו שבדרום
toldot_tannaim:1709894,xref,,רבי,,,19,תולדות תנאים ואמוראים/ר/רבי
toldot_tannaim:1709895,bio,,רביא בר קיסי,,,580,תולדות תנאים ואמוראים/ר/רביא בר קיסי
toldot_tannaim:1709896,xref,,רבין,,,27,תולדות תנאים ואמוראים/ר/רבין
toldot_tannaim:1709898,bio,,רבינא,,,10001,תולדות תנאים ואמוראים/ר/רבינא
toldot_tannaim:1709899,bio,,רבינא בר אבינא,,,143,תולדות תנאים ואמוראים/ר/רבינא בר אבינא
toldot_tannaim:1709901,bio,,רבינא בר ירמיה,,,117,תולדות תנאים ואמוראים/ר/רבינא בר ירמיה
toldot_tannaim:1709903,bio,,רבינא בר סיסי,,,151,תולדות תנאים ואמוראים/ר/רבינא בר סיסי
toldot_tannaim:1709904,xref,,רבינא בר קיסי,,,16,תולדות תנאים ואמוראים/ר/רבינא בר קיסי
toldot_tannaim:1709905,bio,,רבינא בר שילא,,,376,תולדות תנאים ואמוראים/ר/רבינא בר שילא
toldot_tannaim:1709900,bio,,רבינא בריה דרב הונא,,,5730,תולדות תנאים ואמוראים/ר/רבינא בריה דרב הונא
toldot_tannaim:1709902,bio,,רבינא בריה דרב עולא,,,13,תולדות תנאים ואמוראים/ר/רבינא בריה דרב עולא
toldot_tannaim:1709897,xref,,רבינא הקדמון,,,13,תולדות תנאים ואמוראים/ר/רבינא הקדמון
toldot_tannaim:1709906,bio,,רבינא מפרזקיא,,,66,תולדות תנאים ואמוראים/ר/רבינא מפרזקיא
toldot_tannaim:1709907,bio,,רבמי,רבסי,,61,תולדות תנאים ואמוראים/ר/רבמי–רבסי
toldot_tannaim:1709908,bio,,רבנאי,,,58,תולדות תנאים ואמוראים/ר/רבנאי
toldot_tannaim:1709909,bio,,רבנאי אחוה דר' חייא בר אבא,,,2279,תולדות תנאים ואמוראים/ר/רבנאי אחוה דר' חייא בר אבא
toldot_tannaim:1709910,bio,,רבנאי חוזאי,,,150,תולדות תנאים ואמוראים/ר/רבנאי חוזאי
toldot_tannaim:1709911,list,,רבנן דאגדתא,,,14,תולדות תנאים ואמוראים/ר/רבנן דאגדתא
toldot_tannaim:1709912,list,,רבנן דטבריא,,,14,תולדות תנאים ואמוראים/ר/רבנן דטבריא
toldot_tannaim:1709913,list,,רבנן דנוה,,,17,תולדות תנאים ואמוראים/ר/רבנן דנוה
toldot_tannaim:1709914,list,,רבנן דציפורי,,,14,תולדות תנאים ואמוראים/ר/רבנן דציפורי
toldot_tannaim:1709915,list,,רבנן דקיסרין,,,2792,תולדות תנאים ואמוראים/ר/רבנן דקיסרין
toldot_tannaim:1710086,list,,רבנן דרומיא,,,14,תולדות תנאים ואמוראים/ר/רבנן דרומיא
toldot_tannaim:1710087,list,,רבנן דתמן,,,44,תולדות תנאים ואמוראים/ר/רבנן דתמן
toldot_tannaim:1710090,bio,,רובין,,,244,תולדות תנאים ואמוראים/ר/רובין
toldot_tannaim:1710092,bio,,רוניא,,,408,תולדות תנאים ואמוראים/ר/רוניא
toldot_tannaim:1710093,list,,רועץ,,,34,תולדות תנאים ואמוראים/ר/רועץ
toldot_tannaim:1710094,bio,,רחבה דפומבדיתא,,,1981,תולדות תנאים ואמוראים/ר/רחבה דפומבדיתא
toldot_tannaim:1710102,list,,רישבא,,,27,תולדות תנאים ואמוראים/ר/רישבא
toldot_tannaim:1710103,bio,,רכיש בר פפא,,,33,תולדות תנאים ואמוראים/ר/רכיש בר פפא
toldot_tannaim:1710104,bio,,רמי בר אבא,,,1403,תולדות תנאים ואמוראים/ר/רמי בר אבא א)
toldot_tannaim:1710105,bio,,רמי בר אבא,,,483,תולדות תנאים ואמוראים/ר/רמי בר אבא ב)
toldot_tannaim:1710106,bio,,רמי בר אבין,,,70,תולדות תנאים ואמוראים/ר/רמי בר אבין
toldot_tannaim:1710107,bio,,רמי בר ברבי,רמי בר ברוכי,,352,תולדות תנאים ואמוראים/ר/רמי בר ברבי או ברוכי
toldot_tannaim:1710108,xref,,רמי בר דיקולי,,,16,תולדות תנאים ואמוראים/ר/רמי בר דיקולי
toldot_tannaim:1710109,bio,,רמי בר חמא,,,3804,תולדות תנאים ואמוראים/ר/רמי בר חמא
toldot_tannaim:1710111,bio,,רמי בר יחזקאל,,,1493,תולדות תנאים ואמוראים/ר/רמי בר יחזקאל
toldot_tannaim:1710113,bio,,רמי בר פפא,,,285,תולדות תנאים ואמוראים/ר/רמי בר פפא
toldot_tannaim:1710110,bio,,רמי בר רב יוד,,,216,תולדות תנאים ואמוראים/ר/רמי בר רב יוד
toldot_tannaim:1710114,bio,,רמי בר שמואל,,,148,תולדות תנאים ואמוראים/ר/רמי בר שמואל
toldot_tannaim:1710115,bio,,רמי בר תמרי,,,1390,תולדות תנאים ואמוראים/ר/רמי בר תמרי
toldot_tannaim:1710112,bio,,רמי בריה דרב ייבא,,,61,תולדות תנאים ואמוראים/ר/רמי בריה דרב ייבא
toldot_tannaim:1710116,list,,רמש,,,24,תולדות תנאים ואמוראים/ר/רמש
toldot_tannaim:1710117,list,,רעולאי,,,25,תולדות תנאים ואמוראים/ר/רעולאי
toldot_tannaim:1710118,bio,,רפרם,,,1326,תולדות תנאים ואמוראים/ר/רפרם
toldot_tannaim:1710119,bio,,רפרם בר פפא,,,952,תולדות תנאים ואמוראים/ר/רפרם בר פפא א)
toldot_tannaim:1710120,bio,,רפרם בר פפא,,,747,תולדות תנאים ואמוראים/ר/רפרם בר פפא ב)
toldot_tannaim:1710121,bio,,רפרם בר פפא מסיכרא,,,248,תולדות תנאים ואמוראים/ר/רפרם בר פפא מסיכרא
toldot_tannaim:1710122,list,,רקתא,,,25,תולדות תנאים ואמוראים/ר/רקתא
toldot_tannaim:1709389,bio,,ר' שיין,,,359,תולדות תנאים ואמוראים/ש/ר' שיין
toldot_tannaim:1709391,bio,tannaim,ר' שילא,,תנא דתוספתא,931,תולדות תנאים ואמוראים/ש/ר' שילא (תנא דתוספתא)
toldot_tannaim:1716497,bio,,ר' שמעון בולוטה,,,127,תולדות תנאים ואמוראים/ש/ר' שמעון בולוטה
toldot_tannaim:1715893,bio,,ר' שמעון בן הסגן,,,559,תולדות תנאים ואמוראים/ש/ר' שמעון בן הסגן
toldot_tannaim:1715931,bio,,ר' שמעון בן לוי,,,432,תולדות תנאים ואמוראים/ש/ר' שמעון בן לוי
toldot_tannaim:1715933,bio,,ר' שמעון בן לקיש-ריש לקיש,,,25347,תולדות תנאים ואמוראים/ש/ר' שמעון בן לקיש-ריש לקיש
toldot_tannaim:1715938,bio,,ר' שמעון בן מנסיא,,,3704,תולדות תנאים ואמוראים/ש/ר' שמעון בן מנסיא
toldot_tannaim:1715972,bio,,ר' שמעון בן ננס,,,1369,תולדות תנאים ואמוראים/ש/ר' שמעון בן ננס
toldot_tannaim:1715974,bio,,ר' שמעון בן נתנאל,,,768,תולדות תנאים ואמוראים/ש/ר' שמעון בן נתנאל
toldot_tannaim:1716041,bio,,ר' שמעון בן עקשיה,,,142,תולדות תנאים ואמוראים/ש/ר' שמעון בן עקשיה
toldot_tannaim:1716042,bio,,ר' שמעון בן פזי,,,1482,תולדות תנאים ואמוראים/ש/ר' שמעון בן פזי
toldot_tannaim:1716043,bio,,ר' שמעון בן קיסמא,,,15,תולדות תנאים ואמוראים/ש/ר' שמעון בן קיסמא
toldot_tannaim:1716040,bio,,ר' שמעון בן ר' עקיבא,,,310,תולדות תנאים ואמוראים/ש/ר' שמעון בן ר' עקיבא
toldot_tannaim:1716495,bio,,ר' שמעון בן שקפא,,,33,תולדות תנאים ואמוראים/ש/ר' שמעון בן שקפא
toldot_tannaim:1716496,bio,,ר' שמעון בן תחליפא,,,184,תולדות תנאים ואמוראים/ש/ר' שמעון בן תחליפא
toldot_tannaim:1715986,xref,,ר' שמעון בר' סימון,,,80,תולדות תנאים ואמוראים/ש/ר' שמעון בר' סימון
toldot_tannaim:1715906,bio,,ר' שמעון בר כהנא,,,1741,תולדות תנאים ואמוראים/ש/ר' שמעון בר כהנא
toldot_tannaim:1715909,bio,,ר' שמעון בר כרסנא,,,565,תולדות תנאים ואמוראים/ש/ר' שמעון בר כרסנא
toldot_tannaim:1715934,bio,,ר' שמעון בר מיישא,,,34,תולדות תנאים ואמוראים/ש/ר' שמעון בר מיישא
toldot_tannaim:1715939,bio,,ר' שמעון בר נזירא,,,720,תולדות תנאים ואמוראים/ש/ר' שמעון בר נזירא
toldot_tannaim:1715935,bio,,ר' שמעון בר נחמן,,,123,תולדות תנאים ואמוראים/ש/ר' שמעון בר נחמן
toldot_tannaim:1715987,xref,,ר' שמעון בר סני,,,17,תולדות תנאים ואמוראים/ש/ר' שמעון בר סני
toldot_tannaim:1716498,bio,,ר' שמעון דימא,ר' שמעון דיינא,,83,תולדות תנאים ואמוראים/ש/ר' שמעון דימא או דיינא
toldot_tannaim:1709425,bio,,רב שיזבי,,,1142,תולדות תנאים ואמוראים/ש/רב שיזבי א)
toldot_tannaim:1709394,bio,,רב שיזבי,,,707,תולדות תנאים ואמוראים/ש/רב שיזבי ב)
toldot_tannaim:1709395,redirect,,רב שיזבי ב .,,,0,תולדות תנאים ואמוראים/ש/רב שיזבי ב).
toldot_tannaim:1709388,bio,,רב שייא,,,95,תולדות תנאים ואמוראים/ש/רב שייא
toldot_tannaim:1716538,bio,,רב ששת,,,11336,תולדות תנאים ואמוראים/ש/רב ששת
toldot_tannaim:1716534,xref,,רב ששת בריה דרב אידי,,,12,תולדות תנאים ואמוראים/ש/רב ששת בריה דרב אידי
toldot_tannaim:1716533,bio,,רב ששת בריה דרב יהושע,,,63,תולדות תנאים ואמוראים/ש/רב ששת בריה דרב יהושע
toldot_tannaim:1716532,bio,,רב ששת מקרטיזא,,,82,תולדות תנאים ואמוראים/ש/רב ששת מקרטיזא
toldot_tannaim:1715897,bio,,ר' שמעון בר זביד,,,128,תולדות תנאים ואמוראים/ש/ר׳ שמעון בר זביד
toldot_tannaim:1709431,bio,,שגביון,,,49,תולדות תנאים ואמוראים/ש/שגביון
toldot_tannaim:1709430,list,,שגובלי,,,30,תולדות תנאים ואמוראים/ש/שגובלי
toldot_tannaim:1709429,list,,שומני,,,36,תולדות תנאים ואמוראים/ש/שומני
toldot_tannaim:1709426,list,,שונם,,,31,תולדות תנאים ואמוראים/ש/שונם
toldot_tannaim:1709386,bio,,שזפר,,,60,תולדות תנאים ואמוראים/ש/שזפר
toldot_tannaim:1709387,list,,שטח,,,60,תולדות תנאים ואמוראים/ש/שטח
toldot_tannaim:1709358,bio,,שיבחת,,,416,תולדות תנאים ואמוראים/ש/שיבחת
toldot_tannaim:1709390,list,,שילא,,,202,תולדות תנאים ואמוראים/ש/שילא
toldot_tannaim:1715128,bio,,שמעון איש המצפה,,,420,תולדות תנאים ואמוראים/ש/שמעון איש המצפה
toldot_tannaim:1715129,bio,,שמעון איש קטרון,,,82,תולדות תנאים ואמוראים/ש/שמעון איש קטרון
toldot_tannaim:1715932,xref,,שמעון בן לוגא,,,22,תולדות תנאים ואמוראים/ש/שמעון בן לוגא
toldot_tannaim:1715988,bio,,שמעון בן עזאי,,,7669,תולדות תנאים ואמוראים/ש/שמעון בן עזאי
toldot_tannaim:1716044,bio,,שמעון בן קמחית,,,457,תולדות תנאים ואמוראים/ש/שמעון בן קמחית
toldot_tannaim:1715973,bio,,שמעון בר נרשייא,,,123,תולדות תנאים ואמוראים/ש/שמעון בר נרשייא
toldot_tannaim:334447,bio,,אבא תחנא חסידא,,,473,תולדות תנאים ואמוראים/ת/אבא תחנא חסידא
toldot_tannaim:334419,bio,,ר' תדאי,,,305,תולדות תנאים ואמוראים/ת/ר' תדאי
toldot_tannaim:334430,bio,amoraim,ר' תחליפא,,אמורא ירושלמי,378,תולדות תנאים ואמוראים/ת/ר' תחליפא (אמורא ירושלמי)
toldot_tannaim:334438,bio,,ר' תחליפא בר בר חנא,,,137,תולדות תנאים ואמוראים/ת/ר' תחליפא בר בר חנא
toldot_tannaim:334437,bio,,ר' תחליפא בר גיזא,ר' תחליפא בר גזא,,37,תולדות תנאים ואמוראים/ת/ר' תחליפא בר גיזא או גזא
toldot_tannaim:334440,bio,,ר' תחליפא בר יעקב,,,90,תולדות תנאים ואמוראים/ת/ר' תחליפא בר יעקב
toldot_tannaim:334441,bio,,ר' תחליפא בר מערבא,,,952,תולדות תנאים ואמוראים/ת/ר' תחליפא בר מערבא
toldot_tannaim:334439,bio,,ר' תחליפא בר רב חסדא,,,15,תולדות תנאים ואמוראים/ת/ר' תחליפא בר רב חסדא
toldot_tannaim:334442,bio,,ר' תחליפא בר שאול,ר' תחליפא בר שמואל,,1198,תולדות תנאים ואמוראים/ת/ר' תחליפא בר שאול או שמואל
toldot_tannaim:334443,bio,,ר' תחליפא דקיסרין,,,350,תולדות תנאים ואמוראים/ת/ר' תחליפא דקיסרין
toldot_tannaim:334444,bio,,ר' תחליפא חמיו דר' אבהו,,,143,תולדות תנאים ואמוראים/ת/ר' תחליפא חמיו דר' אבהו
toldot_tannaim:334445,bio,,ר' תחליפא חמיו דר' אחא,,,98,תולדות תנאים ואמוראים/ת/ר' תחליפא חמיו דר' אחא
toldot_tannaim:334446,bio,,ר' תחנא,,,147,תולדות תנאים ואמוראים/ת/ר' תחנא
toldot_tannaim:334453,bio,,ר' תנחום,,,1621,תולדות תנאים ואמוראים/ת/ר' תנחום
toldot_tannaim:334454,bio,,ר' תנחום אדרייא,,,74,תולדות תנאים ואמוראים/ת/ר' תנחום אדרייא
toldot_tannaim:334455,bio,,ר' תנחום איסבולסטיקא,,,87,תולדות תנאים ואמוראים/ת/ר' תנחום איסבולסטיקא
toldot_tannaim:334475,bio,,ר' תנחום ביצרייא,,,76,תולדות תנאים ואמוראים/ת/ר' תנחום ביצרייא
toldot_tannaim:334465,bio,,ר' תנחום בר' טרפון,,,25,תולדות תנאים ואמוראים/ת/ר' תנחום בר' טרפון
toldot_tannaim:334467,bio,,ר' תנחום בר' יוסי,,,52,תולדות תנאים ואמוראים/ת/ר' תנחום בר' יוסי
toldot_tannaim:334457,bio,,ר' תנחום בר חייא,,,1023,תולדות תנאים ואמוראים/ת/ר' תנחום בר חייא
toldot_tannaim:334459,bio,,ר' תנחום בר חכינאי,,,123,תולדות תנאים ואמוראים/ת/ר' תנחום בר חכינאי
toldot_tannaim:334460,bio,,ר' תנחום בר חמא,,,68,תולדות תנאים ואמוראים/ת/ר' תנחום בר חמא
toldot_tannaim:334461,bio,,ר' תנחום בר חנילאי,,,1450,תולדות תנאים ואמוראים/ת/ר' תנחום בר חנילאי
toldot_tannaim:334462,bio,,ר' תנחום בר חנינא,,,61,תולדות תנאים ואמוראים/ת/ר' תנחום בר חנינא
toldot_tannaim:334466,bio,,ר' תנחום בר יודן,ר' תנחום בר יהודה,,333,תולדות תנאים ואמוראים/ת/ר' תנחום בר יודן (או יהודה)
toldot_tannaim:334468,bio,,ר' תנחום בר ירמיה,,,1008,תולדות תנאים ואמוראים/ת/ר' תנחום בר ירמיה
toldot_tannaim:334469,bio,,ר' תנחום בר מני,,,71,תולדות תנאים ואמוראים/ת/ר' תנחום בר מני
toldot_tannaim:334470,bio,,ר' תנחום בר מריון,,,92,תולדות תנאים ואמוראים/ת/ר' תנחום בר מריון
toldot_tannaim:334471,bio,,ר' תנחום בר נחמני,,,61,תולדות תנאים ואמוראים/ת/ר' תנחום בר נחמני
toldot_tannaim:334472,bio,,ר' תנחום בר עילא,,,315,תולדות תנאים ואמוראים/ת/ר' תנחום בר עילא
toldot_tannaim:334473,bio,,ר' תנחום בר פפא,,,243,תולדות תנאים ואמוראים/ת/ר' תנחום בר פפא
toldot_tannaim:334474,bio,,ר' תנחום ברבי,חתניה דר' שמלאי,,17,"תולדות תנאים ואמוראים/ת/ר' תנחום ברבי, חתניה דר' שמלאי"
toldot_tannaim:334456,xref,,ר' תנחום בריה דר' אמי,,,22,תולדות תנאים ואמוראים/ת/ר' תנחום בריה דר' אמי
toldot_tannaim:334458,bio,,ר' תנחום בריה דר' חייא איש כפר עכו,,,505,תולדות תנאים ואמוראים/ת/ר' תנחום בריה דר' חייא איש כפר עכו
toldot_tannaim:334476,bio,,ר' תנחום דכפר גון,,,55,תולדות תנאים ואמוראים/ת/ר' תנחום דכפר גון
toldot_tannaim:334477,bio,,ר' תנחום דמן יפו,,,83,תולדות תנאים ואמוראים/ת/ר' תנחום דמן יפו
toldot_tannaim:334478,bio,,ר' תנחום דמן נוי,,,231,תולדות תנאים ואמוראים/ת/ר' תנחום דמן נוי
toldot_tannaim:334479,bio,,ר' תנחום דמן פרוד,,,119,תולדות תנאים ואמוראים/ת/ר' תנחום דמן פרוד
toldot_tannaim:334480,bio,,ר' תנחומא,,,1610,תולדות תנאים ואמוראים/ת/ר' תנחומא
toldot_tannaim:334481,xref,,ר' תנחומא אדרעי,,,19,תולדות תנאים ואמוראים/ת/ר' תנחומא אדרעי
toldot_tannaim:334499,bio,,ר' תנחומא בי ר' יונה ממצוצרא,ר' תנחומא בי ר' יונה מבצוצרא,,25,תולדות תנאים ואמוראים/ת/ר' תנחומא בי ר' יונה ממצוצרא או מבצוצרא
toldot_tannaim:334500,bio,,ר' תנחומא בי ר' מנחם בר' יעקב,,,36,תולדות תנאים ואמוראים/ת/ר' תנחומא בי ר' מנחם בר' יעקב
toldot_tannaim:334482,xref,,ר' תנחומא בר אבא,,,20,תולדות תנאים ואמוראים/ת/ר' תנחומא בר אבא
toldot_tannaim:334483,xref,,ר' תנחומא בר יהודה,,,21,תולדות תנאים ואמוראים/ת/ר' תנחומא בר יהודה
toldot_tannaim:334501,bio,,ר' תפדאי,,,74,תולדות תנאים ואמוראים/ת/ר' תפדאי
toldot_tannaim:334429,bio,,רב תחליפא,,,286,תולדות תנאים ואמוראים/ת/רב תחליפא
toldot_tannaim:334431,bio,,"רב תחליפא אבוה דר""ה בר תחליפא",,,88,"תולדות תנאים ואמוראים/ת/רב תחליפא אבוה דר""ה בר תחליפא"
toldot_tannaim:334432,bio,,רב תחליפא אחוה דרבינאי חוזאה,,,130,תולדות תנאים ואמוראים/ת/רב תחליפא אחוה דרבינאי חוזאה
toldot_tannaim:334433,bio,,רב תחליפא בר אבדימי,רב תחליפא בר אבימי,,564,תולדות תנאים ואמוראים/ת/רב תחליפא בר אבדימי או אבימי
toldot_tannaim:334434,bio,,רב תחליפא בר אבינא,,,80,תולדות תנאים ואמוראים/ת/רב תחליפא בר אבינא
toldot_tannaim:334436,bio,,רב תחליפא בר אימי,,,299,תולדות תנאים ואמוראים/ת/רב תחליפא בר אימי
toldot_tannaim:334421,bio,,תודוס איש רומי,,,442,תולדות תנאים ואמוראים/ת/תודוס איש רומי
toldot_tannaim:334422,bio,,תודוס הרופא,,,380,תולדות תנאים ואמוראים/ת/תודוס הרופא
toldot_tannaim:334423,bio,,תוטאי,,,80,תולדות תנאים ואמוראים/ת/תוטאי
toldot_tannaim:334424,xref,,תוטני,,,13,תולדות תנאים ואמוראים/ת/תוטני
toldot_tannaim:334425,list,,תורתא,,,56,תולדות תנאים ואמוראים/ת/תורתא
toldot_tannaim:334426,xref,,תחינא בן פרישה,,,19,תולדות תנאים ואמוראים/ת/תחינא בן פרישה
toldot_tannaim:334428,list,,תחליפא,,,305,תולדות תנאים ואמוראים/ת/תחליפא
toldot_tannaim:334448,bio,,תימא,,,196,תולדות תנאים ואמוראים/ת/תימא
toldot_tannaim:334449,bio,,תלמי המלך,,,938,תולדות תנאים ואמוראים/ת/תלמי המלך
toldot_tannaim:334450,list,,תמרי,,,22,תולדות תנאים ואמוראים/ת/תמרי
toldot_tannaim:334451,bio,,תנא דבי ר' פלוני תנא קמיה דר' פלוני,תנא דבי ר' תני תנא קמיה דר' פלוני,,663,תולדות תנאים ואמוראים/ת/תנא דבי ר' פלוני או תני תנא קמיה דר' פלוני
toldot_tannaim:334452,list,,תנחום,,,99,תולדות תנאים ואמוראים/ת/תנחום
toldot_tannaim:334502,xref,,"תקיפי דא""י",,,57,"תולדות תנאים ואמוראים/ת/תקיפי דא""י"
toldot_tannaim:334503,bio,,תקיפי קדמאה,,,26,תולדות תנאים ואמוראים/ת/תקיפי קדמאה
toldot_tannaim:334504,list,,תרדיון,,,104,תולדות תנאים ואמוראים/ת/תרדיון
