era,title,id,label,born,died,description
tannaim,אנטיגנוס איש סוכו,Q2590159,,,-263,
tannaim,חוני המעגל,Q2553579,,-100,-62,
tannaim,שמעון בן שטח,Q338378,,-139,-59,
tannaim,שמעון בן הלל,Q733042,,-100,9,
tannaim,ישו,Q302,,-5,30,
tannaim,שמאי הזקן,Q467138,,-49,30,
tannaim,רבן גמליאל הזקן,Q310584,,-100,50,
tannaim,איזטס השני,Q3047056,,1,55,
tannaim,רבן שמעון בן גמליאל הזקן,Q2037623,,-9,69,
tannaim,רבן יוחנן בן זכאי,Q733660,,-50,70,
tannaim,רבי חנינא בן דוסא,Q568935,,40,75,
tannaim,הלל הזקן,Q319219,,-100,100,
tannaim,רבי חנינא סגן הכהנים,Q578079,,-100,100,
tannaim,רבי צדוק,Q140095,,-1,100,
tannaim,רבי חלפתא,Q2897331,,101,101,
tannaim,רבן גמליאל דיבנה,Q1492866,,100,114,
tannaim,אונקלוס,Q2533433,,1,120,
tannaim,רבי טרפון,Q1268142,,50,130,
tannaim,אלישע בן אבויה,Q542710,,70,135,
tannaim,רבי ישבב הסופר,Q2907627,,40,135,
tannaim,רבי ישמעאל,Q1391069,,70,135,
tannaim,רבי עקיבא,Q310821,,50,135,
tannaim,רבי יוסי,Q982075,,101,150,
tannaim,רבי שמעון בר יוחאי,Q557405,,100,160,
tannaim,בן זומא,Q816598,,,200,
tannaim,חנניה בן אחי רבי יהושע,Q1061616,,,200,
tannaim,נחום איש גמזו,Q446664,,100,200,
tannaim,רבי אליעזר בן הורקנוס,Q1329310,,100,200,
tannaim,רבי אליעזר בן רבי יוסי הגלילי,Q921589,,200,200,
tannaim,רבי אלעאי (תנא),Q679634,,101,200,
tannaim,רבי אלעזר בן עזריה,Q1325787,,100,200,
tannaim,רבי אלעזר בן ערך,Q1325789,,100,200,
tannaim,רבי אלעזר המודעי,Q982078,,101,200,
tannaim,רבי אלעזר הקפר,Q982070,,200,200,
tannaim,רבי אלעזר חסמא,Q982199,,100,200,
tannaim,רבי חנניה בן עקשיא,Q6825689,,100,200,
tannaim,רבי חנניה בן תרדיון,Q982179,,100,200,
tannaim,רבי יהודה,Q1391585,,101,200,
tannaim,רבי יהודה הנשיא,Q380427,,135,200,
tannaim,רבי יוחנן בן נורי,Q447687,,100,200,
tannaim,רבי יוחנן הסנדלר,Q449248,,100,200,
tannaim,רבי יוסי בן קיסמא,Q374146,,100,200,
tannaim,רבי יוסי ברבי יהודה,Q301088,,200,200,
tannaim,רבי מאיר,Q1621623,,101,200,
tannaim,רבי מתיא בן חרש,Q449241,,101,200,
tannaim,רבי נחוניה בן הקנה,Q982191,,100,200,
tannaim,שמואל הקטן,Q2219012,,100,200,
tannaim,אבא בנימין,Q30527571,,,,
tannaim,אבא יוסף הבנאי,Q55647221,,,,
tannaim,אבא שאול,Q2763097,,101,,
tannaim,אבטולמוס,Q2695791,,101,,
tannaim,בבא בן בוטא,Q2070197,,-100,,
tannaim,בן בג בג,Q16155143,,50,,
tannaim,חנן המצרי,Q2892486,,101,,
tannaim,חנן הנחבא,Q115786078,,,,
tannaim,חנניה בן חזקיה,Q2069730,,-50,,
tannaim,יהודה בן נחמיה,Q123819771,,,,
tannaim,יהושע בן זירוז,Q139765481,,,,
tannaim,יהושע בן פרחיה,Q2778130,,-150,,
tannaim,נחום המדי,Q2895176,,1,,
tannaim,סומכוס,Q2071105,,101,,
tannaim,פלימו,Q111273415,,,,
tannaim,רב הונא קמא,Q2902935,,101,,
tannaim,רבי אליעזר בן יעקב (השני),Q1329293,,100,,
tannaim,רבי אלעזר בן יהודה איש ברתותא,Q2086119,,101,,
tannaim,רבי אלעזר בן פרטא,Q2697384,,101,,
tannaim,רבי אלעזר בן שמוע,Q739520,,101,,
tannaim,רבי דוסא בן הרכינס,Q131833,,1,,
tannaim,רבי זכריה בן הקצב,Q42054008,,100,,
tannaim,רבי חנינא בן אנטיגנוס,Q2070213,,101,,
tannaim,רבי חנניה בן חכינאי,Q2070205,,101,,
tannaim,רבי יהודה בן בתירא,Q2902564,,1,,
tannaim,רבי יהושע בן קרחה,Q449264,,101,,
tannaim,רבי יהושע הגרסי,Q64590733,,,,
tannaim,רבי יוחנן בן ברוקה,Q948902,,101,,
tannaim,רבי יוחנן בן תורתא,Q2897319,,101,,
tannaim,רבי יונתן,Q449288,,101,,
tannaim,רבי נחמיה,Q2902906,,101,,
tannaim,רבי נתן,Q1400124,,101,,
tannaim,רבי פפייס,Q31798220,,,,
tannaim,רבי שמעון בן אלעזר,Q177481,,101,,
tannaim,רבן שמעון בן גמליאל,Q1400135,,100,,
tannaim,שמעון בן ננס,Q61126541,,,,
tannaim,שמעון התימני,Q2892375,,101,,
amoraim,רב שילא,Q3415876,,200,200,
amoraim,רבי חייא,Q2904193,,180,230,
amoraim,רבן גמליאל ברבי,Q357157,,250,235,
amoraim,רב (אמורא),Q305760,,160,247,
amoraim,שמואל (אמורא),Q723557,,160,257,
amoraim,רבי יהודה נשיאה,Q1529450,,300,270,
amoraim,ריש לקיש,Q1391489,,200,275,
amoraim,רבי אלעזר בן פדת,Q1325773,,200,279,
amoraim,רבי יוחנן,Q1397565,,180,279,
amoraim,רבן גמליאל הרביעי,Q928893,,300,290,
amoraim,רב הונא,Q1794530,,212,296,
amoraim,רב יהודה,Q359777,,220,299,
amoraim,אבוה דשמואל,Q305784,,200,300,
amoraim,בר קפרא,Q449117,,101,300,
amoraim,הלל (בן גמליאל),Q16156905,,1000,300,
amoraim,ידוע הבבלי,Q2892416,,101,300,
amoraim,לוי בר סיסי,Q2897998,,101,300,
amoraim,רבי בנאה,Q450436,,101,300,
amoraim,רבי יהושע בן לוי,Q359782,,300,300,
amoraim,רבי יוסי בן זמרה,Q2897422,,101,300,
amoraim,רבי ינאי,Q2124910,,300,300,
amoraim,רבי שילא איש כפר תמרתא,Q3482096,,,300,
amoraim,רב חסדא,Q1391057,,217,309,
amoraim,רב נחמן,Q2124832,,235,320,
amoraim,רב ששת,Q743044,,250,320,
amoraim,רבי אבהו,Q305830,,300,320,
amoraim,רבה בר רב הונא,Q2124894,,300,322,
amoraim,רבה בר נחמני,Q360557,,270,330,
amoraim,רבי יהודה נשיאה השני,Q1710854,,265,330,
amoraim,רב יוסף,Q359768,,270,333,
amoraim,אביי,Q304924,,278,337,
amoraim,רב ספרא,Q7296289,,280,338,
amoraim,רבי חייא בר אמי,Q20502443,,300,350,
amoraim,רבא,Q1304973,,280,352,
amoraim,רב נחמן בר יצחק,Q2124834,,280,356,
amoraim,הלל נשיאה,Q540824,,300,365,
amoraim,רב פפא,Q742636,,300,375,
amoraim,רבי אבא בר פפי,Q4663673,,,375,
amoraim,רב חמא,Q1060373,,300,377,
amoraim,רבן גמליאל החמישי,Q1492860,,400,380,
amoraim,רב אדא בר אהבה,Q1410699,,300,400,
amoraim,רב הונא בר חייא,Q1637333,,300,400,
amoraim,רב המנונא סבא (אמורא),Q100154111,,300,400,
amoraim,רבי אבדימי דמן חיפה,Q574650,,300,400,
amoraim,רבי אילעא (אמורא),Q467142,,250,400,
amoraim,רבי ברכיה,Q7278538,,400,400,
amoraim,רבי זירא,Q7296294,,300,400,
amoraim,רבי חלבו,Q1069053,,300,400,
amoraim,רבי יהודה נשיאה השלישי,Q1710857,,400,400,
amoraim,רבי שמואל בר נחמני,Q2219010,,300,400,
amoraim,רבי תנחומא,Q2392189,,400,400,
amoraim,רב הונא בריה דרב יהושע,Q1637336,,400,410,
amoraim,מר זוטרא,Q1892187,,400,417,
amoraim,רבינא,Q1850885,,400,422,
amoraim,רבן גמליאל השישי,Q742029,,370,425,
amoraim,רב אשי,Q742620,,352,427,
amoraim,מרימר,Q12409537,,,432,
amoraim,רפרם (אמורא בדור השביעי),Q7282718,,,443,
amoraim,מר בר רב אשי,Q2904113,,,467,
amoraim,רבינא האחרון,Q743217,,500,499,
amoraim,אמימר,Q454422,,400,500,
amoraim,רב הונא בריה דרב נתן,Q454405,,400,500,
amoraim,רב רחומי השלישי,Q7296288,,,506,
amoraim,רבה יוסי,Q7278517,,,514,
amoraim,אבא אומנא,Q4663686,,,,
amoraim,אבא בר אחא בר סלא מכפרי,Q25498181,,,,
amoraim,אבא בר מרתא,Q4663670,,,,
amoraim,אבימי,Q6569449,,,,
amoraim,אבימי בן רחבה,Q19317835,,,,
amoraim,אבימי בר נאזי,Q21035167,,,,
amoraim,אבימי בר פפי,Q18575248,,,,
amoraim,אבימי בריה דרבי אבהו,Q18422795,,,,
amoraim,אבימי מהגרוניא,Q21035168,,,,
amoraim,אליעזר זעירא,Q99769243,,,,
amoraim,אמימר בר מר ינוקא,Q7038220,,,,
amoraim,אשיאן בר נדבך,Q100559223,,250,,
amoraim,גניבא,Q18038621,,,,
amoraim,חייא בר רב,Q6583256,,,,
amoraim,יהודה בר מרימר,Q11041243,,,,
amoraim,ייבא חמוה דאשיין בר נדבך,Q6583649,,,,
amoraim,מר בריה דרבנא,Q598839,,,,
amoraim,מר עוקבא,Q6754446,,,,
amoraim,מר שמואל מר,Q117745354,,,,
amoraim,עיפא,Q19317839,,,,
amoraim,קרנא,Q7296284,,,,
amoraim,רב אבדימי בר חמא בר חסא,Q30526578,,,,
amoraim,רב אבהו,Q6854677,,,,
amoraim,רב אדא בר אבא,Q7055550,,,,
amoraim,רב אהרן,Q62758092,,400,,
amoraim,רב אחא בר אביי,Q6510428,,,,
amoraim,רב אחא בר אדא,Q6582301,,,,
amoraim,רב אחא בר יוסף,Q12411197,,,,
amoraim,רב אחא בר יעקב,Q4694892,,,,
amoraim,רב אחא בר רב איקא,Q6532443,,,,
amoraim,רב אחא בר רב הונא,Q6741480,,,,
amoraim,רב אחא ברדלא,Q6560952,,,,
amoraim,רב אחא בריה דרב אויא,Q120861203,,,,
amoraim,רב אחא בריה דרבא,Q4694893,,,,
amoraim,רב אחא מדפתי,Q6736038,,,,
amoraim,רב אחאי,Q4694908,,,,
amoraim,רב אידי בר אבין,Q10971640,,,,
amoraim,רב אידי בר אבין (השני),Q6605745,,,,
amoraim,רב אסי,Q741458,,200,,
amoraim,רב ביבי,Q6976406,,,,
amoraim,רב ביבי בר אביי,Q7016001,,,,
amoraim,רב בר שבא,Q19344639,,,,
amoraim,רב ברונא,Q7296277,,,,
amoraim,רב גידל,Q7296280,,,,
amoraim,רב גמדא,Q104054899,,,,
amoraim,רב דימי,Q6715844,,,,
amoraim,רב דימי בר יוסף,Q7060590,,,,
amoraim,רב דימי מנהרדעא,Q1225775,,400,,
amoraim,רב הונא (הכהן),Q12411198,,,,
amoraim,רב הונא בר חיננא,Q6921148,,,,
amoraim,רב הונא בר יהודה,Q6964369,,,,
amoraim,רב הונא בר מנוח,Q6550301,,,,
amoraim,רב הונא בריה דרב איקא,Q6609431,,,,
amoraim,רב המנונא (השלישי),Q6809185,,,,
amoraim,רב המנונא (השני),Q6854830,,,,
amoraim,רב זביד (השני),Q7296295,,,,
amoraim,רב זביד מנהרדעא,Q6578146,,,,
amoraim,רב חביבי מחוזנאה,Q104029606,,,,
amoraim,רב חגא,Q109334855,,,,
amoraim,רב חייא בר אבין,Q5872982,,,,
amoraim,רב חייא בר אשי,Q5872985,,,,
amoraim,רב חיננא בר שלמיא,Q6579852,,,,
amoraim,רב חלקיה בר טובי,Q6794320,,,,
amoraim,רב חמא בר גוריא,Q6921509,,,,
amoraim,רב חנא בגדתאה,Q100998890,,,,
amoraim,רב חנא בר ביזנא,Q49839963,,,,
amoraim,רב חנינא מסורא,Q16841003,,350,,
amoraim,רב חנן בר אמי,Q6669039,,,,
amoraim,רב חנן בר רבא,Q6715250,,,,
amoraim,רב חננאל,Q12411201,,,,
amoraim,רב יהודה אחוה דרב סלא חסידא,Q105626448,,,,
amoraim,רב יהודה בן רב שמואל בר שילת,Q111518579,,,,
amoraim,רב יוסף בר אבא,Q6570438,,,,
amoraim,רב יוסף בר אמי,Q6526823,,,,
amoraim,רב יוסף בר חמא,Q6288179,,,,
amoraim,רב יוסף בריה דרבא,Q6687221,,,,
amoraim,רב יחזקאל,Q6603176,,,,
amoraim,רב יחיאל,Q6574595,,,,
amoraim,רב ייבא סבא,Q6946738,,,,
amoraim,רב יימר,Q6544052,,,,
amoraim,רב יעקב מנהר פקוד,Q6738827,,,,
amoraim,רב יצחק בר אבדימי,Q12408236,,,,
amoraim,רב יצחק בר אבדימי (השני),Q6587860,,,,
amoraim,רב יצחק בר אשיאן,Q100166621,,,,
amoraim,רב יצחק בר שמואל בר מרתא,Q25493746,,,,
amoraim,רב יצחק בריה דרב יהודה,Q6077381,,,,
amoraim,רב כהנא (הראשון),Q6738441,,,,
amoraim,רב כהנא (הרביעי),Q7296283,,400,,
amoraim,רב כהנא (השני),Q7296281,,,,
amoraim,רב כהנא מפום נהרא,Q2603832,,,,
amoraim,רב מרי בר רחל,Q2899673,,,,
amoraim,רב משרשיא,Q7296285,,,,
amoraim,רב מתנה,Q6655797,,,,
amoraim,רב נחמיה בריה דרב יוסף,Q6652870,,,,
amoraim,רב נחמן בר רב הונא,Q30527252,,,,
amoraim,רב סחורה,Q6759157,,,,
amoraim,רב סמא בריה דרבא,Q6539008,,,,
amoraim,רב סעורם,Q18388206,,,,
amoraim,רב עוקבא בר חמא,Q6855076,,,,
amoraim,רב עינא (אמורא),Q100272549,,,,
amoraim,רב עמרם,Q12411205,,,,
amoraim,רב עמרם חסידא,Q6962128,,,,
amoraim,רב פנחס,Q6554215,,,,
amoraim,רב פפי,Q7296287,,,,
amoraim,רב קטינא,Q6932585,,,,
amoraim,רב רחומי הראשון,Q6576617,,,,
amoraim,רב רחומי השני,Q19344644,,,,
amoraim,רב שיזבי,Q7296292,,,,
amoraim,רב שימי בר אשי,Q6667270,,,,
amoraim,רב שימי מחוזנאה,Q6545728,,,,
amoraim,רב שמואל בר יהודה,Q21934175,,,,
amoraim,רב שמואל בר רב יצחק,Q6881095,,,,
amoraim,רב שמואל בריה דרב אבהו,Q7412995,,,,
amoraim,רב שמעיה בר זעירא,Q100272582,,,,
amoraim,רבא בר מחסיא,Q6477149,,,,
amoraim,רבא בריה דרבה,Q6591269,,,,
amoraim,רבה בר אבוה,Q7278519,,,,
amoraim,רבה בר בר חנה,Q2124892,,300,,
amoraim,רבה בר ירמיה,Q7278472,,,,
amoraim,רבה בר עולא,Q6553715,,,,
amoraim,רבה בר רב חנן,Q6708091,,,,
amoraim,רבה בר רב שילא,Q7278521,,,,
amoraim,רבה תוספאה,Q7278518,,,,
amoraim,רבי אבא,Q7221758,,,,
amoraim,רבי אבא בר אחא,Q30527570,,,,
amoraim,רבי אבין (השני),Q6546877,,,,
amoraim,רבי אבין נגרא,Q104399845,,,,
amoraim,רבי אחא (אמורא),Q1394943,,400,,
amoraim,רבי אלעזר ברבי שמעון,Q746845,,200,,
amoraim,רבי חייא בר גמדא,Q100409642,,220,,
amoraim,רבי חייא בר יוסף,Q5872987,,,,
amoraim,רבי טבלא,Q100320756,,240,,
amoraim,רבי יהודה בן בבא,Q449278,,200,,
amoraim,רבי יוסי בר זבידא,Q6279613,,,,
amoraim,רבי יצחק,Q3415877,,,,
amoraim,רבי יצחק בר אבא,Q6565343,,,,
amoraim,רבי פינחס בן יאיר,Q448939,,200,,
amoraim,רבי פרידא,Q6910540,,,,
amoraim,רבי שמלאי,Q1253140,,300,,
amoraim,רבין בר רב אדא,Q16133521,,,,
amoraim,רבנאי,Q116069944,,,,
amoraim,רחבה דפומבדיתא,Q6588632,,,,
amoraim,רמי בר אבא,Q4747240,,,,
amoraim,רמי בר אבא (השני),Q7289539,,,,
amoraim,רמי בר חמא,Q7289541,,,,
amoraim,רמי בר יחזקאל,Q6587609,,,,
amoraim,רפרם (אמורא בדור השישי),Q6521345,,,,
amoraim,רפרם בר פפא,Q6658025,,,,
savoraim,מר זוטרא בר מר זוטרא,Q6754355,,502,,
geonim,מר בר רב הונא,Q1892194,,600,614,
geonim,אלעזר בירבי קליר,Q1324937,,600,700,
geonim,נטרונאי בן נחמיה,Q6980252,,,730,
geonim,רב אחא משבחא,Q953481,,680,752,
geonim,יהודאי גאון,Q455836,,700,762,
geonim,שאול בן ענן,Q7427349,,750,780,
geonim,ענן בן דוד,Q2296753,,715,795,
geonim,כהן צדק בן איבומאי גאון,Q2981871,,,849,
geonim,רב נטרונאי גאון,Q2905222,,,858,
geonim,רב עמרם גאון,Q477541,,810,875,
geonim,רב האי בן דוד גאון,Q3128907,,,897,
geonim,פירקוי בן באבוי,Q3389175,,,900,
geonim,יצחק בן שלמה הישראלי,Q536837,,832,932,
geonim,רב סעדיה גאון,Q328748,,882,942,
geonim,דניאל בן משה אלקומיסי,Q5219160,,,946,
geonim,אברהם הכהן בן יוסף,Q2820099,,,960,
geonim,משה בן חנוך,Q3324792,,,965,
geonim,חסדאי אבן שפרוט,Q182498,,915,975,
geonim,שבתי דונולו,Q971757,,913,982,
geonim,דונש בן לברט,Q720129,,920,990,
geonim,איסי בן יהודה,Q2905244,,101,1000,
geonim,חפץ בן יצליח,Q79227292,,950,1000,
geonim,לוי בן יפת הלוי,Q3237215,,1000,1000,
geonim,רבי שמעון בן מנסיא,Q2070697,,101,1000,
geonim,אליקים בן משולם,Q5360397,,1030,1001,
geonim,יעקב בן נסים,Q3157606,,950,1006,
geonim,רב שרירא גאון,Q356149,,906,1006,
geonim,יפת בן עלי הלוי,Q194803,,950,1010,
geonim,שמריה בן אלחנן,Q3481858,,930,1011,
geonim,רב דוסא בן סעדיה,Q3037331,,935,1013,
geonim,רב שמואל בן חפני גאון,Q457187,,1000,1013,
geonim,חנוך בן משה,Q3126888,,950,1014,
geonim,שמעון בן יצחק,Q1276109,,950,1015,
geonim,יצחק אבן כלפון,Q7028939,,960,1020,
geonim,יוסף אבן אביתור,Q551536,,950,1025,
geonim,רבנו גרשום,Q982050,,961,1028,
geonim,רב האי גאון,Q982194,,939,1038,
geonim,חזקיה בן דוד,Q3138729,,,1040,
geonim,חושיאל בן אלחנן,Q2894622,,950,,
geonim,יניי,Q454433,,600,,
geonim,רב פלטוי גאון,Q16668713,,805,,
rishonim,יונה אבן ג'נאח,Q335966,,990,1050,
rishonim,יוסף טוב עלם,Q2897139,,980,1050,
rishonim,רבנו חננאל,Q1061624,,990,1053,
rishonim,שלמה אבן גבירול,Q239355,,1020,1057,
rishonim,אליהו הזקן,Q6630822,,980,1060,
rishonim,אליעזר הגדול בן יצחק,Q5360790,,,1060,
rishonim,רב ניסים גאון,Q690381,,990,1062,
rishonim,יעקב בן יקר,Q1187659,,990,1064,
rishonim,יהוסף הנגיד,Q3185897,,1035,1067,
rishonim,יהודה אבן בלעם,Q3187924,,1000,1070,
rishonim,יצחק בן יהודה,Q20751423,,1010,1070,
rishonim,יצחק הלוי,Q12408247,,1000,1070,
rishonim,שמעון קרא,Q7517606,,1000,1070,
rishonim,עלי בן עמרם,Q124633033,,1001,1075,
rishonim,יהודה בן סעדיה,Q111719671,,,1078,
rishonim,משה הכהן אבן ג'יקטילה,Q1949047,,1020,1080,
rishonim,יצחק אבן גיאת,Q2909247,,1038,1089,
rishonim,"מאיר ש""ץ",Q12408770,,1100,1096,
rishonim,יהודה הכהן ליאונטין (הזקן),Q393084,,1000,1100,
rishonim,משולם בן קלונימוס,Q467553,,1000,1100,
rishonim,רבנו בחיי אבן פקודה,Q762229,,1050,1100,
rishonim,הלל בן אליקים,Q5763024,,1001,1101,
rishonim,נתן מרומי,Q1803572,,1100,1102,
rishonim,"רי""ף",Q523491,,1013,1103,
rishonim,"רש""י",Q26456,,1040,1105,
rishonim,שמחה בן שמואל מוויטרי,Q3484137,,1100,1105,
rishonim,רבי אביתר גאון,Q7058741,,1040,1109,
rishonim,ברוך בן יצחק אבן אלבאליה,Q6974547,,1077,1127,
rishonim,יצחק בן ברון,Q3154797,,1001,1128,
rishonim,ברוך בן שמואל הספרדי,Q133260140,,1070,1130,
rishonim,יצחק בן מאיר,Q7336982,,1090,1130,
rishonim,מאיר בן שמואל,Q6810277,,1060,1130,
rishonim,יוסף קרא,Q6284517,,1065,1135,
rishonim,אברהם בר חייא,Q31439,,1070,1136,
rishonim,משה אבן עזרא,Q719393,,1058,1138,
rishonim,יהודה בן ברזילי הברצלוני,Q534312,,1070,1140,
rishonim,יהודה בן נתן,Q6302174,,1050,1140,
rishonim,פטרוס אלפונסי,Q2080920,,1062,1140,
rishonim,אהרן אלעמאני,Q4661839,,,1141,
rishonim,יהודה הלוי,Q299200,,1075,1141,
rishonim,"ר""י מיגאש",Q958361,,1077,1141,
rishonim,רבנו פטר,Q16133524,,,1146,
rishonim,אליקים בן יוסף,Q104822353,,1070,1147,
rishonim,יוסף אבן צדיק,Q958426,,1075,1149,
rishonim,אפרים מקלעת חמאד,Q6578241,,1050,1150,
rishonim,טוביה בן אליעזר,Q1468644,,1080,1150,
rishonim,מצ'מון הנגיד,Q6676966,,,1151,
rishonim,חייא אלדאודי,Q2160640,,1080,1154,
rishonim,אברהם בן יצחק מנרבונה,Q2821862,,1110,1158,
rishonim,"רשב""ם",Q722697,,1080,1158,
rishonim,יצחק בן מלכי צדק,Q1673516,,1090,1160,
rishonim,שמואל בן חנניה,Q26235795,,1100,1160,
rishonim,יהודה הכהן אבן סוסאן,Q94999263,,,1165,
rishonim,נתנאל בירב פיומי,Q6968384,,1090,1165,
rishonim,אברהם אבן עזרא,Q270670,,1092,1167,
rishonim,אליעזר בן נתן,Q827736,,1090,1170,
rishonim,יוסף קמחי,Q1371519,,1105,1170,
rishonim,מיימון הדיין,Q3303401,,1110,1170,
rishonim,משולם בן יעקב מלוניל,Q6821313,,,1170,
rishonim,דוד ומשה,Q6814474,,,1171,
rishonim,רבנו תם,Q944289,,1100,1171,
rishonim,"ר""י הזקן",Q1970330,,1100,1174,
rishonim,אליעזר ממיץ,Q1329306,,1100,1175,
rishonim,אפרים מרגנסבורג,Q1296489,,1110,1175,
rishonim,אברהם אבן דאוד,Q330821,,1110,1180,
rishonim,אלחנן בן יצחק,Q6886987,,1100,1184,
rishonim,זרחיה הלוי,Q2906881,,1130,1186,
rishonim,יעקב מאורליינש,Q2896679,,,1189,
rishonim,יהודה אבן תיבון,Q745336,,1120,1190,
rishonim,יום טוב בן יצחק מיואני,Q12406540,,,1190,
rishonim,יצחק בן אבא מרי,Q6077386,,1122,1190,
rishonim,משה קמחי,Q723540,,1127,1190,
rishonim,זכריה בן יהודה אגמאתי,Q6967484,,1120,1195,
rishonim,אפרים מבונא,Q457200,,1132,1196,
rishonim,יהודה בן קלונימוס ממגנצא,Q43295474,,1100,1196,
rishonim,יהודה בן קלונימוס משפיירא,Q25488453,,,1196,
rishonim,אברהם בן דוד מפושקירה,Q330769,,1120,1198,
rishonim,יואל הלוי מבונא,Q96064770,,1115,1200,
rishonim,יצחק בן ראובן הברצלוני,Q6077411,,1043,1200,
rishonim,יצחק בר דורבלו,Q3572312,,1101,1200,
rishonim,רבי שמעיה,Q7494069,,,1200,
rishonim,שמשון מפלייזא,Q3470963,,,1200,
rishonim,יהודה בר יקר,Q20502552,,1170,1201,
rishonim,יוסף מלונדון,Q16158501,,1101,1201,
rishonim,"רמב""ם",Q127398,,1135,1204,
rishonim,ברוך בן יצחק,Q4865880,,1140,1211,
rishonim,יהונתן מלוניל,Q6274906,,1135,1211,
rishonim,אברהם בן נתן,Q4669267,,1155,1215,
rishonim,יהודה החסיד,Q1391474,,1150,1217,
rishonim,יעקב מלונדון,Q6119558,,1101,1217,
rishonim,אליעזר בן יואל,Q5360791,,1140,1220,
rishonim,דניאל הבבלי,Q118925818,,1170,1220,
rishonim,יוסף בן יהודה אבן עקנין,Q1706130,,1140,1220,
rishonim,ברוך בן שמואל,Q4865881,,1100,1221,
rishonim,יהודה שירליאון,Q4198116,,1166,1224,
rishonim,יהודה אלחריזי,Q1350978,,1165,1225,
rishonim,פתחיה מרגנסבורג,Q679640,,1200,1225,
rishonim,אלעזר מגרמייזא,Q106336,,1160,1230,
rishonim,שמואל בן יהודה אבן תיבון,Q338123,,1150,1230,
rishonim,שמשון משאנץ,Q84128,,1150,1230,
rishonim,"רד""ק",Q733619,,1160,1232,
rishonim,אליעזר מטוך,Q5360796,,1250,1234,
rishonim,יצחק סגי נהור,Q927296,,1160,1235,
rishonim,"אברהם בן הרמב""ם",Q2874503,,1186,1237,
rishonim,עזרא ועזריאל מגירונה,Q557882,,1160,1238,
rishonim,אברהם אבן חסדאי,Q330775,,1180,1240,
rishonim,מאיר הלוי אבולעפיה,Q372554,,1165,1244,
rishonim,יצחק בן ישראל (בגדאד),Q108604353,,,1248,
rishonim,אביגדור הכהן,Q4828821,,1150,1250,
rishonim,חננאל בן שמואל,Q85998071,,1174,1250,
rishonim,יצחק מווינה,Q647348,,1180,1250,
rishonim,ישעיה די טראני,Q1688038,,1180,1250,
rishonim,עזרא הנביא ממונקנטור,Q140032465,,1150,1250,
rishonim,יעקב אנטולי,Q958438,,1194,1256,
rishonim,יונה גירונדי,Q1371903,,1210,1263,
rishonim,מאיר בן שמעון המעילי,Q1270399,,1200,1263,
rishonim,אהרון מיורק,Q4662613,,1101,1268,
rishonim,יחיאל מפריז,Q1686108,,1200,1268,
rishonim,משה מלונדריש,Q6916016,,,1268,
rishonim,"רמב""ן",Q355455,,1194,1270,
rishonim,משה אבן תיבון,Q181498,,1195,1274,
rishonim,משה מקוצי,Q2916539,,,1274,
rishonim,"רא""ה",Q2820057,,1200,1275,
rishonim,יהודה בן בנימין ענו,Q6529022,,1215,1280,
rishonim,יצחק מקורביל,Q6077408,,,1280,
rishonim,יחזקיה ממגדבורג,Q99758302,,,1283,
rishonim,טודרוס בן יוסף אבולעפיה,Q7812883,,1225,1285,
rishonim,יחיאל בן יקותיאל,Q15650662,,1300,1289,
rishonim,יהודה אלמדארי,Q111686797,,1200,1290,
rishonim,אברהם אבולעפיה,Q323448,,1240,1291,
rishonim,"מהר""ם מרוטנבורג",Q72163,,1215,1293,
rishonim,הלל בן שמואל,Q962334,,1220,1295,
rishonim,רבנו פרץ,Q7167928,,,1295,
rishonim,אברהם בדרשי,Q4668765,,1240,1296,
rishonim,מאיר הכהן מרוטנבורג,Q6639878,,1260,1298,
rishonim,מרדכי בן הלל,Q460673,,1240,1298,
rishonim,חזקיה בן מנוח,Q12407404,,1200,1299,
rishonim,אליעזר בן שמואל (ורונה),Q592677,,1101,1300,
rishonim,ברכיה בן נטרונאי הנקדן,Q818900,,1200,1300,
rishonim,דן בן יוסף אשכנזי,Q6812206,,1300,1300,
rishonim,חיים פלטיאל,Q5067818,,1240,1300,
rishonim,יצחק השנירי,Q124290601,,1170,1300,
rishonim,יצחק מדורא,Q1405586,,1300,1300,
rishonim,משה מבורגוס,Q108910835,,1230,1300,
rishonim,שלמה מן ההר,Q7558783,,,1300,
rishonim,משה די לאון,Q456758,,1240,1305,
rishonim,שלמה פטיט,Q7558723,,,1305,
rishonim,מנחם המאירי,Q1920221,,1249,1306,
rishonim,חיים אליעזר בן יצחק,Q6565880,,1240,1310,
rishonim,"רשב""א",Q982170,,1235,1310,
rishonim,שמשון בן צדוק,Q61125382,,,1312,
rishonim,אברהם מן ההר,Q4669292,,1250,1315,
rishonim,אהרון בן יוסף הרופא,Q302961,,1260,1320,
rishonim,דוד בן יהודה החסיד,Q107929944,,1240,1320,
rishonim,יוסף ג'יקטיליה,Q1704663,,1248,1325,
rishonim,"רא""ש",Q722525,,1250,1327,
rishonim,קלונימוס בן קלונימוס,Q348287,,1286,1328,
rishonim,"ריטב""א",Q460368,,1250,1330,
rishonim,שם טוב אבן גאון,Q7494060,,1275,1330,
rishonim,שמשון מקינון,Q7410415,,1260,1330,
rishonim,בחיי בן אשר,Q458707,,1255,1340,
rishonim,ידעיה הפניני,Q959910,,1270,1340,
rishonim,יהושע אבן שועיב,Q16129665,,1280,1340,
rishonim,יעקב בן אשר,Q1376849,,1269,1340,
rishonim,יצחק דמן עכו,Q6077420,,1240,1340,
rishonim,"רלב""ג",Q353633,,1288,1344,
rishonim,יוסף אבן כספי,Q959392,,1280,1345,
rishonim,אלכסנדרי זוסלין הכהן,Q143711,,1290,1349,
rishonim,"יהודה בן הרא""ש",Q828097,,1270,1349,
rishonim,אהרון הכהן מלוניל,Q4662585,,1250,1350,
rishonim,דוד בן שמואל מאישטילא,Q6982823,,1250,1350,
rishonim,ירוחם בן משולם,Q2907087,,1290,1350,
rishonim,שמריה האיקריטי,Q7494073,,1275,1352,
rishonim,אשתורי הפרחי,Q958986,,1280,1355,
rishonim,יהושע הנגיד,Q22936353,,1310,1355,
rishonim,מאיר אבן אלדבי,Q6810276,,1310,1360,
rishonim,משה נרבוני,Q1852000,,1300,1362,
rishonim,וידאל די טולוזא,Q7927679,,1283,1370,
rishonim,משה חלאווה,Q6916086,,1290,1370,
rishonim,פרץ הכהן,Q6965916,,1250,1370,
rishonim,יהודה משקוני,Q6302099,,1327,1375,
rishonim,"ר""ן",Q723531,,1310,1380,
rishonim,שמואל אבן צרצה,Q7413013,,1360,1380,
rishonim,מנחם בן זרח,Q6816412,,1310,1385,
rishonim,ישראל אנקווה,Q1674606,,1400,1391,
rishonim,אבא מרי הירחי,Q2747857,,1300,1400,
rishonim,דוד אבודרהם,Q461507,,1400,1400,
rishonim,יצחק אבוהב (מנורת המאור),Q1673399,,1350,1400,
rishonim,נתנאל בן ישעיה,Q13577481,,,1400,
rishonim,שמואל שלטשטט,Q97574281,,1400,1400,
rishonim,"ריב""ש",Q460650,,1326,1408,
rishonim,אברהם קלויזנר,Q57078707,,1341,1409,
rishonim,חסדאי קרשקש,Q528415,,1340,1410,
rishonim,מנחם ציוני,Q6816382,,1337,1410,
rishonim,שלום מנוישטאדט,Q6753573,,,1413,
rishonim,דוד הנגיד (השני),Q101435248,,1335,1414,
rishonim,שלמה שרביט הזהב,Q127969198,,1350,1418,
rishonim,אהרן בלומלין,Q4662607,,,1420,
rishonim,יצחק אייזיק מטירנא,Q438313,,1301,1425,
rishonim,"מהרי""ל",Q324313,,1360,1427,
rishonim,שלמה הלוי מבורגוס,Q1851906,,1350,1435,
rishonim,אביגדור קרא,Q790956,,1350,1439,
rishonim,מימון נג'אר,Q6735876,,1360,1440,
rishonim,שם טוב אבן שם טוב (הראשון),Q7494063,,1390,1440,
rishonim,אפרים אנקווה,Q3055711,,1359,1442,
rishonim,יוסף אלבו,Q559622,,1380,1444,
rishonim,שמעון בן צמח דוראן,Q2918665,,1361,1444,
rishonim,שלמה בונפיד,Q2891222,,1370,1448,
rishonim,יוסף אבן שם טוב,Q6288216,,1400,1460,
rishonim,ישראל איסרלן,Q45017,,1390,1460,
rishonim,יצחק קנפנטון,Q2908183,,1360,1463,
rishonim,שלמה בן שמעון דוראן,Q461494,,1400,1467,
rishonim,יוסף דלה ריינה,Q7212953,,1418,1472,
rishonim,שמעון כץ מפרנקפורט,Q134719507,,,1477,
rishonim,יוסף קולון,Q2975905,,1420,1480,
rishonim,ישראל ברונא,Q75357,,1400,1480,
rishonim,זלמן יענט,Q134514612,,1390,1482,
rishonim,"מהר""ם מינץ",Q97258,,1420,1482,
rishonim,מיכאל בלבו,Q106563612,,1411,1485,
rishonim,מרדכי כומטיאנו,Q1599569,,1420,1487,
rishonim,סעדיה עדני,Q3460418,,,1487,
rishonim,אברהם ביבג'ו,Q329773,,1420,1489,
rishonim,יוסף יוזל אוסטרייכר,Q60844943,,1423,1490,
rishonim,יצחק די ליאון,Q12408246,,1410,1490,
rishonim,יצחק אבוהב (גאון קסטיליה),Q1231100,,1432,1492,
rishonim,אליהו דלמדיגו,Q463405,,1458,1493,
rishonim,יעקב לנדא (אגור),Q85998073,,1410,1493,
rishonim,משה אראג'יל,Q3327069,,1301,1493,
rishonim,סעדיה אבן דנאן,Q531326,,1401,1493,
rishonim,יצחק עראמה,Q1689684,,1420,1494,
rishonim,אייזיק שטיין,Q112057696,,1500,1495,
rishonim,משה קפשאלי,Q963951,,1420,1495,
rishonim,אברהם שניור קורונל,Q330594,,1412,1496,
rishonim,יהודה מסר לאון,Q669640,,1422,1498,
rishonim,יהודה כלץ (הראשון),Q16200173,,1440,1500,
rishonim,יום טוב ליפמן מילהויזן,Q1702719,,1400,1500,
rishonim,יעקב וייל,Q827747,,1400,1500,
rishonim,יצחק פולקר,Q461640,,1201,1500,
rishonim,ישועה בן יוסף הלוי,Q41616548,,1401,1500,
rishonim,עובדיה מברטנורא,Q924800,,1445,1500,
rishonim,אברהם בקראט,Q4669065,,1401,1501,
rishonim,יעקב בן חיים אבן אדוניהו,Q3157605,,1470,1501,
rishonim,יוסף סרגוסי,Q2402250,,1460,1507,
rishonim,אברהם סבע,Q4669161,,1440,1508,
rishonim,יצחק אברבנאל,Q319902,,1437,1508,
rishonim,"מהר""י מינץ",Q6302161,,1408,1508,
rishonim,משה אבן זברה,Q113330096,,1446,1512,
rishonim,יוחנן לוריא,Q18121728,,1440,1514,
rishonim,אברהם זכות,Q330740,,1450,1515,
rishonim,יעקב בן חביב,Q1679441,,1450,1515,
rishonim,יצחק קארו,Q6076601,,1440,1518,
rishonim,יהודה בן משה אלבוטיני,Q6599366,,,1520,
rishonim,יוסף פאסי,Q133227616,,1462,1520,
rishonim,יהודה אברבנאל,Q467062,,1460,1521,
rishonim,מאיר עראמה,Q118925954,,1454,1522,
rishonim,אברהם דבלמש,Q2821863,,1440,1523,
rishonim,אברהם מינץ,Q4669260,,1440,1525,
rishonim,אליהו מזרחי,Q463374,,1450,1526,
rishonim,דוד בן יהודה מסר לאון,Q5241453,,1470,1526,
rishonim,אברהם בן אליעזר הלוי,Q330771,,1460,1529,
rishonim,"דוד הכהן (רד""ך)",Q18121712,,1450,1530,
rishonim,נתן הכהן שולאל,Q111905057,,1437,1532,
rishonim,שלמה מולכו,Q723526,,1500,1532,
rishonim,עזריאל דאיינה,Q18484924,,1470,1536,
rishonim,נפתלי הירץ טריוויש,Q6964872,,1465,1537,
rishonim,דוד הראובני,Q722259,,1485,1538,
rishonim,תם אבן יחיא,Q1297938,,1475,1538,
rishonim,יוסף קורקוס,Q6979408,,1490,1540,
rishonim,מאיר אבן גבאי,Q6391090,,1480,1540,
rishonim,יעקב פולק,Q1423836,,1460,1541,
rishonim,משה אלשקר,Q6915683,,1466,1542,
rishonim,שלמה אלמולי,Q7558555,,1490,1542,
rishonim,בנימין זאב מארטה,Q25490125,,1475,1545,
rishonim,לוי בן חביב,Q6535573,,1483,1545,
rishonim,יוסף טאיטאצאק,Q2334097,,1465,1546,
rishonim,יעקב בירב,Q2909966,,1474,1546,
rishonim,יצחק יעבץ,Q113141001,,1500,1547,
rishonim,משה קאשטרו,Q6584326,,,1547,
rishonim,עובדיה ספורנו,Q1195977,,1470,1549,
rishonim,אליהו מפרארה,Q5361011,,1400,,
rishonim,חיים גאגין,Q96102068,,1460,,
rishonim,יהודה בן שמואל אבן עבאס (השני),Q116149228,,1230,,
rishonim,יוסף בכור שור,Q6288187,,1101,,
rishonim,יוסף בן נתן אופיציאל,Q178883,,1300,,
rishonim,יוסף בן שלום אשכנזי,Q16130600,,1250,,
rishonim,יוסף חביבא,Q12407999,,1350,,
rishonim,לוי בן אברהם בן חיים,Q4256415,,1235,,
rishonim,מנחם בן שלמה,Q3305715,,1050,,
rishonim,משה הגולה מקיוב (השני),Q113376140,,1448,,
rishonim,משה הדרשן,Q2776652,,1100,,
rishonim,סעדיה בן נחמני,Q3460424,,1050,,
rishonim,קרשקש וידאל,Q3002469,,1301,,
rishonim,שמואל החסיד,Q820923,,1100,,
rishonim,שמואל ירונדי,Q64590807,,1335,,
acharonim,יוסף איש רוסהיים,Q317517,,1476,1554,
acharonim,שלמה סיריליו,Q1291930,,1485,1554,
acharonim,אליהו קפשאלי,Q1329371,,1490,1555,
acharonim,יהושע בועז,Q2902916,,,1557,
acharonim,יוחנן טרייוויש (איטליה),Q25488979,,1490,1557,
acharonim,שלום שכנא מלובלין,Q93487,,1495,1558,
acharonim,יוסף אבן וירגה,Q6288219,,,1559,
acharonim,משה באסולה,Q6916003,,1480,1560,
acharonim,שלמה עטיה,Q133229066,,,1560,
acharonim,מאיר קצנלנבוגן,Q870692,,1482,1565,
acharonim,אליעזר טריוויש,Q1306040,,1495,1567,
acharonim,ישראל בן יוסף,Q21033409,,1600,1568,
acharonim,משה קורדובירו,Q733598,,1522,1570,
acharonim,מנחם בן משה הבבלי,Q6816418,,,1571,
acharonim,"האר""י",Q339509,,1534,1572,
acharonim,משה איסרליש,Q1949189,,1520,1572,
acharonim,ישראל די קוריאל,Q6087391,,1501,1573,
acharonim,שלמה לוריא,Q83960,,1510,1573,
acharonim,יוסף קארו,Q467148,,1488,1575,
acharonim,משה פרובינצאלו,Q70681845,,1503,1575,
acharonim,שלמה אלקבץ,Q48217,,1505,1576,
acharonim,יוסף הכהן,Q1708321,,1496,1577,
acharonim,עזריה מן האדומים,Q793598,,1513,1578,
acharonim,יוסף בן לב,Q12408882,,1505,1580,
acharonim,יששכר בן מרדכי אבן סוסאן,Q6088021,,1510,1580,
acharonim,משה נג'ארה (לקח טוב),Q6915901,,1508,1581,
acharonim,אליהו בעל שם מחלם,Q4845202,,1520,1583,
acharonim,יצחק אדרבי,Q6075814,,1510,1584,
acharonim,אליעזר אשכנזי,Q2897268,,1513,1585,
acharonim,משה מטראני,Q1949234,,1505,1585,
acharonim,גדליה אבן יחיא (שלשלת הקבלה),Q1446615,,1526,1587,
acharonim,אברהם גאלאנטי (מקובל),Q4669262,,1501,1588,
acharonim,חיים בן בצלאל,Q6577800,,1520,1588,
acharonim,שמואל די מדינה,Q7413006,,1505,1589,
acharonim,שמואל יפה אשכנזי,Q1585105,,1525,1590,
acharonim,יוסף כץ,Q1708309,,1510,1591,
acharonim,אליהו די וידאש,Q5362066,,1518,1592,
acharonim,בצלאל אשכנזי,Q832201,,1520,1592,
acharonim,יהודה מוסקאטו,Q6302105,,1530,1593,
acharonim,משה אלשיך,Q786391,,1508,1593,
acharonim,אברהם מנחם רפאפורט,Q6620284,,1520,1596,
acharonim,ליב חנליש,Q55647256,,,1596,
acharonim,שמואל יהודה קצנלנבוגן,Q7411889,,1521,1597,
acharonim,אברהם די בוטון,Q4669274,,1540,1598,
acharonim,מנחם מנדל אביגדורש,Q7068360,,,1599,
acharonim,אברהם אדרוטיל,Q330776,,1482,1600,
acharonim,אלעזר אזכרי,Q1325807,,1533,1600,
acharonim,אשר למלין,Q722518,,1500,1600,
acharonim,יוסף אסכנדרני,Q117459442,,1500,1600,
acharonim,"יששכר בער כ""ץ",Q12408422,,1600,1600,
acharonim,סעדיה בן יוסף,Q3460425,,,1600,
acharonim,שלמה לבית הלוי,Q6733312,,1532,1600,
acharonim,שמעון לביא,Q44863456,,,1600,
acharonim,מרדכי דאטו,Q12409494,,1525,1601,
acharonim,שמואל אוזידא,Q12411794,,1540,1604,
acharonim,יוסף אבן עזרא,Q3185892,,1540,1605,
acharonim,רבקה בת מאיר טיקטינר,Q467387,,1550,1605,
acharonim,שמואל לאנייאדו,Q6882750,,1530,1605,
acharonim,"אליהו בן חיים (ראנ""ח)",Q65249791,,1530,1606,
acharonim,משה מת,Q16854012,,1540,1606,
acharonim,זכריה אלצ'אהרי,Q2407102,,1530,1608,
acharonim,משה גאלנטי (הראשון),Q6916004,,1501,1608,
acharonim,"מהר""ל מפראג",Q363513,,1520,1609,
acharonim,יוסף אבן טבול,Q1706133,,1545,1610,
acharonim,אבטליון ממודנה,Q30526982,,1529,1611,
acharonim,מנוח הנדל,Q18038645,,,1611,
acharonim,אברהם הרופא פורטלאונה,Q330518,,1542,1612,
acharonim,מרדכי יפה,Q982189,,1530,1612,
acharonim,יהושע פלק כץ,Q12407870,,1555,1614,
acharonim,אברהם הורוביץ,Q6599161,,1540,1615,
acharonim,אברהם שמואל בכרך,Q4669164,,1570,1615,
acharonim,אבטליון בן שלמה מקונסיליו,Q30526791,,1540,1616,
acharonim,מאיר מלובלין,Q6810251,,1558,1616,
acharonim,יצחק חיות,Q18121726,,1538,1617,
acharonim,משה קזיס,Q86007560,,1550,1617,
acharonim,שאול ואהל,Q983578,,1541,1617,
acharonim,גדליה קורדוברו,Q141215865,,1562,1618,
acharonim,סולימאן אוחנה,Q55650101,,,1618,
acharonim,בנימין אהרן סלניק,Q6691049,,1550,1619,
acharonim,ישעיה בקיש,Q24950391,,1550,1619,
acharonim,שבתי שפטל בן עקיבא הלוי הורוביץ,Q1234158,,1565,1619,
acharonim,שלמה אפרים מלונטשיץ,Q2891483,,1550,1619,
acharonim,חיים ויטאל,Q2302424,,1542,1620,
acharonim,מנחם עזריה מפאנו,Q1402747,,1548,1620,
acharonim,משה בכרך,Q25491416,,,1620,
acharonim,דומניקו ג'רוזלימיטנו,Q5290097,,1552,1621,
acharonim,יצחק עוזיאל,Q1673452,,1600,1622,
acharonim,אברהם בן חנניה יגל,Q4669241,,1553,1623,
acharonim,יעקב בן יצחק אשכנזי,Q467581,,1550,1623,
acharonim,יששכר בר איילנבורג,Q18714121,,1550,1623,
acharonim,אהרן ששון (רב),Q4662582,,1550,1626,
acharonim,ידידיה שלמה רפאל נורצי,Q6172793,,1560,1626,
acharonim,מנחם די לונזאנו,Q2899427,,1550,1626,
acharonim,ישראל נג'ארה,Q465942,,1555,1628,
acharonim,עמנואל אבוהב,Q6004580,,1555,1628,
acharonim,ישעיה הלוי הורוביץ,Q473318,,1565,1630,
acharonim,מאיר אנג'יל,Q60199201,,1558,1630,
acharonim,חיים כפוסי,Q7007551,,,1631,
acharonim,שמואל אליעזר הלוי איידלס,Q1861540,,1555,1631,
acharonim,אברהם חיים שור,Q6580025,,,1632,
acharonim,אהרן אבן חיים,Q302139,,1515,1632,
acharonim,אפרים זלמן שור,Q92542227,,,1633,
acharonim,נתן נטע שפירא,Q2899392,,1585,1633,
acharonim,שמואל חאגיז,Q104708791,,,1633,
acharonim,אברהם כהן דה-הירירה,Q329866,,1570,1635,
acharonim,אליהו לואנץ,Q5360950,,1555,1636,
acharonim,יוסף יוזפא האן נוירלינגן,Q1714061,,1570,1637,
acharonim,יום-טוב צהלון,Q8054834,,1559,1638,
acharonim,אהרן ברכיה ממודנה,Q301722,,1585,1639,
acharonim,יוסף מטראני,Q633076,,1568,1639,
acharonim,יואל סירקיש,Q1691747,,1561,1640,
acharonim,מאיר שיף,Q6810262,,1605,1641,
acharonim,יהודה לירמה,Q60198451,,1580,1642,
acharonim,אברהם אזולאי,Q1977082,,1570,1643,
acharonim,אהרן אבא בן יוחנן,Q4661796,,,1643,
acharonim,חיים שבתי,Q25492841,,1557,1647,
acharonim,מרדכי קלעי,Q113135064,,,1647,
acharonim,עזריה פיגו,Q4832283,,1579,1647,
acharonim,יאשיהו בן יוסף פינטו,Q16165186,,1565,1648,
acharonim,יהושע חריף,Q6289929,,1578,1648,
acharonim,שמשון מאוסטרופולי,Q2907021,,1600,1648,
acharonim,יוסף ידידיה קרמי,Q25492764,,1590,1650,
acharonim,יוסף צרפתי,Q136190219,,1555,1650,
acharonim,אברהם רפפורט,Q4669140,,1584,1651,
acharonim,אליעזר בן ארחא,Q5360788,,,1652,
acharonim,דניאל אישטרושה,Q113134532,,1584,1654,
acharonim,יום-טוב ליפמן הלר,Q66439,,1579,1654,
acharonim,חיים הכהן (מקובל),Q6624808,,1585,1655,
acharonim,יוסף שלמה דלמדיגו,Q969675,,1591,1655,
acharonim,שאול שמואל סירירו,Q85995412,,1566,1655,
acharonim,אהרן הכהן מראגוזה,Q2820095,,1580,1656,
acharonim,דוד בן יוסף פרדו,Q6575412,,1591,1657,
acharonim,מנשה בן ישראל,Q733629,,1604,1657,
acharonim,אברהם מוטאל,Q115013975,,1570,1658,
acharonim,אליעזר נחמן פואה,Q112207525,,,1659,
acharonim,שאול מורטירה,Q6122291,,1596,1660,
acharonim,שבתי שפטל הלוי הורוביץ (ווי העמודים),Q2276171,,1590,1660,
acharonim,מנחם מנדל קרוכמל,Q6816375,,1600,1661,
acharonim,יוסף איסקפה,Q6282925,,1572,1662,
acharonim,מאיר הכהן פופרש,Q2903655,,1624,1662,
acharonim,נתן שפירא הירושלמי,Q16131782,,,1662,
acharonim,השיל מקראקא,Q16130364,,1595,1663,
acharonim,שבתי הכהן,Q472619,,1621,1663,
acharonim,שמחה לוצאטו,Q508079,,1583,1663,
acharonim,משה לימא,Q6915995,,1610,1666,
acharonim,דוד הלוי סגל,Q913414,,1586,1667,
acharonim,יעקב צמח (מקובל),Q6119523,,1600,1667,
acharonim,חיים אבולעפיה (הראשון),Q6726149,,1580,1668,
acharonim,יהושע רפאל בנבנישתי,Q992584,,1590,1668,
acharonim,משה בן יצחק בונמש,Q1394599,,1600,1668,
acharonim,יונה תאומים-פרנקל,Q6271942,,1595,1669,
acharonim,שמחה הכהן פרוידמן,Q60220195,,1621,1669,
acharonim,אסנת ברזאני,Q460640,,1590,1670,
acharonim,ברוך אנג'יל,Q113137657,,1595,1670,
acharonim,משה שמשון בכרך,Q6915932,,1607,1670,
acharonim,"אריה לייב ""הארוך"" מקראקא",Q20501827,,,1671,
acharonim,בנימין הלוי (מקובל),Q25493050,,1590,1671,
acharonim,משה רבקש,Q7050873,,1600,1671,
acharonim,חיים בנבנישתי,Q5067799,,1603,1673,
acharonim,אהרן לפפה,Q4662182,,1604,1674,
acharonim,דוד כהן די לארא,Q1174034,,1602,1674,
acharonim,ישראל יעקב חגיז,Q1678956,,1620,1674,
acharonim,בנימין מוספיא,Q4889050,,1606,1675,
acharonim,יהודה לאון טמפלו,Q1677539,,1602,1675,
acharonim,שמואל גרמיזאן,Q7411464,,1600,1675,
acharonim,שמואל הלוי,Q112307533,,1610,1675,
acharonim,יוסף חמיץ,Q20502458,,,1676,
acharonim,שבתי צבי,Q299215,,1626,1676,
acharonim,שמואל קאיידנובר,Q2576570,,1614,1676,
acharonim,דוד קונפורטי,Q2920562,,1617,1677,
acharonim,שמואל ויטאל,Q2897186,,1598,1677,
acharonim,אפרים הכהן,Q987784,,1616,1678,
acharonim,אהרן שמעון שפירא,Q302692,,1594,1679,
acharonim,ישראל דרשן שפירא,Q131934782,,1600,1680,
acharonim,מאיר שטרן,Q1728040,,1650,1680,
acharonim,נתן העזתי,Q609696,,1643,1680,
acharonim,אברהם אבלי הלוי גומבינר,Q330021,,1637,1682,
acharonim,אברהם היכיני,Q4539686,,1611,1682,
acharonim,יצחק חריף,Q96743656,,,1682,
acharonim,אברהם אמיגו,Q4668743,,1610,1683,
acharonim,יצחק אלגאזי,Q41932209,,1625,1683,
acharonim,נתן נטע הנובר,Q657866,,1610,1683,
acharonim,שלמה אלגאזי,Q7558717,,1610,1683,
acharonim,חיים בוכנר,Q850639,,1610,1684,
acharonim,יעקב אבנדנה,Q4054689,,1630,1685,
acharonim,יצחק בנימין וולף,Q113355490,,,1686,
acharonim,אהרן אבן חיים (השני),Q126934568,,1630,1688,
acharonim,ישראל בנבנישתי,Q111465842,,1618,1688,
acharonim,משה בן גדעון אבודיינטה,Q1949147,,1610,1688,
acharonim,מנחם מנדל אוירבך,Q6816409,,1620,1689,
acharonim,אהרון בן שמואל מפרנקפורט,Q4662595,,1620,1690,
acharonim,אהרן תאומים,Q4662591,,1630,1690,
acharonim,הלל בן נפתלי הירץ,Q5763036,,1615,1690,
acharonim,גרשון אשכנזי,Q5553105,,1618,1693,
acharonim,יעקב צהלון,Q7029070,,1630,1693,
acharonim,יצחק אבוהב דה-פונסיקה,Q935621,,1605,1693,
acharonim,שמואל אבוהב,Q3946667,,1610,1694,
acharonim,יעקב אליפנדרי,Q6119520,,1620,1695,
acharonim,דוד לידא,Q5241452,,1650,1696,
acharonim,יחיא הלוי,Q12408076,,1611,1696,
acharonim,משה בן חביב,Q6916010,,1654,1696,
acharonim,אברהם הכהן פימינטיל,Q4668811,,1627,1697,
acharonim,אהרן הכהן פרחיה,Q6562540,,1627,1697,
acharonim,משה זכות,Q1148266,,1625,1697,
acharonim,חזקיה די סילוה,Q5750050,,1659,1698,
acharonim,יעקב ששפורטש,Q1679327,,1610,1698,
acharonim,יצחק אבנדנה,Q10303764,,1640,1699,
acharonim,אדם בעל שם,Q4057248,,1700,1700,
acharonim,העשיל צורף,Q4506072,,1633,1700,
acharonim,יהודה החסיד (ירושלים),Q2908900,,1660,1700,
acharonim,יוסף אטיאס,Q202382,,1635,1700,
acharonim,יצחק לופיס,Q25714610,,1630,1700,
acharonim,ישראל סרוג,Q464001,,1600,1700,
acharonim,מאיר איזנשטט (מקובל),Q988518,,1640,1700,
acharonim,משה ונטורה (סיליסטרה),Q6915970,,,1700,
acharonim,שמואל בן יוסף,Q18121767,,1640,1700,
acharonim,מנחם סירירו,Q125453868,,1628,1701,
acharonim,יאיר חיים בכרך,Q1320061,,1638,1702,
acharonim,יוסף שמואל מקראקא,Q125307693,,1620,1703,
acharonim,שמואל יצחק מודיליאנו,Q18121768,,1656,1703,
acharonim,סעדיה שוראקי,Q16132448,,1603,1704,
acharonim,משה מפראג,Q113766826,,1650,1705,
acharonim,שמואל מפיורדא,Q7413005,,1650,1705,
acharonim,אברהם מיכאל קרדוזו,Q330391,,1627,1706,
acharonim,זכריה מנדל בן אריה לייב,Q8068356,,,1706,
acharonim,"יחיאל מיכל אפשטיין (קיצור של""ה)",Q95349498,,1650,1706,
acharonim,שלמה די אוליוירה,Q6827064,,1635,1708,
acharonim,שמואל פרימו,Q25490878,,1634,1708,
acharonim,אליקום גץ,Q85998799,,,1710,
acharonim,בער פרלהפטר,Q814071,,1640,1710,
acharonim,משה חפץ,Q94286231,,1663,1711,
acharonim,אליה שפירא,Q5360995,,1660,1712,
acharonim,אליעזר אבן שנג'י,Q112661242,,1660,1712,
acharonim,יונה לנדסופר,Q25999343,,1678,1712,
acharonim,צבי הירש קאיידנובר,Q244520,,1650,1712,
acharonim,אברהם רוויגו,Q4669158,,1650,1713,
acharonim,יוסף הלוי נזיר,Q131452790,,1660,1713,
acharonim,אברהם ברודא,Q4669266,,1640,1717,
acharonim,אליהו אלפאנדרי,Q113355511,,1670,1717,
acharonim,צמח צרפתי,Q3478235,,1624,1717,
acharonim,גבריאל אסקלס,Q119521905,,,1718,
acharonim,"נפתלי כ""ץ",Q6964871,,1649,1718,
acharonim,צבי הירש אשכנזי,Q244519,,1656,1718,
acharonim,שבתי בס,Q911755,,1641,1718,
acharonim,שלום שבזי,Q2916129,,1619,1719,
acharonim,שמואל שאטין,Q7412581,,1644,1719,
acharonim,אליהו מפולדא,Q5361012,,1650,1720,
acharonim,אהרן בן בנימין וולף,Q4662571,,1670,1721,
acharonim,יוסף פיאמיטה,Q6283071,,,1721,
acharonim,יהודה בריאל,Q25493274,,1643,1722,
acharonim,יצחק קנטריני,Q6076130,,1644,1723,
acharonim,שמשון ורטהיימר,Q466309,,1658,1724,
acharonim,אברהם הלין,Q30526780,,,1725,
acharonim,חיים יונה תאומים,Q16132614,,1690,1727,
acharonim,יהודה רוזאניס,Q6302113,,1657,1727,
acharonim,דוד ניטו,Q467535,,1654,1728,
acharonim,יחיאל מיכל חסיד,Q55911965,,1680,1728,
acharonim,שלמה אאיליון,Q2214907,,1655,1728,
acharonim,אברהם בן דוד יצחקי,Q15838775,,1661,1729,
acharonim,אברהם כהן (זנטה),Q4668813,,1670,1729,
acharonim,אליהו הכהן האתמרי,Q1328913,,1650,1729,
acharonim,אברהם בן יהודה ברלין,Q140737670,,,1730,
acharonim,בנימין הכהן ויטאלי,Q18220757,,1651,1730,
acharonim,יוסף אירגס,Q6584811,,1685,1730,
acharonim,יעקב אבן דנאן,Q126122122,,1660,1730,
acharonim,נחמיה חייא חיון,Q2902830,,1650,1730,
acharonim,אברהם ישראל זאבי,Q16338379,,1650,1731,
acharonim,יחזקיה יהושע פייבל תאומים,Q16131175,,,1731,
acharonim,יעקב כולי,Q8046291,,1685,1732,
acharonim,אברהם אבן מוסה,Q42008482,,1660,1733,
acharonim,חיים אלפאנדרי (השני),Q5687496,,1660,1733,
acharonim,יהודה בן עטר,Q6585115,,1655,1733,
acharonim,יעקב ריישר,Q8046302,,1655,1733,
acharonim,יצחק שולהוף,Q25453564,,1640,1733,
acharonim,צבי הירש בן עזריאל,Q110567795,,,1733,
acharonim,אפרים נבון,Q12404171,,1677,1735,
acharonim,אריה לייב קלהורה,Q120013153,,,1736,
acharonim,דוד אופנהיים,Q1175973,,1664,1736,
acharonim,אלכסנדר סנדר שור,Q16132273,,,1737,
acharonim,יוסף דוד (רב),Q112229338,,1662,1737,
acharonim,שמשון בלוך (המבורג),Q25491895,,1670,1737,
acharonim,ישעיהו באסאן,Q18011654,,1673,1739,
acharonim,יעקב פופרש,Q25491289,,,1740,
acharonim,צבי הירש פרנקל,Q55875485,,1662,1740,
acharonim,שמשון מורפורגו,Q7410386,,1681,1740,
acharonim,אברהם אזולאי (מרקש),Q92387950,,,1741,
acharonim,אלעזר רוקח (רב),Q4170510,,1685,1741,
acharonim,מרדכי עטייא,Q96336470,,1690,1741,
acharonim,חיים בן עטר,Q982046,,1696,1743,
acharonim,יהודה אשכנזי (טיקטין),Q20502259,,,1743,
acharonim,משה קצנלנבוגן,Q134434811,,1671,1743,
acharonim,עמנואל חי ריקי,Q7021701,,1688,1743,
acharonim,אליעזר נחום,Q6586477,,1662,1744,
acharonim,חיים אבולעפיה (השני),Q5687507,,1660,1744,
acharonim,מאיר איזנשטט,Q988520,,1670,1744,
acharonim,שבתי מרשקוב,Q55649549,,1655,1745,
acharonim,אליעזר סופינו,Q108601115,,,1746,
acharonim,יחיאל היילפרין (רב),Q1454084,,1660,1746,
acharonim,"רמח""ל",Q982845,,1707,1746,
acharonim,דוד חותר,Q6629942,,1667,1747,
acharonim,צבי הירש ביאלה,Q23034826,,1670,1747,
acharonim,משה אמריליו,Q25495716,,1695,1748,
acharonim,אביעד שר שלום באזילה,Q2299186,,1680,1749,
acharonim,אברהם בן אברהם,Q2390246,,1720,1749,
acharonim,בנימין קזיס,Q55649340,,1680,1749,
acharonim,יחזקאל קצינאלפוגין,Q5423155,,1668,1749,
acharonim,משה חגיז,Q12409588,,1670,1750,
acharonim,יהודה מילר,Q94782139,,1660,1751,
acharonim,יעקב אבן צור,Q6119534,,1673,1752,
acharonim,יצחק לומברוזו,Q2899475,,1680,1752,
acharonim,לוי בן יצחק ירושלמי,Q60428605,,1681,1752,
acharonim,יעקב המבורגר,Q19824288,,,1753,
acharonim,אריה לייב מאמסטרדם,Q30527468,,1690,1755,
acharonim,יצחק בכר דוד,Q25491312,,1690,1755,
acharonim,יצחק הכהן רפפורט,Q6076429,,1679,1755,
acharonim,אורי פייבוש המבורגר,Q302089,,1670,1756,
acharonim,יעקב יהושע פלק,Q571580,,1680,1756,
acharonim,יצחק למפרונטי,Q1171152,,1679,1756,
acharonim,ישראל יעקב אלגאזי,Q6793368,,1680,1756,
acharonim,ישראל מאיר מזרחי,Q112782315,,1700,1756,
acharonim,עקיבא איגר (הראשון),Q1095866,,1720,1758,
acharonim,יהודה עייאש,Q6634076,,1688,1759,
acharonim,אברהם אבן עזרא (אזמיר),Q111431522,,1690,1760,
acharonim,יונה נבון,Q7212889,,1713,1760,
acharonim,שמחה יצחק לוצקי,Q22906624,,1670,1760,
acharonim,אברהם גרשון מקיטוב,Q2899025,,1701,1761,
acharonim,אליעזר די אבילה,Q25494050,,1714,1761,
acharonim,אריה לייב שפירא (וילנה),Q12404251,,1701,1761,
acharonim,דוד פרנקל,Q96521,,1707,1762,
acharonim,משה פרנקפורט,Q94128405,,1672,1762,
acharonim,יהונתן אייבשיץ,Q573882,,1690,1764,
acharonim,שמואל הילמן,Q131731215,,,1764,
acharonim,נחמן מהורדנקא,Q6791156,,1680,1765,
acharonim,אהרן פרץ,Q6559399,,,1766,
acharonim,"יצחק סג""ל לנדא",Q11714643,,1688,1767,
acharonim,פינחס קצנלנבוגן,Q94859399,,1691,1767,
acharonim,יוסף מולכו,Q12408006,,1692,1768,
acharonim,מסעוד חי רקח,Q6668669,,1689,1768,
acharonim,עזרא מלכי,Q5423378,,1710,1768,
acharonim,אברהם אביש מפרנקפורט,Q16129013,,1690,1769,
acharonim,דוד אלטשולר,Q6527895,,1687,1769,
acharonim,מאיר ביקייאם,Q113355547,,,1769,
acharonim,מרדכי הלברשטאדט,Q1947396,,1686,1769,
acharonim,נתנאל וייל,Q327956,,1687,1769,
acharonim,שמשון אבוקארא הראשון,Q124746625,,,1769,
acharonim,אברהם חיים רודריגס,Q55648678,,1691,1770,
acharonim,מנחם מנדל מפרמישלן,Q7032092,,1728,1770,
acharonim,אהרן הגדול מקרלין,Q2857943,,1736,1771,
acharonim,דוד משרקי,Q6802994,,1696,1771,
acharonim,חיים הכהן רפפורט (לבוב),Q25490776,,1699,1771,
acharonim,"יעקב טולידאנו (מהרי""ט)",Q70681792,,1690,1771,
acharonim,מלאכי הכהן,Q6740841,,1700,1771,
acharonim,רפאל מיוחס,Q6804208,,1701,1771,
acharonim,המגיד ממזריטש,Q1253011,,1704,1772,
acharonim,ישראל מזמושץ',Q6989286,,1700,1772,
acharonim,גדליה משה מלאשיץ,Q139311060,,1690,1773,
acharonim,משה טולידאנו,Q106081127,,1724,1773,
acharonim,רפאל משה בולה,Q18084502,,,1773,
acharonim,אהרן אלפנדרי,Q4661806,,1700,1774,
acharonim,יצחק נוניש בילמונטי,Q16132293,,1710,1774,
acharonim,מסעוד רפאל אלפסי,Q3306982,,1750,1774,
acharonim,אריה לייב הלוי אפשטיין,Q4802677,,1708,1775,
acharonim,חיים דוד קורינאלדי,Q55649861,,1705,1775,
acharonim,אברהם המלאך,Q2874500,,1739,1776,
acharonim,יוסף שטיינהארט,Q6287172,,1720,1776,
acharonim,יעקב עמדין,Q473756,,1697,1776,
acharonim,משה דוד ואלי,Q6616438,,1696,1777,
acharonim,רפאל חיים יצחק קריגל,Q7293968,,1733,1777,
acharonim,רפאל מייזלס,Q104869314,,1696,1777,
acharonim,שלום שרעבי,Q1977067,,1720,1777,
acharonim,שמואל מאמדור,Q140301617,,1718,1777,
acharonim,שמואל שמלקה הורוביץ,Q1351984,,1726,1778,
acharonim,שמשון חיים נחמני,Q29048866,,1707,1779,
acharonim,אלחנן אשכנזי,Q18198844,,1713,1780,
acharonim,שלום בוזגלו,Q7487303,,1700,1780,
acharonim,יוסף שמואל מודיאנו,Q127544874,,1703,1781,
acharonim,יחיאל מיכל מזלוטשוב,Q1686098,,1725,1781,
acharonim,משה מרגלית,Q557659,,1700,1781,
acharonim,שלמה מחלם,Q12411770,,1716,1781,
acharonim,שלמה שלם,Q60429762,,1705,1781,
acharonim,דוד טבלי שייאר,Q5240299,,1711,1782,
acharonim,חיים שמואל יעקב פאלק,Q3128879,,1708,1782,
acharonim,יעקב רפאל סרוואל,Q6119155,,1700,1782,
acharonim,עמרם בן דיוואן,Q4748618,,1743,1782,
acharonim,יהודה קצין,Q111983568,,1708,1783,
acharonim,מנצור מרזוק,Q120722086,,,1783,
acharonim,מרדכי רוביו,Q16133472,,,1783,
acharonim,אליהו ישראל,Q6984149,,1715,1784,
acharonim,דוד בן ברוך,Q16339113,,,1784,
acharonim,"יעקב יוסף כ""ץ",Q1391447,,1710,1784,
acharonim,מרדכי ברוך קרבאליו,Q3323838,,1700,1784,
acharonim,שמחה קאלימאני,Q2902581,,1699,1784,
acharonim,אריה לייב גינצבורג,Q2909674,,1695,1785,
acharonim,דוד חיים שמואל חסאן,Q96637404,,1710,1785,
acharonim,יוסף נחמולי,Q112144527,,,1785,
acharonim,עוזיאל מייזליש,Q115859212,,1743,1785,
acharonim,צבי הירש יאנוב,Q5771618,,1733,1785,
acharonim,שאול הלוי מהאג,Q125792865,,1711,1785,
acharonim,שלמה זלמן מוולוז'ין,Q6670168,,1756,1785,
acharonim,אברהם אופנהיים,Q12403351,,,1786,
acharonim,אברהם בן אביגדור,Q30526675,,1715,1786,
acharonim,זרח איידליץ,Q110567739,,1725,1786,
acharonim,אלימלך מליז'נסק,Q1329488,,1717,1787,
acharonim,חיים חייקל מאמדור,Q6950095,,,1787,
acharonim,יוסף הכהן יצחקי,Q126371531,,1701,1787,
acharonim,יצחק אייזיק כץ,Q20502760,,1747,1787,
acharonim,מרדכי זאב אורנשטיין,Q25492367,,1730,1787,
acharonim,שלמה מולכו (בעל השמנים),Q140277277,,,1787,
acharonim,זאב וולף קיציס,Q2903577,,1685,1788,
acharonim,מנחם מנדל מוויטבסק,Q2066799,,1730,1788,
acharonim,מאיר ברבי,Q25492935,,1725,1789,
acharonim,אפרים מונסונייגו,Q112191153,,1710,1790,
acharonim,דוד פארדו,Q5238372,,1718,1790,
acharonim,יעקב אלישר,Q20606218,,1730,1790,
acharonim,ישראל בנימין באסאן,Q118913218,,1701,1790,
acharonim,מאיר מרגליות,Q24992040,,,1790,
acharonim,פנחס שפירא מקוריץ,Q2066789,,1726,1790,
acharonim,שאול מאמסטרדם,Q30527477,,1717,1790,
acharonim,שמואל בן אביגדור,Q12411792,,1720,1790,
acharonim,דוד שיף,Q557680,,1800,1791,
acharonim,יעקב יוסף מאוסטראה,Q6892920,,1738,1791,
acharonim,יעקב פרנק,Q708525,,1726,1791,
acharonim,לייב שרה'ס,Q12404253,,1730,1791,
acharonim,נתן בורג'יל,Q20502333,,1750,1791,
acharonim,אור שרגא,Q18635490,,,1792,
acharonim,אליהו הלוי,Q55453691,,1713,1792,
acharonim,דוד בן חסין,Q3018048,,1722,1792,
acharonim,דוד טבל בן נתן נטע מליסא,Q25490732,,,1792,
acharonim,יוסף תאומים,Q2909229,,1727,1792,
acharonim,שלמה מקרלין,Q12411769,,1738,1792,
acharonim,אלכסנדר זיסקינד מהוראדנא,Q6042243,,1730,1793,
acharonim,חיים מקרסנה,Q6976527,,1720,1793,
acharonim,יחזקאל לנדא,Q1385975,,1713,1793,
acharonim,יצחק יוסף תאומים,Q16132216,,1721,1793,
acharonim,רפאל שלמה לניאדו (1793),Q28857279,,,1793,
acharonim,חיים מודעי,Q6677692,,1720,1794,
acharonim,ישראל משולם זלמן אשכנזי,Q6821310,,1723,1794,
acharonim,משה דוברושקה,Q328094,,1753,1794,
acharonim,שאול ברלין,Q7427292,,1740,1794,
acharonim,אליקים גאטינייו,Q111159033,,,1795,
acharonim,בנימין וולף איגר,Q16130760,,1744,1795,
acharonim,ישכר בער מזלוטשוב,Q25492728,,,1795,
acharonim,לאה הורוביץ,Q6509202,,1715,1795,
acharonim,רפאל יוסף בן רובי,Q124434257,,1800,1795,
acharonim,נתן מז,Q15711448,,1720,1796,
acharonim,הגאון מווילנה,Q279359,,1720,1797,
acharonim,מנחם נחום מצ'רנוביל,Q426140,,1730,1797,
acharonim,יששכר בר בלוך,Q31773521,,1730,1798,
acharonim,ישעיה פיק ברלין,Q793576,,1725,1799,
acharonim,דוד מג'אר,Q110092718,,,1800,
acharonim,זאב וולף מז'יטומיר,Q16131309,,,1800,
acharonim,מכלוף אוחיון,Q124039059,,1740,1800,
acharonim,משה גאלנטי (דמשק),Q6915776,,1700,1800,
acharonim,משה חיים אפרים מסדילקוב,Q2904099,,1748,1800,
acharonim,משולם זושא מאניפולי,Q2778099,,1719,1800,
acharonim,נפתלי הירש קצנלנבוגן (מנהיים),Q94899861,,1712,1800,
acharonim,נתן אדלר,Q67885,,1741,1800,
acharonim,צבי הירש לוין,Q827707,,1721,1800,
acharonim,אליה מורפורגו,Q3050892,,1730,1801,
acharonim,אלעזר קאליר,Q122835105,,1728,1801,
acharonim,יוסף מפוזנא,Q97771780,,1736,1801,
acharonim,שמעון בן אברהם אשכנזי,Q133842102,,1740,1801,
acharonim,אלכסנדר סנדר מרגליות,Q20502184,,,1802,
acharonim,יום-טוב אלגאזי,Q7212832,,1727,1802,
acharonim,יקותיאל בירדוגו,Q56421717,,1736,1802,
acharonim,משה ישראל (רב ראשי),Q16848934,,1701,1802,
acharonim,משולם איגרא,Q7007074,,1752,1802,
acharonim,נח חיים צבי ברלין,Q20980020,,1734,1802,
acharonim,שלום שכנא מפראהביטש,Q7222647,,1769,1802,
acharonim,"רפאל הכהן כ""ץ",Q7293953,,1722,1803,
acharonim,"אברהם אחי הגר""א",Q12403348,,1722,1804,
acharonim,אברהם צפיג,Q114064260,,1800,1804,
acharonim,יהודה הלוי (מרוקו),Q133893371,,1730,1804,
acharonim,אליהו הצרפתי,Q55651388,,1715,1805,
acharonim,אפרים לניאדו,Q70681944,,1750,1805,
acharonim,ידידיה טיאה וייל,Q651852,,1721,1805,
acharonim,יחיא צאלח,Q7036231,,1713,1805,
acharonim,משה יוסף מרדכי מיוחס,Q12409591,,1738,1805,
acharonim,פנחס הורוביץ,Q477362,,1731,1805,
acharonim,חיים יוסף דוד אזולאי,Q1058991,,1724,1806,
acharonim,משה מפשוורסק,Q20609248,,,1806,
acharonim,שמואל קעלין,Q20502822,,1724,1806,
acharonim,דניאל מהורדנה,Q18422161,,,1807,
acharonim,יצחק גראנבום,Q6554936,,1738,1807,
acharonim,מאיר פוזנר,Q12408767,,1725,1807,
acharonim,משה לייב מסאסוב,Q3866108,,1745,1807,
acharonim,"אברהם בן הגר""א",Q4669257,,1750,1808,
acharonim,ברוך משקלוב,Q4078739,,1744,1808,
acharonim,חנוך הניך שיק,Q133891257,,1723,1809,
acharonim,לוי יצחק מברדיצ'ב,Q1821872,,1740,1809,
acharonim,מיכל שייאר,Q6804701,,1739,1809,
acharonim,שאול ישועה אביטבול,Q6975471,,1739,1809,
acharonim,אברהם הכהן מקליסק,Q4668954,,1741,1810,
acharonim,דוד בן רפאל מילדולה,Q108601793,,1714,1810,
acharonim,דוד מסטפין,Q7192648,,1755,1810,
acharonim,יצחק מאיו (רב),Q30118800,,,1810,
acharonim,יצחק פארדו,Q16853935,,,1810,
acharonim,נחמן מברסלב,Q467182,,1772,1810,
acharonim,אברהם אלקלעי,Q113288207,,1750,1811,
acharonim,יהודה לייב משפולי,Q6042936,,1725,1811,
acharonim,ישמעאל הכהן ממודנה,Q25492618,,1723,1811,
acharonim,אריה לייב הלר,Q2907499,,1745,1812,
acharonim,יוסף דוד זינצהיים,Q358291,,1745,1812,
acharonim,שניאור זלמן מלאדי,Q547033,,1745,1812,
acharonim,אליעזר ליפא וייסבלום,Q118836365,,1743,1813,
acharonim,ברוך ייטלס,Q87739,,1762,1813,
acharonim,דוד שלמה אייבשיץ,Q2899380,,1755,1813,
acharonim,יעקב יצחק מפשיסחה,Q742980,,1766,1813,
acharonim,"ניסים הכהן (אברי""ש)",Q25496401,,,1813,
acharonim,"סעדיה תלמיד הגר""א",Q19317143,,,1813,
acharonim,אליעזר היילבוט,Q5360762,,1740,1814,
acharonim,אליקים בן אברהם,Q126587182,,1745,1814,
acharonim,אריה ליב ברלין,Q6726127,,1737,1814,
acharonim,דוד בידרמן,Q7192424,,1746,1814,
acharonim,דניאל טירני,Q20502496,,1760,1814,
acharonim,חיים אברהם אישטרושה,Q29592613,,1760,1814,
acharonim,יעקב גינצבורג,Q18560415,,1743,1814,
acharonim,ישראל הופשטיין מקוז'ניץ,Q568832,,1733,1814,
acharonim,אברהם סתהון,Q115859071,,1735,1815,
acharonim,דוד חזקיה גז,Q107534235,,,1815,
acharonim,יעקב יצחק הורוביץ,Q1391635,,1745,1815,
acharonim,מנחם מנדל מרימנוב,Q2916468,,1745,1815,
acharonim,מתתיה נסים טירני,Q25492348,,1745,1815,
acharonim,צבי יהושע הורביץ,Q22665870,,1753,1815,
acharonim,אהרן מז'יטומיר,Q4695002,,1755,1816,
acharonim,חיים טירר,Q7062257,,1740,1817,
acharonim,יעקב משה עייאש,Q12408195,,1727,1817,
acharonim,צבי הירש הורוביץ (פרנקפורט),Q118925961,,,1817,
acharonim,אלכסנדר סנדר אייכנשטיין,Q12259852,,1769,1818,
acharonim,בנימין זאב וולף בוסקוביץ,Q1502958,,1740,1818,
acharonim,נתן אדאדי,Q18549938,,1740,1818,
acharonim,עוזיאל אלחאייק,Q3358837,,1750,1818,
acharonim,עזריאל הורוויץ,Q18121741,,1757,1818,
acharonim,אברהם כלפון (רב),Q18120872,,1735,1819,
acharonim,אהרן ארולייא,Q6569160,,1750,1819,
acharonim,יהודה כהנא הלר,Q8051291,,1743,1819,
acharonim,רפאל יוסף חזן,Q6586056,,1741,1819,
acharonim,אברהם דנציג,Q2909560,,1748,1820,
acharonim,אברהם טיקטין,Q330655,,1764,1820,
acharonim,אברהם פינסו,Q25494520,,1740,1820,
acharonim,בצלאל רנשבורג,Q4900289,,1760,1820,
acharonim,יהודה ליב אאך,Q27055235,,1750,1820,
acharonim,יוסף פינטו,Q132798348,,1750,1820,
acharonim,פתחיה מרדכי בירדוגו,Q107534211,,1764,1820,
acharonim,שמואל מקארוב,Q6889935,,1735,1820,
acharonim,חיים מוולוז'ין,Q1059243,,1749,1821,
acharonim,יצחק אייזיק טויב,Q36362842,,1751,1821,
acharonim,פנחס אליהו הורביץ,Q18017237,,1765,1821,
acharonim,רפאל בירדוגו,Q7293942,,1747,1821,
acharonim,ברוך עוזר,Q131771069,,1742,1822,
acharonim,הירץ שייאר,Q4669102,,1753,1822,
acharonim,יהושע צייטלין,Q6290336,,1742,1822,
acharonim,יוסף ממן,Q2903950,,1741,1822,
acharonim,חיים מרדכי מרגליות,Q2903933,,1780,1823,
acharonim,יום טוב דאנון,Q6606590,,1741,1823,
acharonim,נפתלי הירש קצנלנבוגן (אלזס),Q16581457,,1750,1823,
acharonim,פינחס בן יהודה אלטשול,Q65252517,,1747,1823,
acharonim,קלונימוס קלמן אפשטיין,Q964980,,1753,1823,
acharonim,אברהם חיים אופנהיים,Q4829498,,1796,1824,
acharonim,יעקב צבי יאליש,Q21074127,,1777,1824,
acharonim,משה יהושע העשיל אורנשטיין,Q16067037,,1774,1824,
acharonim,שלמה הכהן (צילץ),Q125142319,,1769,1824,
acharonim,אברהם אליעזר הלוי,Q18511004,,1758,1825,
acharonim,אברהם יהושע השיל מאפטא,Q330132,,1748,1825,
acharonim,יהודה ליב מינוביץ',Q113697353,,1749,1825,
acharonim,מנחם מנדל הגר (קוסוב),Q7216757,,1768,1825,
acharonim,מנחם מנדל שטיינהארט,Q7050321,,1768,1825,
acharonim,מרדכי כרמי,Q15462365,,1749,1825,
acharonim,משה אליקים בריעה הופשטיין,Q20607374,,1757,1825,
acharonim,רפאל אשכנזי,Q108261902,,1755,1825,
acharonim,שלום אולמן,Q7487321,,1755,1825,
acharonim,אלעזר פלקלס,Q12404008,,1754,1826,
acharonim,אשר מסטולין (הראשון),Q23662254,,1759,1826,
acharonim,ישראל ורמן,Q1098225,,1755,1826,
acharonim,מאיר וייל,Q55904038,,1744,1826,
acharonim,רפאל ישעיה אזולאי,Q3930201,,1800,1826,
acharonim,דובער שניאורי,Q2662227,,1773,1827,
acharonim,חיים יצחק הכהן חסיד,Q124379239,,1747,1827,
acharonim,מנחם מנדל משקלוב,Q12409284,,1740,1827,
acharonim,נפתלי צבי הורוביץ,Q982201,,1760,1827,
acharonim,רפאל אברהם שלום מזרחי שרעבי,Q6977718,,1775,1827,
acharonim,שמחה בונם מפשיסחה,Q2287038,,1765,1827,
acharonim,אברהם משה מפשיסחה,Q18191306,,1800,1828,
acharonim,אהרן מסטרשלה,Q6258496,,1766,1828,
acharonim,אליעזר פאפו,Q5360768,,1785,1828,
acharonim,אפרים זלמן מרגליות,Q5382355,,1762,1828,
acharonim,ברוך תאומים-פרנקל,Q2895797,,1760,1828,
acharonim,דוד פריזנהויזן,Q96680,,1750,1828,
acharonim,רפאל מילדולה (רב בלונדון),Q7293995,,1754,1828,
acharonim,חיים יהודה ישראל,Q25498747,,1768,1829,
acharonim,ישראל איסר איסרלין (שער משפט),Q16132742,,1750,1829,
acharonim,מאיר הלוי מאפטא,Q7215146,,1760,1829,
acharonim,מישל זליגמן,Q17352294,,1739,1829,
acharonim,מרדכי בנט,Q792863,,1753,1829,
acharonim,מרדכי רבינר,Q30526745,,1758,1829,
acharonim,יהודה נג'אר,Q2113176,,1750,1830,
acharonim,יעקב מאיר (אלזס),Q36695548,,1739,1830,
acharonim,יצחק טייב,Q3154776,,1753,1830,
acharonim,משה טוביה מזונטהיים,Q18715511,,1753,1830,
acharonim,ששון מרדכי שנדוך,Q25975763,,1747,1830,
acharonim,אלעזר לנדא,Q55854381,,1778,1831,
acharonim,אריה יהודה לייב תאומים,Q96482695,,1727,1831,
acharonim,דוד אמאדו,Q111465852,,1770,1831,
acharonim,דוד דייטש,Q904527,,1756,1831,
acharonim,יהודה ליב מיזס,Q6920823,,1798,1831,
acharonim,מנשה מאיליה,Q12409308,,1767,1831,
acharonim,משה מינץ,Q12409598,,1750,1831,
acharonim,צבי הירש מזידיטשוב,Q2903525,,1763,1831,
acharonim,יעקב לורברבוים,Q2904852,,1760,1832,
acharonim,נח מלעכוויטש,Q24997613,,1774,1832,
acharonim,אריה לייב צינץ,Q4802673,,1768,1833,
acharonim,הלל פריד,Q7036366,,1763,1833,
acharonim,שמעון כץ (אלזס),Q140010060,,1759,1833,
acharonim,אברהם ריס (רב),Q330534,,1763,1834,
acharonim,צבי הירש הלר,Q28819528,,1776,1834,
acharonim,שמואל לנדא,Q27924611,,1750,1834,
acharonim,אברהם לעווי,Q6603927,,1775,1835,
acharonim,יהודה לייב קארלבורג,Q19295191,,1765,1835,
acharonim,יעקב קופל אלטנקונשטט,Q681548,,1766,1835,
acharonim,עקיבא ישראל ורטהיימר,Q417979,,1778,1835,
acharonim,אהרן ווירמש,Q2820094,,1754,1836,
acharonim,יעקב הורוביץ (מעליץ),Q12255183,,,1836,
acharonim,יצחק חי טייב,Q3128910,,1743,1836,
acharonim,אלעזר לעוו,Q19279031,,1758,1837,
acharonim,אשר לב,Q14629039,,1754,1837,
acharonim,חיים דייטשמן,Q25490622,,1760,1837,
acharonim,מרדכי טברסקי,Q2898995,,1770,1837,
acharonim,משה צבי מסאווראן,Q25488574,,1775,1837,
acharonim,משה קוניץ,Q1121943,,1774,1837,
acharonim,נסים זרחיה אזולאי,Q20609286,,,1837,
acharonim,עקיבא איגר,Q175402,,1761,1837,
acharonim,הלל ריבלין,Q5762992,,1758,1838,
acharonim,יהושע משה מרדכי קריספין,Q111465854,,1786,1838,
acharonim,שמואל קוידר,Q55844343,,1766,1838,
acharonim,ברוך גויטיין,Q809627,,1770,1839,
acharonim,גרשון לוי,Q125568806,,1765,1839,
acharonim,החתם סופר,Q707498,,1762,1839,
acharonim,חיים הכהן רפפורט (אוסטרהא),Q25490778,,,1839,
acharonim,יהודה טולידאנו,Q65252024,,1780,1839,
acharonim,יעקב משולם אורנשטיין,Q60819503,,1775,1839,
acharonim,ירחמיאל רבינוביץ',Q17505311,,1784,1839,
acharonim,ישראל משקלוב,Q13577185,,1770,1839,
acharonim,שלמה זלמן ליפשיץ,Q7222748,,1765,1839,
acharonim,אברהם דב מאבריטש,Q6040270,,1760,1840,
acharonim,אברהם דוד מבוטשאטש,Q2909971,,1771,1840,
acharonim,חיים אוירבך,Q6628727,,1755,1840,
acharonim,יהודה בנבנישתי,Q111943489,,1770,1840,
acharonim,יהושע ישראל יעקב עולייל,Q133082538,,1753,1840,
acharonim,רפאל אהרן מונסונייגו,Q55889905,,1760,1840,
acharonim,אברהם בינג,Q91372,,1752,1841,
acharonim,יעקב בירדוגו (שופריה דיעקב),Q56421713,,1786,1841,
acharonim,משה טייטלבוים (ישמח משה),Q726783,,1759,1841,
acharonim,צבי אלימלך שפירא,Q7220699,,1783,1841,
acharonim,אברהם שטרן (ממציא),Q330631,,1762,1842,
acharonim,יצחק רבינו אלבעלי,Q111654405,,1786,1842,
acharonim,מנחם מנדל קרגוי,Q63870455,,1772,1842,
acharonim,מנחם עמנואל דייץ,Q3052675,,1763,1842,
acharonim,נחום טרייביטש,Q4376761,,1779,1842,
acharonim,פרץ זאבל איגר,Q125662,,1769,1842,
acharonim,צבי הירש באק,Q788887,,1747,1842,
acharonim,שלמה הירשל,Q2299213,,1762,1842,
acharonim,שמואל חיים (רב),Q55649598,,1760,1842,
acharonim,אהרן פאלוטה,Q56426354,,1776,1843,
acharonim,ישכר דב בארון,Q2899348,,1765,1843,
acharonim,מרדכי דוד אונגר (דומברובה),Q10998482,,1770,1843,
acharonim,אהרן חורין,Q301838,,1766,1844,
acharonim,בן ציון רפאל פריצי,Q55227861,,1757,1844,
acharonim,בנימין דיסקין,Q20501859,,1798,1844,
acharonim,יהודה צבי ברנדויין (הראשון),Q6586757,,1780,1844,
acharonim,נתן מברסלב,Q2777592,,1780,1844,
acharonim,חיים פינטו (מרוקו),Q5067822,,1748,1845,
acharonim,יחזקאל פנט (מראה יחזקאל),Q7213017,,1783,1845,
acharonim,יחיאל מיכל ממינסק,Q123422528,,1770,1845,
acharonim,יששכר בר פרנק,Q118928002,,1770,1845,
acharonim,מיכאל שלמה אלכסנדר,Q1929157,,1799,1845,
acharonim,משה חיים מצליח,Q112144400,,,1845,
acharonim,שמשון בלוך,Q7048439,,1784,1845,
acharonim,יעקב ענתיבי,Q6581091,,1787,1846,
acharonim,מרדכי אהרן גינצבורג,Q4138675,,1795,1846,
acharonim,משה ריבלין,Q12409627,,1780,1846,
acharonim,שלמה זלמן טריר,Q55891199,,1758,1846,
acharonim,יהודה אלבז,Q110529917,,1770,1847,
acharonim,יהודה צבי הירש אייכנשטיין,Q12257035,,,1847,
acharonim,יצחק אריה וורמסר,Q106220,,1768,1847,
acharonim,אברהם יונה יבנין,Q6653339,,1813,1848,
acharonim,אברהם כהן (רב בלמברג),Q2898173,,1807,1848,
acharonim,אברהם משכיל לאיתן,Q4669081,,1788,1848,
acharonim,חיים אברהם גאגין,Q16132514,,1787,1848,
acharonim,ישראל יצחק קאליש,Q2778204,,1779,1848,
acharonim,שאול הכהן,Q25493901,,1772,1848,
acharonim,שרגא פייבל דנציגר,Q18121715,,,1848,
acharonim,אליהו רגולר,Q6042138,,1794,1849,
acharonim,זליגמן גודשו,Q104434347,,1770,1849,
acharonim,חיים מאיר יחיאל שפירא (מוגלניצא),Q2893952,,1789,1849,
acharonim,יהושע אברהם יהודה,Q113355564,,1765,1849,
acharonim,יעקב היילברון,Q20501997,,1809,1849,
acharonim,יעקב משה מסלונים,Q6635604,,1779,1849,
acharonim,יצחק ברנייס,Q72133,,1792,1849,
acharonim,יצחק מוולוז'ין,Q4205457,,1779,1849,
acharonim,אברהם בנימין זאב המבורג,Q2588677,,1770,1850,
acharonim,אהרון אלכסנדר,Q2467677,,1766,1850,
acharonim,חיים קיצה,Q113355578,,,1850,
acharonim,ישראל דב בער מווילעדניק,Q6582174,,1789,1850,
acharonim,ישראל פרידמן (רוז'ין),Q1674604,,1796,1850,
acharonim,מאיר מפרמישלאן,Q7024065,,1780,1850,
acharonim,משה בידרמן,Q7217487,,1776,1850,
acharonim,אברהם שלמה זלמן צורף,Q16129320,,1785,1851,
acharonim,בנימין וולף לעוו,Q4889411,,1775,1851,
acharonim,בנימין מרדכי נבון,Q6627208,,1788,1851,
acharonim,יעקב בר יוסף הרופא,Q6573197,,,1851,
acharonim,יצחק מינקובסקי,Q18038643,,1788,1851,
acharonim,שלום יוסף פרידמן,Q7222622,,1812,1851,
acharonim,שלום רוזנפלד (רב),Q18325770,,1800,1851,
acharonim,אליעזר ברגמן,Q12403961,,1799,1852,
acharonim,אליקים גץ שוורין,Q112775898,,1760,1852,
acharonim,יהודה ביבאס,Q12407814,,1789,1852,
acharonim,יוסף פרידלנדר,Q1706405,,1753,1852,
acharonim,יצחק אייזיק חבר,Q7051241,,1789,1852,
acharonim,מאיר איזנשטטר,Q988524,,1780,1852,
acharonim,מרדכי שמואל גירונדי,Q6909608,,1799,1852,
acharonim,קופל אונריך,Q3289684,,1792,1852,
acharonim,שלמה איגר,Q1675557,,1786,1852,
acharonim,אליעזר יצחק פריד,Q7024451,,1809,1853,
acharonim,אריה לייב שפירא,Q12404252,,1789,1853,
acharonim,יוסף גז (הראשון),Q107534232,,1793,1853,
acharonim,יצחק פרחי,Q43295372,,1779,1853,
acharonim,אברהם נוידא,Q4669104,,1812,1854,
acharonim,אליקים גצל המילזאהגי,Q55915513,,1780,1854,
acharonim,חיים דוידזון,Q9188616,,1760,1854,
acharonim,יצחק קובו,Q2901465,,1770,1854,
acharonim,מרדכי יוסף ליינר,Q2908610,,1801,1854,
acharonim,אברהם וולפנזון,Q4829429,,1783,1855,
acharonim,דוד לוריא,Q7053758,,1798,1855,
acharonim,יעקב ברוכין,Q18038629,,1780,1855,
acharonim,יצחק מאיר השיל (ז'ינקוב),Q12254423,,1776,1855,
acharonim,יצחק שמואל רג'יו,Q1673513,,1784,1855,
acharonim,צבי הירש חיות,Q244518,,1805,1855,
acharonim,שלום רוקח,Q380430,,1783,1855,
acharonim,משה דוד אשכנזי,Q18121733,,,1856,
acharonim,עמרם אלבז,Q130259588,,1798,1856,
acharonim,שלמה קווטש,Q20609762,,1798,1856,
acharonim,יצחק אייזיק אפשטיין,Q6261995,,1770,1857,
acharonim,ליב שוואב,Q1286319,,1794,1857,
acharonim,נפתלי בנט (רב),Q118186101,,1789,1857,
acharonim,אברהם ענתיבי,Q7011230,,1765,1858,
acharonim,דוד חיים צבאח,Q30527480,,,1858,
acharonim,חנוך זונדל בן יוסף,Q5379345,,,1859,
acharonim,מנחם מנדל מקוצק,Q1920228,,1787,1859,
acharonim,עבדאללה חנין,Q133454572,,,1859,
acharonim,צבי הירש גויטיין,Q28807060,,1805,1859,
acharonim,יעקב יוסף אטינגר,Q19518655,,1780,1860,
acharonim,ישועה בסיס,Q25493896,,1763,1860,
acharonim,ישראל ליפשיץ,Q2358203,,1782,1860,
acharonim,נסים אברהם אשכנזי,Q110674241,,1790,1860,
acharonim,נסים רפאל יצחק צורייאנו,Q112144409,,1820,1860,
acharonim,שמואל הולדהיים,Q63482,,1806,1860,
acharonim,שמעון זרחי,Q21030084,,1788,1860,
acharonim,אלעזר הופשטיין,Q18121716,,1800,1861,
acharonim,דוד טביל ממינסק,Q6579777,,1794,1861,
acharonim,חיים נסים אבולעפיה,Q6733062,,1775,1861,
acharonim,ישראל זאב הלוי הורביץ,Q16132796,,1777,1861,
acharonim,משה יצחק אביגדור,Q18714122,,1801,1861,
acharonim,גוטהולד סלומון,Q215394,,1784,1862,
acharonim,ישעיה ברדקי,Q12408366,,1790,1862,
acharonim,ישראל משה חזן,Q16132896,,1808,1862,
acharonim,שלמה חיים פרלוב (קוידנוב),Q121410253,,1797,1862,
acharonim,אברהם ישראל בצלאל רוזנבוים,Q113300953,,1790,1863,
acharonim,יהודה מאיר למברט,Q17486045,,1787,1863,
acharonim,מרדכי זאב איטינגא,Q25492370,,1804,1863,
acharonim,פנחס מנדל היילפרין,Q7186365,,1801,1863,
acharonim,שלמה זלמן אולמן (הונגריה),Q15120991,,,1863,
acharonim,אברהם הכהן יצחקי,Q18562233,,1789,1864,
acharonim,אברהם שמחה מאמצ'יסלב,Q118909560,,1794,1864,
acharonim,הלל מפאריץ',Q2896205,,1795,1864,
acharonim,יוסף פיימר,Q20502603,,1796,1864,
acharonim,ישעיה בנט,Q792855,,1792,1864,
acharonim,ישראל דוד מרגליות יפה שלזינגר,Q62606690,,1802,1864,
acharonim,מיכאל זקש,Q103140,,1808,1864,
acharonim,עבדאללה בן משה חיים,Q18121737,,,1864,
acharonim,שמואל אבא שפירא,Q30526762,,1784,1864,
acharonim,שמואל יהודה ארוואץ,Q126934565,,1800,1864,
acharonim,אליהו יוסף ריבלין,Q113808384,,1805,1865,
acharonim,דוד זכות,Q29048859,,1778,1865,
acharonim,חיים וסרצוג,Q25490645,,,1865,
acharonim,יהוסף שוורץ,Q7062531,,1804,1865,
acharonim,יוסף זונדל מסלנט,Q8075274,,1786,1865,
acharonim,יעקב צבי מקלנבורג,Q893270,,1785,1865,
acharonim,יצחק מנהיימר,Q94521,,1793,1865,
acharonim,משה יהודה לייב זילברברג,Q6904129,,1794,1865,
acharonim,נחום לעווי,Q7217831,,1813,1865,
acharonim,נתן דוד רבינוביץ' (שידלובצה),Q11790045,,1814,1865,
acharonim,יהודה אידל שרשבסקי,Q86004228,,1804,1866,
acharonim,יהודה אסאד,Q6598516,,1794,1866,
acharonim,יוסף באך,Q788090,,1784,1866,
acharonim,יצחק מאיר אלתר,Q1810688,,1799,1866,
acharonim,מנחם מנדל שניאורסון (צמח צדק),Q1337389,,1789,1866,
acharonim,משה טברסקי,Q12234803,,1788,1866,
acharonim,שלמה רבינוביץ,Q2919522,,1803,1866,
acharonim,ידידיה מונסונייגו,Q42338406,,1799,1867,
acharonim,יהודה ליב שניאורסון,Q4465355,,1811,1867,
acharonim,יהושע השל אשכנזי,Q119520452,,1806,1867,
acharonim,יחיא הכהן,Q108316266,,1787,1867,
acharonim,ישראל קליי,Q1289027,,1789,1867,
acharonim,מוריץ גולדמן,Q56508701,,1790,1867,
acharonim,שלמה זאב קליין,Q7558693,,1814,1867,
acharonim,שלמה יהודה רפפורט,Q1681199,,1790,1867,
acharonim,אברהם צבי הירש אייזנשטט,Q4668912,,1812,1868,
acharonim,אלעזר הורוויץ,Q1809435,,1803,1868,
acharonim,חיים פלאג'י,Q2903944,,1787,1868,
acharonim,יעקב משה רוזנברג,Q111094995,,1806,1868,
acharonim,מוריס יעקב רפאל,Q15236222,,1798,1868,
acharonim,מנדל רוזנבאום,Q7063945,,1782,1868,
acharonim,מרדכי מנחם מנדל קאליש,Q2899033,,1819,1868,
acharonim,שלמה יפה אשכנזי,Q111654402,,,1868,
acharonim,שמעון ליכטנשטאדט,Q41693048,,1796,1868,
acharonim,אלחנן רוזנשטיין,Q19282448,,1796,1869,
acharonim,אלכסנדר זוסמן אדלר,Q2643112,,1816,1869,
acharonim,חיים מרדכי לבטון,Q7035825,,1780,1869,
acharonim,ידידיה רפאל אבולעפיה,Q6821955,,1800,1869,
acharonim,יחיאל מיכל זבלודובסקי,Q110967039,,1804,1869,
acharonim,מאיר ציפסר,Q6735551,,1815,1869,
acharonim,שלמה קלוגר,Q2907784,,1785,1869,
acharonim,דב בר מייזלש,Q2917988,,1798,1870,
acharonim,חנוך הניך הכהן לוין,Q2919488,,1798,1870,
acharonim,יצחק בן וואליד,Q6999811,,1777,1870,
acharonim,מנדל פינלס,Q7216516,,1805,1870,
acharonim,משה זקס,Q6806330,,1800,1870,
acharonim,נתן עמרם,Q18228356,,1791,1870,
acharonim,שאול נחמיאש,Q96406350,,1810,1870,
acharonim,אברהם שמואל בנימין סופר,Q791779,,1815,1871,
acharonim,אהרן טברסקי,Q2899265,,1784,1871,
acharonim,יעקב אטלינגר,Q88948,,1798,1871,
acharonim,יששכר בר אילווי,Q4893250,,1814,1871,
acharonim,רפאל קצין,Q111983299,,1790,1871,
acharonim,שלמה יחזקאל יהודה,Q107959338,,1819,1871,
acharonim,אהרן מקרלין (השני),Q2857938,,1802,1872,
acharonim,ליאופולד רוקונשטיין,Q56632084,,1822,1872,
acharonim,צבי בנימין אוירבך,Q4888820,,1808,1872,
acharonim,שלמה ניסן,Q95007660,,1804,1872,
acharonim,שמואל שטראשון,Q527375,,1794,1872,
acharonim,אשר אנשל יונגרייז (מנוחת אשר),Q31798316,,1806,1873,
acharonim,חיים בנימין פונטרימולי,Q18810782,,,1873,
acharonim,חיים שמואל הכהן קונורטי,Q29033740,,1810,1873,
acharonim,יהושע אייזיק שפירא,Q12407861,,1801,1873,
acharonim,יצחק אייזיק אייכנשטיין,Q7213152,,1805,1873,
acharonim,יצחק שרים,Q111983606,,1798,1873,
acharonim,מנחם מנדל מקאמיניץ,Q4662589,,1800,1873,
acharonim,שמואל משינאווא,Q90377804,,1797,1873,
acharonim,אברהם גייגר,Q60844,,1810,1874,
acharonim,אברהם חיים אדאדי,Q7037366,,1800,1874,
acharonim,אליהו גוטמכר,Q1329445,,1795,1874,
acharonim,דוד שפירא (דינוב),Q25496854,,1804,1874,
acharonim,חיים בצלאל פנט,Q12257644,,1803,1874,
acharonim,יוסף אלטמן,Q29413963,,1818,1874,
acharonim,"יוסף באב""ד",Q2903622,,1801,1874,
acharonim,יחזקאל משה פישמן,Q1001741,,1795,1874,
acharonim,יעקב אמאדו,Q111654401,,1810,1874,
acharonim,יעקב אריה גוטרמן,Q7213071,,1792,1874,
acharonim,יצחק אייזיק ספרין,Q6882579,,1806,1874,
acharonim,יקיר גירון,Q8047115,,1813,1874,
acharonim,צבי הירש פרידמן,Q589495,,1808,1874,
acharonim,צבי הירש קלישר,Q244522,,1795,1874,
acharonim,אברהם לנדא,Q12403389,,1784,1875,
acharonim,אדא הורן,Q324170,,1825,1875,
acharonim,אליקים כרמולי,Q303765,,1802,1875,
acharonim,זכריה פרנקל,Q64883,,1801,1875,
acharonim,יוסף שאול נתנזון,Q1099081,,1808,1875,
acharonim,ישראל שוורץ,Q41028755,,1828,1875,
acharonim,לאופולד לעף,Q304031,,1810,1875,
acharonim,ראובן ברוך,Q26721419,,1811,1875,
acharonim,שמואל מועד,Q124738622,,1784,1875,
acharonim,אברהם דיין,Q43369883,,,1876,
acharonim,אברהם שאג-צוובנר,Q23902835,,1801,1876,
acharonim,דוב בעריש מביאלה,Q13811467,,1820,1876,
acharonim,דוד אופנהיים (רב וחוקר),Q23639322,,1816,1876,
acharonim,דוד מועטי,Q18205045,,1796,1876,
acharonim,חיים הלברשטאם,Q744298,,1793,1876,
acharonim,יוסף יצחק שניאורסון (אוורוטש),Q5371030,,1822,1876,
acharonim,יעקב ישראל טברסקי,Q6261909,,1794,1876,
acharonim,עקיבא להרן,Q4700876,,1795,1876,
acharonim,שלמה זרקא,Q6588234,,,1876,
acharonim,ברוך יצחק ליפשיץ,Q23062745,,1812,1877,
acharonim,יעקב שמחה רפיש,Q36303539,,1807,1877,
acharonim,מיכל צבי היילפרין,Q25491611,,1790,1877,
acharonim,שמעון דייטש,Q6587136,,1814,1877,
acharonim,בצלאל הכהן,Q12404683,,1820,1878,
acharonim,גבריאל דסאואר,Q904358,,1805,1878,
acharonim,יהודה אלקלעי,Q651247,,1798,1878,
acharonim,יהושע השיל קוטנר,Q6291155,,1802,1878,
acharonim,יעקב גזונדהייט,Q8046293,,1815,1878,
acharonim,יעקב דוד קאליש,Q11715126,,1814,1878,
acharonim,יעקב ליינר,Q112941992,,1817,1878,
acharonim,יצחק דב במברגר,Q96516,,1807,1878,
acharonim,מאיר אוירבך,Q1918196,,1815,1878,
acharonim,שלמה זלמן גייגר,Q94795570,,1792,1878,
acharonim,שמואל מאיר אייזקס,Q13137739,,1804,1878,
acharonim,אברהם אבוקארא,Q30526673,,,1879,
acharonim,אברהם פרידמן,Q1003936,,,1879,
acharonim,אהרן עזריאל,Q21154887,,1819,1879,
acharonim,דוד איינהורן (רב),Q214133,,1809,1879,
acharonim,דוד בן שמעון,Q16823004,,1824,1879,
acharonim,חיים יוסף פולק,Q6204628,,1798,1879,
acharonim,חיים שניאור זלמן שניאורסון,Q5371060,,1814,1879,
acharonim,יהודה הורוביץ (מעליץ),Q20607463,,1821,1879,
acharonim,יהודה מרגוזה,Q12407837,,1783,1879,
acharonim,יום טוב ליפמן הלפרין (ביאליסטוק),Q20502000,,1816,1879,
acharonim,יוסף אלטר הגר,Q20607195,,1822,1879,
acharonim,"מלבי""ם",Q1391091,,1809,1879,
acharonim,מנחם נחום קפלן,Q12409287,,1811,1879,
acharonim,משה שיק,Q2903959,,1807,1879,
acharonim,אברהם אשכנזי,Q4668755,,1813,1880,
acharonim,אברהם חג'אג',Q113296118,,,1880,
acharonim,אליקים גצל שלזינגר,Q19776525,,1813,1880,
acharonim,יהושע הלר,Q30128402,,1814,1880,
acharonim,יוסף אוב,Q1380436,,1804,1880,
acharonim,יעקב אבוחצירא,Q2919022,,1806,1880,
acharonim,יעקב שמשון הגר,Q25635676,,1813,1880,
acharonim,פרג'אללה דאבוש,Q16130948,,1815,1880,
acharonim,שלמה דייטש,Q136532047,,1813,1880,
acharonim,אליהו צבי סולובייצ'יק,Q5362064,,1800,1881,
acharonim,דניאל הכהן נהר,Q112144391,,1804,1881,
acharonim,חיים יהושע אלעזר הכהן חמצי,Q56421715,,1795,1881,
acharonim,יחיא קורח,Q6832686,,1840,1881,
acharonim,ישראל הכהן רפפורט,Q124365729,,,1881,
acharonim,רחמים נסים יהודה די שיגורה,Q112144415,,,1881,
acharonim,שלמה הכהן צבאן (ארבי לקביר),Q106363780,,1799,1881,
acharonim,אברהם ברודי,Q850459,,,1882,
acharonim,אברהם ברוך מני,Q113507996,,1855,1882,
acharonim,אליעזר ליפמן זילברמן,Q12403966,,1819,1882,
acharonim,אלעזר מנדל בידרמן,Q11696524,,1827,1882,
acharonim,אפרים ישראל בליכר,Q832567,,1813,1882,
acharonim,דוד טברסקי (טולנה),Q7192509,,1808,1882,
acharonim,לאופולד שטיין,Q1437881,,1810,1882,
acharonim,מקס ליליינטל,Q75286,,1814,1882,
acharonim,שמואל שניאורסון,Q937451,,1834,1882,
acharonim,אבנר ישראל הצרפתי,Q16128983,,1827,1883,
acharonim,אברהם וינברג (הראשון),Q6040409,,1804,1883,
acharonim,אברהם יהודה שוורץ,Q4668949,,1824,1883,
acharonim,אברהם יעקב פרידמן (הראשון),Q3569642,,1819,1883,
acharonim,יהושע השיל לוין,Q3572084,,1814,1883,
acharonim,יוליוס דסאואר,Q904359,,1832,1883,
acharonim,יעקב בריט,Q16063042,,1797,1883,
acharonim,יקותיאל יהודה טייטלבוים (ייטב לב),Q4704725,,1808,1883,
acharonim,ישראל מסלנט,Q1674629,,1810,1883,
acharonim,ישראל נח שניאורסון,Q5371054,,1815,1883,
acharonim,משה נחמיה כהניו,Q21035146,,1817,1883,
acharonim,נתן פרידלנד,Q4492722,,1808,1883,
acharonim,צבי הירש פאסל,Q1620338,,1802,1883,
acharonim,שלמה פלסנר (רב),Q28657483,,1797,1883,
acharonim,שמואל ארנפלד,Q988419,,1835,1883,
acharonim,שמעון סופר (מכתב סופר),Q2895822,,1820,1883,
acharonim,אברהם פלאצק,Q6584096,,1799,1884,
acharonim,דוד טבלי אפרתי,Q133415457,,1849,1884,
acharonim,ישראל מאיר פריימן,Q90547,,1830,1884,
acharonim,מנחם מנדל פנט,Q12237617,,1818,1884,
acharonim,שלום מנצורה (רב),Q7001835,,1800,1884,
acharonim,שמואל הלר,Q12411809,,1785,1884,
acharonim,אברהם הכהן מסלוניקי,Q118925118,,1780,1885,
acharonim,אברהם קורקידי,Q111654398,,1813,1885,
acharonim,אליהו לביא (רב),Q136662718,,1820,1885,
acharonim,ברוך מרדכי ליבשיץ,Q70682006,,1809,1885,
acharonim,יוסף רייזין,Q6743773,,1818,1885,
acharonim,יעקב ספיר,Q467529,,1822,1885,
acharonim,יעקב שטיינהרדט (רב),Q48863895,,1818,1885,
acharonim,ישעיה נפתלי הירץ שפירא,Q12252439,,1838,1885,
acharonim,מתתיהו שטראשון,Q2907489,,1817,1885,
acharonim,אברהם חמוי,Q111983595,,1838,1886,
acharonim,אריה ליב ילין,Q4802684,,1820,1886,
acharonim,בנימין זאב לנדא,Q2588731,,1811,1886,
acharonim,גדליה טיקטין (השני),Q1170103,,1808,1886,
acharonim,חיים אברהם שפירא,Q19688010,,,1886,
acharonim,חיים סופר,Q5067830,,1821,1886,
acharonim,יואל מוסקוביץ',Q127695049,,1818,1886,
acharonim,יום-טוב ליפמן צונץ,Q76998,,1794,1886,
acharonim,יצחק אקריש,Q42008143,,1818,1886,
acharonim,מרדכי אבי סרור,Q2900120,,1826,1886,
acharonim,שלמה גאנצפריד,Q905319,,1804,1886,
acharonim,שלמה זלמן אבל,Q7499614,,1857,1886,
acharonim,אברהם בנימין זילברברג (קוטנא),Q6574630,,1839,1887,
acharonim,אברהם יוסף אש,Q25490365,,1813,1887,
acharonim,יחיא בדיחי,Q16131187,,1803,1887,
acharonim,צבי יהודה רבינוביץ' תאומים,Q6634413,,1843,1887,
acharonim,אברהם יחזקאל רייך,Q17819231,,1813,1888,
acharonim,אברהם שינקר,Q16338383,,1846,1888,
acharonim,אשר שטרן,Q18957602,,1820,1888,
acharonim,הבתולה מלודמיר,Q4530047,,1806,1888,
acharonim,יהודה לייב איגר,Q920101,,1816,1888,
acharonim,יחיאל מאיר מגוסטינין,Q7040230,,1816,1888,
acharonim,לזר איזידור,Q3220007,,1813,1888,
acharonim,צבי הירש אורנשטיין,Q22137234,,1816,1888,
acharonim,"רש""ר הירש",Q76985,,1808,1888,
acharonim,שמואל טייטלבוים,Q12231276,,1814,1888,
acharonim,אברהם הוכמוט,Q16062633,,1816,1889,
acharonim,אברהם טברסקי (טוריסק),Q12261359,,1806,1889,
acharonim,אברהם קארה,Q108268141,,1815,1889,
acharonim,ברנהרד לוונשטיין,Q101426116,,1821,1889,
acharonim,חיים אלעזר וקס,Q2899009,,1882,1889,
acharonim,יחזקאל סירקין,Q28016521,,1820,1889,
acharonim,יעקב בריל,Q1678939,,1812,1889,
acharonim,יעקב ישראל,Q110166263,,1819,1889,
acharonim,לודוויג פיליפסון,Q88899,,1811,1889,
acharonim,מיהאי מרצאלי,Q16521719,,1824,1889,
acharonim,מרדכי אליאשברג,Q1409562,,1817,1889,
acharonim,סעדיה מדמוני,Q12410121,,,1889,
acharonim,עבדאללה סומך,Q4664672,,1813,1889,
acharonim,שלמה פורמשטכר,Q215173,,1808,1889,
acharonim,שמואל הירש,Q97334,,1815,1889,
acharonim,שמואל עמאר,Q7017223,,1830,1889,
acharonim,אברהם אנקווה,Q18220754,,1807,1890,
acharonim,אברהם דוד לבוט,Q2874495,,1814,1890,
acharonim,אלעזר משה הורוויץ,Q18192688,,1817,1890,
acharonim,גבריאל אלמושנינו,Q12275896,,1805,1890,
acharonim,גרשון חנוך הניך ליינר,Q2908995,,1839,1890,
acharonim,חיים יונה גורלנד,Q5687501,,1841,1890,
acharonim,יוליוס לנדסברגר,Q1111006,,1819,1890,
acharonim,מאיר להמן,Q88952,,1831,1890,
acharonim,מנואל יואל,Q72145,,1826,1890,
acharonim,נחמן נתן קורונל,Q7013172,,1810,1890,
acharonim,נתן מרקוס אדלר,Q78287,,1803,1890,
acharonim,פנחס מיכאל גרויסלייט,Q12410629,,,1890,
acharonim,שלמה שילר-סינשי,Q2299249,,1820,1890,
acharonim,אברהם פונטרימולי,Q112157459,,,1891,
acharonim,אהרן פריד,Q1003920,,1812,1891,
acharonim,הלל ליכטנשטיין,Q5762980,,1815,1891,
acharonim,זאב וולף לנדא,Q19841959,,1807,1891,
acharonim,חיים אופנהיים,Q4363802,,1832,1891,
acharonim,יהודה לייב קמינר,Q18121754,,1827,1891,
acharonim,יהושע אהרן צבי ויינברגר,Q15707528,,1813,1891,
acharonim,יום טוב ישראל (שיריזלי),Q97323080,,1821,1891,
acharonim,יעקב רקח,Q18121725,,1800,1891,
acharonim,מנחם כץ,Q12409277,,1795,1891,
acharonim,מרדכי גימפל יפה,Q12409492,,1820,1891,
acharonim,נחמיה בריל,Q6987805,,1843,1891,
acharonim,צבי גרץ,Q63762,,1817,1891,
acharonim,שמואל אדלר,Q95297,,1809,1891,
acharonim,אברהם יששכר בער רבינוביץ,Q2899498,,1843,1892,
acharonim,איזידור לב,Q2897130,,1839,1892,
acharonim,אלימלך שפירא (גרודז'יסק),Q2895761,,1823,1892,
acharonim,אליעזר אליהו איגל,Q12403958,,1825,1892,
acharonim,ברוך אקפלד,Q987518,,,1892,
acharonim,דוד שלוש (מרקש),Q50424301,,1803,1892,
acharonim,חיים נתן דמביצר,Q5639306,,1820,1892,
acharonim,יום טוב ליפמן בסליאנסקי,Q18192686,,1821,1892,
acharonim,יוסף דוב הלוי סולובייצ'יק (בית הלוי),Q1973117,,1820,1892,
acharonim,יוסף נטונק,Q1215815,,1813,1892,
acharonim,יעקב לוי (בלשן),Q1380932,,1819,1892,
acharonim,מרדכי אליעזר ובר,Q16133393,,1822,1892,
acharonim,עקיבא קורניצר,Q12410430,,1839,1892,
acharonim,שאול יצחק קמפף,Q7427308,,1818,1892,
acharonim,שלמה בכור חוצין,Q16130113,,1843,1892,
acharonim,שרגא פייבל סרנא,Q30526942,,1826,1892,
acharonim,אהרן ילינק,Q78889,,1821,1893,
acharonim,בנימין זאב וולף ברייער,Q132528542,,1830,1893,
acharonim,יהודה מודרן,Q20609087,,1819,1893,
acharonim,יואל משה לנדא מיאברוב,Q65251450,,1816,1893,
acharonim,יעקב ריינוביץ,Q123196333,,1818,1893,
acharonim,ישראל יהושע מקוטנא,Q7011844,,1821,1893,
acharonim,ישראל מיכל רבינוביץ,Q29137400,,1818,1893,
acharonim,נפתלי צבי יהודה ברלין,Q1861531,,1816,1893,
acharonim,רפאל מאיר פאניז'ל,Q7294000,,1804,1893,
acharonim,שלמה שפירא (מונקאטש),Q6623164,,1832,1893,
acharonim,אורי דוד אפריון,Q134601026,,1809,1894,
acharonim,אליהו יהושע עובדיה,Q136868644,,1787,1894,
acharonim,הילה וכסלר,Q12632285,,1843,1894,
acharonim,חזקיה פייבל פלויט,Q25490109,,1818,1894,
acharonim,חנוך יהודה קוהוט,Q382040,,1842,1894,
acharonim,יהושע רוקח,Q2906617,,1825,1894,
acharonim,יוסף פרלס,Q96699,,1835,1894,
acharonim,יוסף רפאל עוזיאל,Q30527446,,1829,1894,
acharonim,יחיאל דנציגר,Q15621425,,1828,1894,
acharonim,ישראל איסר שפירא (מזריטש),Q29883916,,1828,1894,
acharonim,ישראל באק,Q788892,,1840,1894,
acharonim,מרדכי לייפר,Q2895469,,1824,1894,
acharonim,מרדכי מורטרה,Q6757634,,1815,1894,
acharonim,מרדכי שרגא פרידמן,Q7217186,,1834,1894,
acharonim,משה עידאן,Q6572030,,1842,1894,
acharonim,מתתיהו שמחה רבנר,Q12409731,,1826,1894,
acharonim,נחמן גולדשטיין,Q6957180,,1825,1894,
acharonim,עקיבא פישר,Q113133908,,1818,1894,
acharonim,שאנדור אדלר (רב),Q504218,,1846,1894,
acharonim,שלמה קמחי,Q7558689,,1800,1894,
acharonim,ידידיה גוטליב פישר,Q1001694,,1810,1895,
acharonim,יואל מילר,Q1259417,,1827,1895,
acharonim,יוחנן טברסקי (רחמסטריווקה),Q12256932,,1816,1895,
acharonim,מוריץ גרינוולד,Q19896519,,1853,1895,
acharonim,מוריץ דסאואר,Q904363,,1842,1895,
acharonim,נחום דובער שניאורסון,Q61127036,,1842,1895,
acharonim,שלמה רנשבורג,Q23902882,,1816,1895,
acharonim,חיים אריה ליב פנסטר,Q118916716,,1834,1896,
acharonim,חנוך פישר,Q1001677,,1826,1896,
acharonim,יוסף פלאג'י,Q6535673,,1815,1896,
acharonim,יעקב בכרך,Q6119530,,1824,1896,
acharonim,יצחק אלחנן ספקטור,Q932654,,1817,1896,
acharonim,יצחק פרידמן (בוהוש),Q10859561,,1834,1896,
acharonim,ירוחם יהודה ליב פרלמן,Q2912065,,1835,1896,
acharonim,ישראל יפה (חזן),Q137106468,,1813,1896,
acharonim,נפתלי שוורץ,Q16131527,,1846,1896,
acharonim,רפאל משה אלבז,Q16129316,,1823,1896,
acharonim,בנימין זאב פרקש מנדלבאום,Q129188745,,1815,1897,
acharonim,דוד ועקנין,Q96747592,,,1897,
acharonim,"זכריה מנדל כ""ץ",Q12407235,,1830,1897,
acharonim,יוסף ווייסע,Q29045050,,1812,1897,
acharonim,ישראל קושטא,Q12408411,,1819,1897,
acharonim,שבתאי מוראיס,Q3460489,,1823,1897,
acharonim,שמואל לייב בריל,Q741893,,1814,1897,
acharonim,שמחה במברגר (אשפנבורג),Q18098681,,1832,1897,
acharonim,שרגא צבי טננבוים,Q113133897,,1826,1897,
acharonim,אבנר כתבן,Q12403339,,1830,1898,
acharonim,אברהם פלאג'י,Q6961011,,1809,1898,
acharonim,אורי שרגא פייבל שרייאר,Q27990435,,1819,1898,
acharonim,אליעזר פאפו (ירושלים),Q30527740,,,1898,
acharonim,אליעזר צבי ספרין,Q55154123,,1830,1898,
acharonim,דוד זגורי,Q123477607,,1803,1898,
acharonim,חיים אריה לייב מישקובסקי,Q6823587,,1836,1898,
acharonim,יהונתן אליאשברג,Q55439829,,1850,1898,
acharonim,יוסף יפה,Q18198836,,1845,1898,
acharonim,יחזקאל שרגא הלברשטאם,Q2903533,,1811,1898,
acharonim,משה יהושע יהודה לייב דיסקין,Q2778216,,1818,1898,
acharonim,פנחס זליגמן פרום,Q19403433,,1822,1898,
acharonim,צבי הרמן שפירא,Q931272,,1840,1898,
acharonim,רפאל יוסף חרוש,Q111291305,,1812,1898,
acharonim,שלמה זלמן פרוש,Q16342154,,1845,1898,
acharonim,שמואל זיברטנסקי,Q21570430,,1818,1898,
acharonim,שמואל מוהליבר,Q48771,,1824,1898,
acharonim,שמחה זיסל זיו,Q5501221,,1824,1898,
acharonim,אורי זאב סלט,Q139545971,,1823,1899,
acharonim,אליהו מני (רב),Q6994526,,1818,1899,
acharonim,חיים חבשוש,Q5687488,,1833,1899,
acharonim,חיים ליב טיקטינסקי,Q25841443,,1823,1899,
acharonim,יהודה נחמה,Q30252275,,1825,1899,
acharonim,יעקב חי עבו,Q30527614,,1830,1899,
acharonim,משה אריה במברגר,Q1949182,,1838,1899,
acharonim,עזריאל הילדסהיימר,Q384859,,1820,1899,
acharonim,אביגדור הלברשטאם,Q12261585,,1828,,
acharonim,אברהם בן לוי קונקי,Q4669264,,1648,,
acharonim,אלישע בן שמואל,Q16132234,,1644,,
acharonim,אלכסנדר סנדר קפלן,Q60594603,,1815,,
acharonim,ברוך מקוסוב,Q6531267,,1725,,
acharonim,דב בעריש הרציגר,Q6664320,,1775,,
acharonim,יואל אבן שועיב,Q6214119,,1500,,
acharonim,יוסף סאמיגה,Q25490301,,1629,,
acharonim,יוסף פורמון,Q65925056,,1515,,
acharonim,יעקב מצויזמיר,Q137827651,,1700,,
acharonim,יצחק מאיר תאומים-פרנקל,Q16132270,,1640,,
acharonim,מלכיאל אשכנזי,Q3282162,,1520,,
acharonim,משה אדרעי (השני),Q109570931,,1774,,
acharonim,משה פיניירו,Q6379474,,1601,,
acharonim,נפתלי הרץ בכרך,Q6958227,,1601,,
acharonim,עמרם רוזנבוים,Q16128909,,1790,,
acharonim,צבי הירש ברוידא,Q7029790,,1801,,
acharonim,צבי כץ,Q18121747,,1590,,
acharonim,"שלמה הכהן (מהרש""ך)",Q12411753,,1520,,
acharonim,שמואל די אבילה,Q16130388,,1688,,
acharonei_zmanenu,אהרון בן יצחק רכניץ,Q552210,,1695,1900,
acharonei_zmanenu,אליהו בן-אמוזג,Q783344,,1823,1900,
acharonei_zmanenu,דובער זאב וולף ליבשיץ,Q25490440,,1827,1900,
acharonei_zmanenu,יצחק אבן דנאן,Q25497477,,1834,1900,
acharonei_zmanenu,יצחק מאיר וייז,Q1673434,,1819,1900,
acharonei_zmanenu,מאיר צבי פרידלנדר,Q1003926,,1795,1900,
acharonei_zmanenu,סולומון מינור,Q4295159,,1827,1900,
acharonei_zmanenu,צדוק הכהן מלובלין,Q8064174,,1823,1900,
acharonei_zmanenu,רפאל גולדברג,Q105078483,,1841,1900,
acharonei_zmanenu,שלמה זלמן חיים הלברשטאם,Q2895410,,1832,1900,
acharonei_zmanenu,שלמה זלמן שניאורסון,Q2909605,,1830,1900,
acharonei_zmanenu,שמעון הורוביץ,Q28109809,,1820,1900,
acharonei_zmanenu,אביעזרי זליג אוירבך,Q23019322,,1840,1901,
acharonei_zmanenu,חיים רחמים יוסף פרנקו,Q6808048,,1835,1901,
acharonei_zmanenu,יוסף כנאפו,Q6811621,,1823,1901,
acharonei_zmanenu,לודוויג לוויזון,Q6699284,,1819,1901,
acharonei_zmanenu,מאיר מיכל רבינוביץ,Q18121757,,1819,1901,
acharonei_zmanenu,אליעזר זוסמן סופר,Q5360786,,1828,1902,
acharonei_zmanenu,יעקב יוסף (חריף),Q6118817,,1840,1902,
acharonei_zmanenu,יצחק רילף,Q72150,,1831,1902,
acharonei_zmanenu,נפתלי הרץ הלוי,Q7040022,,1852,1902,
acharonei_zmanenu,צבי פישר,Q113133907,,1841,1902,
acharonei_zmanenu,רפאל יצחק ישראל,Q96576541,,1809,1902,
acharonei_zmanenu,שניאור זלמן פרדקין,Q6372342,,1830,1902,
acharonei_zmanenu,גרשון אנצילביץ,Q134606645,,1822,1903,
acharonei_zmanenu,דוד משה פרידמן,Q7192680,,1827,1903,
acharonei_zmanenu,יהונתן אבלמן,Q25490224,,1854,1903,
acharonei_zmanenu,יוסף זכריה שטרן,Q12407996,,1831,1903,
acharonei_zmanenu,מרדכי דב טברסקי (הורניסטייפול),Q12236274,,1839,1903,
acharonei_zmanenu,מרקוס יסטרוב,Q556073,,1829,1903,
acharonei_zmanenu,ששון בכר משה,Q18611321,,1825,1903,
acharonei_zmanenu,אברהם יצחק משכיל לאיתן,Q18121735,,1840,1904,
acharonei_zmanenu,אליהו חי גג',Q107534225,,1830,1904,
acharonei_zmanenu,גבריאל פיינברג,Q134503499,,1825,1904,
acharonei_zmanenu,דוד שלמה גרודזנסקי,Q28857133,,1821,1904,
acharonei_zmanenu,זכי כהן,Q3574656,,1829,1904,
acharonei_zmanenu,חיים אריה לייבוש הורוביץ,Q9188611,,1851,1904,
acharonei_zmanenu,חיים זליג סלונימסקי,Q976296,,1810,1904,
acharonei_zmanenu,חיים חזקיהו מדיני,Q2906474,,1832,1904,
acharonei_zmanenu,חנניה יום טוב ליפא טייטלבוים,Q2891231,,1836,1904,
acharonei_zmanenu,ישראל הורוביץ (מעליץ),Q12252409,,1850,1904,
acharonei_zmanenu,אברהם צאלח (בן צאלח),Q108325797,,1825,1905,
acharonei_zmanenu,אהרן שמואל אסאד,Q1470072,,1830,1905,
acharonei_zmanenu,אייזיק הירש וייס,Q363106,,1815,1905,
acharonei_zmanenu,אליהו דוד רבינוביץ' תאומים,Q5362056,,1842,1905,
acharonei_zmanenu,ברוך מנדלבוים,Q6908703,,1834,1905,
acharonei_zmanenu,יהודה אריה ליב אלתר,Q2891454,,1847,1905,
acharonei_zmanenu,יוסף שלופר,Q134591991,,1840,1905,
acharonei_zmanenu,יצחק יהודה שמלקיש,Q12408256,,1827,1905,
acharonei_zmanenu,יצחק יעקב רבינוביץ (ביאלא),Q2899330,,1850,1905,
acharonei_zmanenu,מאיר קייזרלינג,Q70833,,1829,1905,
acharonei_zmanenu,נתנאל חיים פאפע,Q114269765,,,1905,
acharonei_zmanenu,סאלם חבשוש,Q105073126,,1825,1905,
acharonei_zmanenu,סאסי מעתוק הכהן יהונתן,Q6583577,,1831,1905,
acharonei_zmanenu,צבי הירש למפרט,Q134303032,,1835,1905,
acharonei_zmanenu,צדוק כהן,Q140074,,1839,1905,
acharonei_zmanenu,שלמה הכהן (רב),Q7499586,,1828,1905,
acharonei_zmanenu,שלמה הלברשטאם (הראשון),Q2891601,,1847,1905,
acharonei_zmanenu,אלכסנדר משה לפידות,Q1689923,,1819,1906,
acharonei_zmanenu,בן ציון מיטבסקי,Q7003181,,,1906,
acharonei_zmanenu,יוסף בן וואליד,Q112229359,,1830,1906,
acharonei_zmanenu,יוסף דוד שחור,Q16130655,,,1906,
acharonei_zmanenu,יוסף רפאל בן נון,Q16130912,,1821,1906,
acharonei_zmanenu,יעקב שאול אלישר,Q6119232,,1817,1906,
acharonei_zmanenu,צבי הירש הכהן וולק,Q18192689,,1856,1906,
acharonei_zmanenu,שמואל פולק,Q102063898,,1842,1906,
acharonei_zmanenu,שמחה בונם סופר,Q12411846,,1842,1906,
acharonei_zmanenu,הלל ליבשיץ,Q21031977,,1844,1907,
acharonei_zmanenu,יהודה גרינפלד (רב),Q113355527,,1837,1907,
acharonei_zmanenu,יוסף מולפלדר,Q111095170,,1844,1907,
acharonei_zmanenu,יצחק בלאזר,Q8053892,,1837,1907,
acharonei_zmanenu,יצחק לייב סופר,Q118924496,,1848,1907,
acharonei_zmanenu,עמרם בלום,Q832505,,1834,1907,
acharonei_zmanenu,רחמים נסים יצחק פלאג'י,Q6765959,,1813,1907,
acharonei_zmanenu,שמחה בונם קאליש,Q7222976,,1851,1907,
acharonei_zmanenu,אהרון קנדינוב,Q135934061,,1822,1908,
acharonei_zmanenu,אליהו בכור חזן,Q12403933,,1840,1908,
acharonei_zmanenu,ברנהרד פלזנטל,Q825000,,1822,1908,
acharonei_zmanenu,ז'וזף ורטהיימר,Q3185786,,1833,1908,
acharonei_zmanenu,חיים יעקב שפירא,Q6773929,,1832,1908,
acharonei_zmanenu,יהושע שטיינברג,Q1431872,,1830,1908,
acharonei_zmanenu,יחזקאל עזרא רחמים,Q7011633,,1876,1908,
acharonei_zmanenu,יחיאל מיכל הלוי אפשטיין,Q1686102,,1829,1908,
acharonei_zmanenu,יצחק רפאל אשכנזי,Q113679421,,1826,1908,
acharonei_zmanenu,ישראל זינגר (רב),Q105078675,,1828,1908,
acharonei_zmanenu,מאיר איש-שלום,Q6810242,,1831,1908,
acharonei_zmanenu,מאיר אשכנזי (אוסלו),Q111095046,,1850,1908,
acharonei_zmanenu,מאיר רוזנבוים (קרעטשניף),Q6826443,,1852,1908,
acharonei_zmanenu,מור לוי (רב),Q56414305,,1854,1908,
acharonei_zmanenu,מסעוד אבוחצירא,Q97220374,,1828,1908,
acharonei_zmanenu,נחמן כהנא (ארחות חיים),Q30527632,,1861,1908,
acharonei_zmanenu,שלום דובער שניאורסון (רצ'יצה),Q5371049,,1834,1908,
acharonei_zmanenu,שלמה יהודה טבק,Q19859257,,1832,1908,
acharonei_zmanenu,אברהם יצחק גליק,Q27020227,,1826,1909,
acharonei_zmanenu,דוד וולף מרקס,Q5241289,,1811,1909,
acharonei_zmanenu,חיים אלעזר מזרחי,Q16339809,,1858,1909,
acharonei_zmanenu,יוסף חיים מבגדאד,Q775996,,1833,1909,
acharonei_zmanenu,יוסף מאיר וייס,Q2895441,,1838,1909,
acharonei_zmanenu,יחיאל מיכל היילפרין,Q113355478,,,1909,
acharonei_zmanenu,ירחמיאל משה הופשטיין,Q86005583,,1860,1909,
acharonei_zmanenu,מרדכי עמרם הירש,Q21789550,,1833,1909,
acharonei_zmanenu,משה לייב בלוך,Q15410306,,1815,1909,
acharonei_zmanenu,שלמה אביטבול (מרקש),Q133054553,,,1909,
acharonei_zmanenu,שמואל סלנט,Q428672,,1816,1909,
acharonei_zmanenu,אברהם בורנשטיין,Q2909191,,1838,1910,
acharonei_zmanenu,אהרן אורלנסקי,Q6854176,,1854,1910,
acharonei_zmanenu,אליעזר גורדון,Q2903915,,1841,1910,
acharonei_zmanenu,דוד אורטנברג,Q18220937,,,1910,
acharonei_zmanenu,חיים ישעיה הלברסברג,Q16132648,,1848,1910,
acharonei_zmanenu,יהושע סיגל,Q25492171,,1846,1910,
acharonei_zmanenu,יוסף יהודה ליב זוסניץ,Q114909824,,1837,1910,
acharonei_zmanenu,יוסף יהודה שטרסברג,Q6625156,,,1910,
acharonei_zmanenu,יחזקאל רבינוביץ,Q8051037,,1862,1910,
acharonei_zmanenu,יצחק אבולעפיה (פני יצחק),Q27978769,,1839,1910,
acharonei_zmanenu,יצחק דובער שניאורסון,Q5371051,,1833,1910,
acharonei_zmanenu,יקיר בקיש,Q23581331,,1828,1910,
acharonei_zmanenu,ירחמיאל ישראל יצחק דנציגר,Q7213206,,1853,1910,
acharonei_zmanenu,מיכאל פרידלנדר,Q3308207,,1833,1910,
acharonei_zmanenu,מכלוף אלדאודי,Q1886354,,1825,1910,
acharonei_zmanenu,מלכיאל צבי טננבוים,Q6959737,,1847,1910,
acharonei_zmanenu,מרדכי הורוויץ,Q1901584,,1844,1910,
acharonei_zmanenu,משה גרינוולד,Q6916113,,1853,1910,
acharonei_zmanenu,משה דנישבסקי,Q19594524,,1830,1910,
acharonei_zmanenu,משה לייב ליליינבלום,Q742539,,1843,1910,
acharonei_zmanenu,סימון דנקוביץ,Q19896520,,1834,1910,
acharonei_zmanenu,צבי הירש רבינוביץ,Q18220758,,1848,1910,
acharonei_zmanenu,ציון חיים רקח,Q18919635,,1835,1910,
acharonei_zmanenu,שאול פנחס רבינוביץ,Q2227493,,1845,1910,
acharonei_zmanenu,שלום מויאל,Q6633242,,,1910,
acharonei_zmanenu,אליעזר שמחה רבינוביץ,Q20502840,,1831,1911,
acharonei_zmanenu,היינמן פוגלשטיין,Q1596058,,1841,1911,
acharonei_zmanenu,זלמן דולינסקי,Q12407237,,1871,1911,
acharonei_zmanenu,חיים הלל פריד,Q12407452,,1837,1911,
acharonei_zmanenu,יוסף צבי דינר,Q1708296,,1833,1911,
acharonei_zmanenu,יצחק חיים קסטיליוני,Q55226641,,1840,1911,
acharonei_zmanenu,מאיר פיימר,Q20502641,,1840,1911,
acharonei_zmanenu,משה זאב מזוזה,Q135094989,,1830,1911,
acharonei_zmanenu,משה צבי פוקס,Q113355506,,1843,1911,
acharonei_zmanenu,משה שמעון אנטוקולסקי,Q7014615,,1850,1911,
acharonei_zmanenu,משפחת פרוידיגר,Q1003848,,1833,1911,
acharonei_zmanenu,נפתלי הרמן אדלר,Q1610507,,1839,1911,
acharonei_zmanenu,שלום מרדכי שבדרון,Q7500250,,1835,1911,
acharonei_zmanenu,שמחה יאיר רוזנפלד,Q123365280,,,1911,
acharonei_zmanenu,אברהם אבא ורנר,Q330707,,1837,1912,
acharonei_zmanenu,אהרן ולדן,Q4662505,,1835,1912,
acharonei_zmanenu,אליהו חיים מייזל,Q6042124,,1821,1912,
acharonei_zmanenu,אריה ליב גורדון,Q118924843,,1845,1912,
acharonei_zmanenu,בנימין אריה וייס,Q86000888,,1842,1912,
acharonei_zmanenu,חיים ברלין,Q2898049,,1832,1912,
acharonei_zmanenu,חיים יעקב אונגר,Q6204571,,1826,1912,
acharonei_zmanenu,חיים כסאר (בן סלימאן),Q108417898,,1859,1912,
acharonei_zmanenu,יהושע הורוביץ,Q20607474,,1842,1912,
acharonei_zmanenu,יואל משה סלומון,Q1691731,,1838,1912,
acharonei_zmanenu,יצחק אבוחצירא (הראשון),Q91029710,,1860,1912,
acharonei_zmanenu,משה סלומון,Q113355487,,1835,1912,
acharonei_zmanenu,נתן אהרנפלד,Q988417,,1843,1912,
acharonei_zmanenu,צבי יוסף רזניק,Q8075552,,1841,1912,
acharonei_zmanenu,שמואל בק (רב),Q836017,,1834,1912,
acharonei_zmanenu,אברהם אבל אדולף ארליך,Q6642995,,1837,1913,
acharonei_zmanenu,אדולף שמידל,Q6041098,,1821,1913,
acharonei_zmanenu,אלעזר הלוי גרינהוט,Q6505777,,1850,1913,
acharonei_zmanenu,בנימין זאב בכר,Q609273,,1850,1913,
acharonei_zmanenu,דוד קרליבך,Q117319160,,1885,1913,
acharonei_zmanenu,זאב פיילכנפלד,Q9377643,,1827,1913,
acharonei_zmanenu,חיים פאליק,Q140737592,,1853,1913,
acharonei_zmanenu,יהודה לייב פרנק,Q6772222,,1852,1913,
acharonei_zmanenu,יוסף יצחק קובק,Q55915249,,1828,1913,
acharonei_zmanenu,יחיאל מיכל פינס,Q1686101,,1843,1913,
acharonei_zmanenu,יעקב אריה סלבנדי,Q23063020,,1837,1913,
acharonei_zmanenu,יעקב דוד וילובסקי,Q2910340,,1845,1913,
acharonei_zmanenu,מאיר אוסטרליץ,Q104554619,,1832,1913,
acharonei_zmanenu,מקס יוסטר,Q137210272,,1854,1913,
acharonei_zmanenu,משה שמואל תג'ר,Q106449953,,1832,1913,
acharonei_zmanenu,צבי הירש שפירא,Q2903948,,1850,1913,
acharonei_zmanenu,שלמה דאנה,Q55186731,,1850,1913,
acharonei_zmanenu,שלמה תווינא,Q18121771,,1856,1913,
acharonei_zmanenu,ארמין שניצר,Q16522704,,1836,1914,
acharonei_zmanenu,יעקב אלחאייק,Q107534221,,1846,1914,
acharonei_zmanenu,יצחק אייזיק הלוי,Q8053923,,1847,1914,
acharonei_zmanenu,משה בצלאל לוריא,Q18640801,,1834,1914,
acharonei_zmanenu,שמעון אגסי,Q12411857,,1852,1914,
acharonei_zmanenu,אברהם בנימין קלוגר,Q98924046,,1841,1915,
acharonei_zmanenu,אברהם ברלינר,Q90649,,1833,1915,
acharonei_zmanenu,דוד פרידמן (פינסק-קרלין),Q7009524,,,1915,
acharonei_zmanenu,דיולה ולס,Q63953258,,1873,1915,
acharonei_zmanenu,זכריה יוסף רוזנפלד,Q25492095,,1846,1915,
acharonei_zmanenu,חייא דוד הלוי שפיצר,Q30527108,,,1915,
acharonei_zmanenu,יהודה ליב קנטור,Q18120908,,1849,1915,
acharonei_zmanenu,יעקב קאפיל לנדמן,Q136410256,,1840,1915,
acharonei_zmanenu,יצחק אשכנזי (רב),Q108777494,,1859,1915,
acharonei_zmanenu,יצחק יעקב ריינס,Q941726,,1839,1915,
acharonei_zmanenu,מור קליין,Q89406913,,1842,1915,
acharonei_zmanenu,משה זקן מאזוז,Q110892159,,1851,1915,
acharonei_zmanenu,נפתלי הורוביץ (מעליץ),Q12234210,,1844,1915,
acharonei_zmanenu,צבי הירש לויטן,Q81944042,,1840,1915,
acharonei_zmanenu,שאול חיים הלוי הורוויץ,Q6608314,,,1915,
acharonei_zmanenu,שניאור זלמן שכטר,Q1391460,,1847,1915,
acharonei_zmanenu,אברהם שמחה הורוביץ,Q118925061,,,1916,
acharonei_zmanenu,אורי לנדמן,Q136376421,,1838,1916,
acharonei_zmanenu,אריה ליב פרומקין,Q4802678,,1845,1916,
acharonei_zmanenu,ברנאט זינגר,Q65216586,,1868,1916,
acharonei_zmanenu,חיים סתהון,Q19749318,,1871,1916,
acharonei_zmanenu,יוסף באראן,Q105086001,,1856,1916,
acharonei_zmanenu,יעקב בצלאל שניידר,Q12408158,,1842,1916,
acharonei_zmanenu,מרדכי רוזנבלט מאושמינה,Q7018163,,1857,1916,
acharonei_zmanenu,משה נחום ירושלמסקי,Q11784763,,1855,1916,
acharonei_zmanenu,נפתלי אמסטרדם,Q1963439,,1832,1916,
acharonei_zmanenu,שלום דנגור,Q6536855,,1832,1916,
acharonei_zmanenu,שמואל וינברג (סלונים),Q7222873,,1850,1916,
acharonei_zmanenu,אברהם אליעזר אלפרשטיין,Q4829396,,1853,1917,
acharonei_zmanenu,אברהם חזן (ברסלב),Q4668801,,1849,1917,
acharonei_zmanenu,אדולף קלמן,Q65216157,,1861,1917,
acharonei_zmanenu,אליהו ברוך קמאי,Q6982254,,1840,1917,
acharonei_zmanenu,אליהו עקיבא רבינוביץ',Q6642144,,1862,1917,
acharonei_zmanenu,אלכסנדר קיש,Q1253591,,1848,1917,
acharonei_zmanenu,בן ציון שטרנפלד,Q20502890,,1835,1917,
acharonei_zmanenu,ברכיה טייטלבוים,Q12258662,,1865,1917,
acharonei_zmanenu,דב בר רטנר,Q87008235,,1852,1917,
acharonei_zmanenu,יחיא צארום,Q12408078,,1842,1917,
acharonei_zmanenu,יעקב יצחקי,Q7023320,,1846,1917,
acharonei_zmanenu,יצחק דאנציג,Q30527387,,1837,1917,
acharonei_zmanenu,יצחק פרידמן (בויאן),Q8053903,,1850,1917,
acharonei_zmanenu,ישראל לוי,Q820919,,1841,1917,
acharonei_zmanenu,מנדלי מוכר ספרים,Q359694,,1836,1917,
acharonei_zmanenu,מנחם קאליש,Q11777339,,1860,1917,
acharonei_zmanenu,מרדכי בן ג'ו,Q99839531,,1827,1917,
acharonei_zmanenu,מרדכי טברסקי (קוזמיר),Q11785463,,1839,1917,
acharonei_zmanenu,משה שמואל צוקרמנדל,Q1949222,,1836,1917,
acharonei_zmanenu,שמואל בורשטין,Q18227830,,1860,1917,
acharonei_zmanenu,אברהם גרינבורג,Q50582599,,1839,1918,
acharonei_zmanenu,אברהם לופטביר,Q112201916,,1860,1918,
acharonei_zmanenu,אדה נוימן,Q1217243,,1859,1918,
acharonei_zmanenu,אדולף רוזנצווייג,Q4684152,,1850,1918,
acharonei_zmanenu,דוד צבי שלמה בידרמן,Q11693103,,1844,1918,
acharonei_zmanenu,חיים הלוי סולובייצ'יק,Q2637350,,1853,1918,
acharonei_zmanenu,יוסף ברבי,Q124821140,,1851,1918,
acharonei_zmanenu,ישראל קרדונר,Q16043522,,1867,1918,
acharonei_zmanenu,משה גידמן,Q876134,,1835,1918,
acharonei_zmanenu,משולם סלט,Q139540086,,1850,1918,
acharonei_zmanenu,רפאל ענתבי,Q55649412,,1853,1918,
acharonei_zmanenu,שאול אדאדי,Q18913466,,1850,1918,
acharonei_zmanenu,שלמה במברגר,Q18081768,,1835,1918,
acharonei_zmanenu,אליהו משה פאניז'יל,Q5360964,,1850,1919,
acharonei_zmanenu,אלפרד לוי (רב),Q735103,,1840,1919,
acharonei_zmanenu,אלתר טפליקר,Q4736287,,,1919,
acharonei_zmanenu,דובר אברמוביץ,Q5302353,,1860,1919,
acharonei_zmanenu,דוד אבוחצירא,Q16129808,,1866,1919,
acharonei_zmanenu,דיולה וייסבורג,Q24288111,,1866,1919,
acharonei_zmanenu,חיים נפתלי הרץ היילפרין,Q117830170,,1840,1919,
acharonei_zmanenu,יוסף זונדל הוטנר,Q12407997,,1846,1919,
acharonei_zmanenu,יוסף יוזל הורוביץ,Q8055909,,1847,1919,
acharonei_zmanenu,יוסף ענגיל,Q12408023,,1858,1919,
acharonei_zmanenu,יעקב גוטמן,Q97992,,1845,1919,
acharonei_zmanenu,יצחק יעקב רבינוביץ (פוניבז'),Q60416188,,1854,1919,
acharonei_zmanenu,נתן במברגר,Q1966457,,1842,1919,
acharonei_zmanenu,שלמה קרליבך (ליבק),Q125667,,1845,1919,
acharonei_zmanenu,שלמה שטנצל,Q7499609,,1884,1919,
acharonei_zmanenu,שמואל רוזנברג,Q20609912,,1842,1919,
acharonei_zmanenu,שמחה ישכר בער הלברשטאם,Q20607319,,,1919,
acharonei_zmanenu,אברהם הלל,Q16129102,,1824,1920,
acharonei_zmanenu,אסף פינחסוב,Q124770227,,1884,1920,
acharonei_zmanenu,יהודה גרינוולד,Q1028442,,1845,1920,
acharonei_zmanenu,יצחק איזיק טאובס,Q6960129,,1837,1920,
acharonei_zmanenu,ישראל טאוב,Q645252,,1849,1920,
acharonei_zmanenu,ישראל פרידלנדר,Q1674595,,1876,1920,
acharonei_zmanenu,מרדכי יצחק רבינוביץ,Q18121758,,1856,1920,
acharonei_zmanenu,עזרא הכהן מסלתון טראב,Q55649722,,,1920,
acharonei_zmanenu,פנחס מנחם אלעזר יוסטמן,Q12410628,,1848,1920,
acharonei_zmanenu,שלום (בן יחזקאל) אלבק,Q2230596,,1858,1920,
acharonei_zmanenu,שלום דובער שניאורסון,Q2661448,,1860,1920,
acharonei_zmanenu,שמואל קוהן (רב),Q1114983,,1841,1920,
acharonei_zmanenu,שמעון אפנשטיין,Q59524566,,1864,1920,
acharonei_zmanenu,גוטהרד דויטש,Q5588041,,1859,1921,
acharonei_zmanenu,דב בר דושינסקי,Q118380395,,1838,1921,
acharonei_zmanenu,דוד צבי הופמן,Q458733,,1843,1921,
acharonei_zmanenu,זאב וולף אברך,Q138412248,,1845,1921,
acharonei_zmanenu,זלמן פינחס קפלן,Q27974541,,1853,1921,
acharonei_zmanenu,חיים שאול הורוביץ,Q9334041,,1858,1921,
acharonei_zmanenu,יוסף אהרן רבינוביץ,Q11728295,,1853,1921,
acharonei_zmanenu,יוסף חיים הכהן,Q12408000,,1851,1921,
acharonei_zmanenu,יעקב חיים,Q55651690,,1854,1921,
acharonei_zmanenu,יעקב שטיינהרץ,Q67185694,,1856,1921,
acharonei_zmanenu,ישראל זיתון,Q25497495,,1840,1921,
acharonei_zmanenu,ישראל מסטולין,Q15906958,,1869,1921,
acharonei_zmanenu,משה אליהו הלפרין,Q30526990,,1872,1921,
acharonei_zmanenu,פראג'י עלוש,Q96179767,,1854,1921,
acharonei_zmanenu,פרדיננד רוזנטל,Q23062735,,1839,1921,
acharonei_zmanenu,רפאל שפירא,Q2899417,,1837,1921,
acharonei_zmanenu,שמואל אברהם פוזננסקי,Q2355571,,1864,1921,
acharonei_zmanenu,דוד יעקובסון,Q16130028,,1852,1922,
acharonei_zmanenu,יוסף רוזנפלד,Q107497625,,1858,1922,
acharonei_zmanenu,יעקב וילנציק,Q134292873,,1852,1922,
acharonei_zmanenu,ישראל חיים פרידמן,Q118378347,,1852,1922,
acharonei_zmanenu,לאיוש ונטיאנר,Q15502703,,1867,1922,
acharonei_zmanenu,משה נחום ולנשטיין,Q6656742,,1841,1922,
acharonei_zmanenu,נחמיה אנטון נובל,Q106243,,1871,1922,
acharonei_zmanenu,עקיבה יוסף שלזינגר,Q12410434,,1837,1922,
acharonei_zmanenu,שלמה מוסאיוף,Q7499600,,1852,1922,
acharonei_zmanenu,שמואל צבי מרגליות,Q6122740,,1858,1922,
acharonei_zmanenu,אברהם ביג'אג'ו,Q30005046,,1858,1923,
acharonei_zmanenu,"אלברט כ""ץ",Q57175938,,1858,1923,
acharonei_zmanenu,וולף מישל,Q6841798,,,1923,
acharonei_zmanenu,זלמן סנדר כהנא שפירא,Q6549615,,1851,1923,
acharonei_zmanenu,יהודה תיאודור,Q25490923,,1849,1923,
acharonei_zmanenu,יואב יהושע וינגרטן,Q8054212,,1845,1923,
acharonei_zmanenu,יום טוב ידיד הלוי,Q27020109,,1856,1923,
acharonei_zmanenu,יוסף שמואל בלוך,Q85961,,1850,1923,
acharonei_zmanenu,יעקב יוסף הכהן טראב מסלתון,Q20502515,,1851,1923,
acharonei_zmanenu,ישראל שלום יוסף פרידמן,Q12238508,,1855,1923,
acharonei_zmanenu,יששכר דוב קאהן,Q113355503,,1830,1923,
acharonei_zmanenu,מאיר מוריץ בק,Q7215184,,1845,1923,
acharonei_zmanenu,מרדכי יהודה רוזנק,Q1652817,,1868,1923,
acharonei_zmanenu,סיני שיפר,Q97907,,1852,1923,
acharonei_zmanenu,רפאל דלה-פרגולה,Q46230651,,1876,1923,
acharonei_zmanenu,שמואל צבי דנציגר,Q7222925,,1860,1923,
acharonei_zmanenu,שמריה נח שניאורסון,Q5371037,,1842,1923,
acharonei_zmanenu,אברהם איטינגא,Q118926327,,1874,1924,
acharonei_zmanenu,אברהם אליהו קפלן,Q2904224,,1889,1924,
acharonei_zmanenu,אברהם אליעזר הירשוביץ,Q117833415,,1859,1924,
acharonei_zmanenu,אברהם הכהן סקלי,Q106363267,,1870,1924,
acharonei_zmanenu,אברהם יעקב גרשון לסר,Q22081326,,1833,1924,
acharonei_zmanenu,אילש אדלר,Q504205,,1868,1924,
acharonei_zmanenu,אליעזר רבינוביץ,Q19800841,,1859,1924,
acharonei_zmanenu,אפרים פישל סלומון,Q3073025,,1849,1924,
acharonei_zmanenu,דוד ניימרק,Q1175892,,1866,1924,
acharonei_zmanenu,דוד פיפאנו,Q19824120,,1851,1924,
acharonei_zmanenu,זאב יעבץ,Q12407187,,1847,1924,
acharonei_zmanenu,חיים מאיר יחיאל שפירא מדרוהוביץ',Q12257281,,1863,1924,
acharonei_zmanenu,חיים משה אלישר,Q6805699,,1845,1924,
acharonei_zmanenu,יוסף לוינשטיין (רב),Q6284944,,1837,1924,
acharonei_zmanenu,"יעקב מזא""ה",Q4274489,,1859,1924,
acharonei_zmanenu,יעקב שור,Q16340139,,1853,1924,
acharonei_zmanenu,מקס קופשטיין,Q1912859,,1856,1924,
acharonei_zmanenu,משה אריה במברגר (שנלנקה),Q109858021,,1869,1924,
acharonei_zmanenu,משה שמואל גלזנר,Q12409633,,1856,1924,
acharonei_zmanenu,נתן פורגס,Q820393,,1848,1924,
acharonei_zmanenu,צבי אלימלך שפירא (בלאז'וב),Q12233801,,1841,1924,
acharonei_zmanenu,אברהם אהרן בורשטין,Q12403344,,1867,1925,
acharonei_zmanenu,אברהם דאנון,Q16338377,,1857,1925,
acharonei_zmanenu,אברהם חיים עדס,Q12403374,,1859,1925,
acharonei_zmanenu,אלימלך בינדיגר,Q12260151,,1860,1925,
acharonei_zmanenu,אפרים דב לאפ,Q55648246,,1859,1925,
acharonei_zmanenu,בנימין חמווי,Q29838621,,1860,1925,
acharonei_zmanenu,דוד צבי חן,Q27972335,,1846,1925,
acharonei_zmanenu,הושע יעקבי,Q5907292,,1842,1925,
acharonei_zmanenu,זליגמן יששכר מאייר,Q94887595,,1853,1925,
acharonei_zmanenu,יהודה ליב גורדין,Q20502614,,1854,1925,
acharonei_zmanenu,יצחק ירוחם דיסקין,Q6731008,,1839,1925,
acharonei_zmanenu,ישעיה שטיינר,Q2899371,,1851,1925,
acharonei_zmanenu,מאיר אריק,Q2903495,,1855,1925,
acharonei_zmanenu,מסעוד חי בן שמעון,Q18121708,,1869,1925,
acharonei_zmanenu,מרדכי שלמה זילבר,Q28058982,,1864,1925,
acharonei_zmanenu,עמרם פישר,Q113355572,,1848,1925,
acharonei_zmanenu,צבי מלטר,Q256984,,1867,1925,
acharonei_zmanenu,רפאל שלמה לניאדו (1876–1925),Q28857295,,1876,1925,
acharonei_zmanenu,שלום הכהן (רב תוניסאי),Q113803809,,1835,1925,
acharonei_zmanenu,אברהם אשר (רב),Q2346533,,1884,1926,
acharonei_zmanenu,אשר מיכאל (ארתור) כהן,Q708955,,1862,1926,
acharonei_zmanenu,חיים צבי טייטלבוים,Q2903870,,1879,1926,
acharonei_zmanenu,ישכר דב רוקח (הראשון),Q2906606,,1851,1926,
acharonei_zmanenu,מאיר אטלס,Q2893902,,1848,1926,
acharonei_zmanenu,מאיר שמחה הכהן,Q2910090,,1843,1926,
acharonei_zmanenu,מרטון שריינר,Q12352962,,1863,1926,
acharonei_zmanenu,צבי יעקב אופנהיים,Q8075548,,1854,1926,
acharonei_zmanenu,קאופמן קוהלר,Q3194287,,1843,1926,
acharonei_zmanenu,רפאל דאבוש,Q12411421,,1864,1926,
acharonei_zmanenu,שלמה אלישיב,Q2239932,,1841,1926,
acharonei_zmanenu,שלמה זלמן ברויאר,Q849455,,1850,1926,
acharonei_zmanenu,שמואל בורנשטיין,Q4369839,,1856,1926,
acharonei_zmanenu,בנימין זאב רייך,Q18035577,,1852,1927,
acharonei_zmanenu,חנוך ארנטרוי,Q988434,,1854,1927,
acharonei_zmanenu,ישראל אבא ציטרון,Q7066556,,1881,1927,
acharonei_zmanenu,מוזש פלדמן,Q385030,,1860,1927,
acharonei_zmanenu,מסעוד אלחדד,Q24790287,,1820,1927,
acharonei_zmanenu,משה שתרוג,Q86005990,,1846,1927,
acharonei_zmanenu,נתן צבי פינקל,Q2091430,,1849,1927,
acharonei_zmanenu,פרדריק דה סולה מנדס,Q555506,,1850,1927,
acharonei_zmanenu,צבי פרץ חיות,Q244523,,1876,1927,
acharonei_zmanenu,שם טוב גפן,Q6992366,,1856,1927,
acharonei_zmanenu,אליהו פיינשטיין,Q5362059,,1842,1928,
acharonei_zmanenu,אליעזר דוד גרינוולד,Q746233,,1867,1928,
acharonei_zmanenu,אלישע אפריאט,Q20502217,,1845,1928,
acharonei_zmanenu,אריה ליב ברודא (לבוב),Q113547317,,1840,1928,
acharonei_zmanenu,אריה לייב שוחט,Q4802680,,1845,1928,
acharonei_zmanenu,גדליה שמלקיש,Q25490254,,1857,1928,
acharonei_zmanenu,מאיר דן פלוצקי,Q6810235,,1866,1928,
acharonei_zmanenu,מאיר יחיאל הולשטוק,Q7069102,,1851,1928,
acharonei_zmanenu,משה אביגדור חייקין,Q27668699,,1852,1928,
acharonei_zmanenu,משה יוסף הופמן,Q20501957,,1842,1928,
acharonei_zmanenu,נסים ירחי,Q21780523,,1850,1928,
acharonei_zmanenu,נפתלי טרופ,Q2901086,,1871,1928,
acharonei_zmanenu,רפאל אהרן בן שמעון,Q16129287,,1848,1928,
acharonei_zmanenu,שלמה פוליצ'ק,Q7499603,,1877,1928,
acharonei_zmanenu,אברהם יעקב אורלנסקי,Q7062208,,,1929,
acharonei_zmanenu,אליהו ילוז,Q25490844,,1860,1929,
acharonei_zmanenu,בצלאל זאב שפרן,Q16130979,,1867,1929,
acharonei_zmanenu,חיים בלייח,Q111465861,,1834,1929,
acharonei_zmanenu,חיים גלרנטר,Q118925845,,1856,1929,
acharonei_zmanenu,חנוך חסון (רב),Q21570431,,1867,1929,
acharonei_zmanenu,יוסף יהודה לייב בלוך,Q12408002,,1860,1929,
acharonei_zmanenu,יעיש גיאת,Q6635835,,,1929,
acharonei_zmanenu,יעקב דוויק הכהן,Q112144380,,1838,1929,
acharonei_zmanenu,יעקב קופל רייך,Q1247038,,1838,1929,
acharonei_zmanenu,מנחם גרינוולד,Q1028444,,1843,1929,
acharonei_zmanenu,מנחם קרקובסקי,Q89348155,,1870,1929,
acharonei_zmanenu,מרדכי יוסף אלעזר ליינר,Q14919760,,1873,1929,
acharonei_zmanenu,מרדכי לייב רובין,Q6578723,,1871,1929,
acharonei_zmanenu,שבתי ליפשיץ,Q94641391,,1845,1929,
acharonei_zmanenu,שלמה זלמן הכהן קוק,Q138863124,,1844,1929,
acharonei_zmanenu,שלמה זלמן שך,Q20502913,,1846,1929,
acharonei_zmanenu,אביגדור שנפלד,Q94617385,,1880,1930,
acharonei_zmanenu,אברהם אהרן יודלוביץ',Q12403346,,1850,1930,
acharonei_zmanenu,אברהם חי בן אמוזג,Q29360074,,1860,1930,
acharonei_zmanenu,אברהם צבי פרלמוטר,Q6040914,,1843,1930,
acharonei_zmanenu,"אליעזר סג""ל מישל",Q16132153,,1860,1930,
acharonei_zmanenu,אליעזר פרחי,Q15912539,,1851,1930,
acharonei_zmanenu,דובריש טורש,Q61126201,,1863,1930,
acharonei_zmanenu,דוד טבל קצנלנבוגן,Q7052136,,1847,1930,
acharonei_zmanenu,הרמן גולנץ,Q350713,,1852,1930,
acharonei_zmanenu,הרמן ואן סטברן,Q5740428,,1849,1930,
acharonei_zmanenu,חיים יעקב נפתלי זילברברג,Q12407469,,1860,1930,
acharonei_zmanenu,חיים רבינוביץ (ראש ישיבה),Q5067823,,1860,1930,
acharonei_zmanenu,יוסף ידיד הלוי,Q18038627,,1867,1930,
acharonei_zmanenu,יצחק מרדכי שפירא,Q12253951,,1867,1930,
acharonei_zmanenu,ישעיהו זילברשטיין,Q21094389,,1858,1930,
acharonei_zmanenu,ישראל ניסן קופרשטוך,Q16132905,,1858,1930,
acharonei_zmanenu,לודוויג שטיין,Q3839175,,1859,1930,
acharonei_zmanenu,מאיר לרנר,Q18733361,,1857,1930,
acharonei_zmanenu,מנחם מנדל קרנגל,Q118913493,,1847,1930,
acharonei_zmanenu,מתיאש אייזלר,Q7217733,,1865,1930,
acharonei_zmanenu,נתן דוד רבינוביץ (פארציווא),Q16131737,,1866,1930,
acharonei_zmanenu,עזרא דנגור,Q21540398,,1848,1930,
acharonei_zmanenu,צינה דיזנגוף,Q7002793,,1872,1930,
acharonei_zmanenu,שלמה אליעזר אלפנדרי,Q7558595,,1826,1930,
acharonei_zmanenu,שמעון גרינפלד,Q19776688,,1860,1930,
acharonei_zmanenu,שמעון משה דיסקין (לוחביץ),Q6602199,,1872,1930,
acharonei_zmanenu,אברהם מגוץ הכהן,Q113802581,,1897,1931,
acharonei_zmanenu,אברהם קאפון,Q136083962,,1853,1931,
acharonei_zmanenu,אדולף שוורץ (רב),Q15218191,,1846,1931,
acharonei_zmanenu,אהרן שמואל תמרת,Q29548683,,1869,1931,
acharonei_zmanenu,חיים בז'רנו,Q12407444,,1846,1931,
acharonei_zmanenu,יחיא קאפח,Q8053978,,1850,1931,
acharonei_zmanenu,יצחק מלר,Q132444155,,1851,1931,
acharonei_zmanenu,מיקשה וייס,Q100938606,,1872,1931,
acharonei_zmanenu,משה סוקולובסקי,Q18078890,,1868,1931,
acharonei_zmanenu,ציון כהן יהונתן,Q6686800,,1872,1931,
acharonei_zmanenu,קלמן ובר,Q16132951,,1871,1931,
acharonei_zmanenu,שמואל שבח קנטורוביץ,Q16130444,,1869,1931,
acharonei_zmanenu,אברהם נח פאלי,Q117827285,,1876,1932,
acharonei_zmanenu,אהרן הלוי גולדמן,Q113637008,,1854,1932,
acharonei_zmanenu,אהרן וייס,Q113407644,,1851,1932,
acharonei_zmanenu,אליהו פוסק,Q7064813,,,1932,
acharonei_zmanenu,אליהו קלצקין,Q18038656,,1852,1932,
acharonei_zmanenu,אלתר ישראל שמעון פרלוב,Q9149168,,1874,1932,
acharonei_zmanenu,אפרים סמונוב,Q18523997,,1860,1932,
acharonei_zmanenu,אריאל בן ציון,Q16128575,,1880,1932,
acharonei_zmanenu,דוד יעקב סימונסן,Q4994443,,1853,1932,
acharonei_zmanenu,הרמן דויטש,Q124611928,,1856,1932,
acharonei_zmanenu,יוסף אלחנן מלמד,Q16675624,,1859,1932,
acharonei_zmanenu,יוסף חיים זוננפלד,Q1706746,,1848,1932,
acharonei_zmanenu,יחזקאל ליבשיץ,Q21031978,,1862,1932,
acharonei_zmanenu,יחזקאל נאג'י,Q65252654,,1846,1932,
acharonei_zmanenu,יחיא יצחק הלוי,Q7068097,,1867,1932,
acharonei_zmanenu,יעקב טולידאנו (בן יוסף),Q113355491,,,1932,
acharonei_zmanenu,מרדכי יהודה ליב וינקלר,Q6866685,,1844,1932,
acharonei_zmanenu,משה פירירה,Q55648095,,1884,1932,
acharonei_zmanenu,נחמן הלר,Q6855346,,1862,1932,
acharonei_zmanenu,ראובן אליהו ישראל,Q96336381,,1856,1932,
acharonei_zmanenu,רחמים מלמד כהן,Q6996712,,1865,1932,
acharonei_zmanenu,רפאל ברויאר,Q16508882,,1881,1932,
acharonei_zmanenu,שלמה פישר (הסב),Q115859211,,1852,1932,
acharonei_zmanenu,אברהם איבלאגון,Q112972480,,1846,1933,
acharonei_zmanenu,אברהם וינברג (השני),Q6040457,,,1933,
acharonei_zmanenu,אברהם מתתיהו פרידמן,Q12719846,,1847,1933,
acharonei_zmanenu,ג'ורג' אלכסנדר קוהוט,Q3101382,,1874,1933,
acharonei_zmanenu,ז'אק-אנרי דרייפוס,Q47028771,,1844,1933,
acharonei_zmanenu,חיים שאול הכהן דוויק,Q7058475,,1857,1933,
acharonei_zmanenu,יוסף נחמיה קורניצר,Q6563813,,1880,1933,
acharonei_zmanenu,יחיאל מיכל לייטר,Q114219822,,1864,1933,
acharonei_zmanenu,יעקב הלוי קופשטיין,Q55648814,,1847,1933,
acharonei_zmanenu,ירוחם מאיר ליינר,Q107745368,,1874,1933,
acharonei_zmanenu,ישראל מאיר הכהן,Q733140,,1838,1933,
acharonei_zmanenu,מאיר שלמה ינובסקי,Q3304735,,1850,1933,
acharonei_zmanenu,מאיר שפירא,Q2915710,,1887,1933,
acharonei_zmanenu,מנחם נחום פרידמן (השני),Q6721776,,1879,1933,
acharonei_zmanenu,משה מישל שמואל שפירא,Q30526744,,1855,1933,
acharonei_zmanenu,משה מרדכי אפשטיין,Q6916131,,1866,1933,
acharonei_zmanenu,משה ניימן (רב),Q114457185,,1856,1933,
acharonei_zmanenu,פליקס פרלס,Q1403719,,1874,1933,
acharonei_zmanenu,שמואל אלעלוף,Q113643602,,1868,1933,
acharonei_zmanenu,אברהם שמואל בנימין שפיצר,Q16129341,,1872,1934,
acharonei_zmanenu,אברהם שמשון אונדרוויזר,Q2537915,,1862,1934,
acharonei_zmanenu,אהרן הכהן (רב),Q12403488,,1841,1934,
acharonei_zmanenu,איזידור שפטלוביץ',Q1419022,,1875,1934,
acharonei_zmanenu,בצלאל יאיר דנציגר,Q12404685,,1856,1934,
acharonei_zmanenu,ברטלן אדלשטיין,Q63477559,,1876,1934,
acharonei_zmanenu,יואל לייב הלוי הרצוג,Q3187431,,1865,1934,
acharonei_zmanenu,יוסף גז,Q3572708,,1861,1934,
acharonei_zmanenu,יחיא אביץ',Q18530183,,1863,1934,
acharonei_zmanenu,יעקב בבכא,Q12404357,,1870,1934,
acharonei_zmanenu,יעקב משה ספיר,Q6830605,,1864,1934,
acharonei_zmanenu,יצחק צבי ריבלין,Q7063804,,1857,1934,
acharonei_zmanenu,ירוחם פישל פרלא,Q12408309,,1846,1934,
acharonei_zmanenu,משה קלירס,Q4590023,,1874,1934,
acharonei_zmanenu,סאלם אלג'מאל,Q105047007,,1859,1934,
acharonei_zmanenu,אברהם יצחק הכהן קוק,Q330110,,1865,1935,
acharonei_zmanenu,אליעזר ניצברג,Q6805598,,1849,1935,
acharonei_zmanenu,אלישע מפאנו,Q98098105,,1847,1935,
acharonei_zmanenu,גבריאל זאב מרגליות,Q5528373,,1847,1935,
acharonei_zmanenu,דוד פאיאנס (רב),Q117878288,,,1935,
acharonei_zmanenu,חיים הירשנזון,Q730056,,1857,1935,
acharonei_zmanenu,חנוך צבי הכהן לוין,Q7212345,,1870,1935,
acharonei_zmanenu,יהודה יודל רוזנברג,Q37999408,,1860,1935,
acharonei_zmanenu,יהודה צבי יבזרוב,Q7040315,,1854,1935,
acharonei_zmanenu,יוסף יוסלביץ',Q6592946,,1879,1935,
acharonei_zmanenu,יעקב יהודה ורשנר,Q113559936,,,1935,
acharonei_zmanenu,מנחם מנדל חיים לנדא,Q11777341,,1861,1935,
acharonei_zmanenu,מרדכי רפאל חיים הכהן,Q64503911,,1886,1935,
acharonei_zmanenu,משה דוד טייטלבוים,Q12235118,,1855,1935,
acharonei_zmanenu,נפתלי מנחם הוטנר,Q6982194,,1878,1935,
acharonei_zmanenu,נתן מיליקובסקי,Q4426756,,1879,1935,
acharonei_zmanenu,ראובן דב דסלר,Q7317645,,1863,1935,
acharonei_zmanenu,רפאל אנקווה,Q3419373,,1848,1935,
acharonei_zmanenu,רפאל גורדון,Q134624980,,1847,1935,
acharonei_zmanenu,שלמה אהרן ורטהיימר,Q7558551,,1866,1935,
acharonei_zmanenu,שמואל אהרון גולדשטיין,Q16026181,,1852,1935,
acharonei_zmanenu,שמואל אנגל,Q6854927,,1853,1935,
acharonei_zmanenu,שמריהו לוין,Q119618,,1867,1935,
acharonei_zmanenu,אבא דוד גולדפיין,Q6627747,,,1936,
acharonei_zmanenu,אבא יעקב הכהן בורוכוב,Q6641529,,1848,1936,
acharonei_zmanenu,אברהם יצחק בלייווייס,Q139935930,,1868,1936,
acharonei_zmanenu,אברהם צבי הירש ברודנא,Q28236675,,1850,1936,
acharonei_zmanenu,אהרן בן יוסף הכהן,Q63184923,,1863,1936,
acharonei_zmanenu,אלימלך מנחם מנדל לנדא,Q9252758,,1850,1936,
acharonei_zmanenu,אליעזר ליפמן קאהן,Q18069353,,1842,1936,
acharonei_zmanenu,אפרים קרליבך,Q76298,,1879,1936,
acharonei_zmanenu,בן ציון אברהם קואינקה,Q16130477,,1867,1936,
acharonei_zmanenu,דוד פויכטואנג,Q24700967,,1864,1936,
acharonei_zmanenu,חיים צבי אהרנרייך,Q16132700,,1872,1936,
acharonei_zmanenu,יהודה לייב חסמן,Q12407832,,1869,1936,
acharonei_zmanenu,יהושע טהון,Q63508,,1870,1936,
acharonei_zmanenu,יוסף קאליש,Q11728331,,1878,1936,
acharonei_zmanenu,יוסף רוזין,Q2910297,,1858,1936,
acharonei_zmanenu,יעקב שפירא,Q12408215,,1873,1936,
acharonei_zmanenu,ירוחם ליבוביץ,Q8052682,,1873,1936,
acharonei_zmanenu,ישראל הגר (אהבת ישראל),Q7213275,,1860,1936,
acharonei_zmanenu,ליפוט קצ'קמטי,Q12351609,,1865,1936,
acharonei_zmanenu,מאיר רבינזון,Q109274009,,1849,1936,
acharonei_zmanenu,מנחם מנדל גלוסקין,Q4140223,,1878,1936,
acharonei_zmanenu,מנחם נחום פרידמן (בויאן),Q12236774,,1868,1936,
acharonei_zmanenu,מרדכי אקלר,Q25490331,,1850,1936,
acharonei_zmanenu,מרדכי זוסיא טברסקי,Q12235890,,,1936,
acharonei_zmanenu,משה זבולון מרגליות,Q6915931,,1851,1936,
acharonei_zmanenu,משה שמעון זיוויץ,Q21036176,,1852,1936,
acharonei_zmanenu,נחום אש,Q6574801,,1858,1936,
acharonei_zmanenu,עזרא הררי רפול,Q6840218,,1857,1936,
acharonei_zmanenu,עזרא מרדכי חכם דוד,Q123940824,,,1936,
acharonei_zmanenu,פינחס במברגר,Q20827220,,1872,1936,
acharonei_zmanenu,צמח רבינר,Q112084199,,1862,1936,
acharonei_zmanenu,ריצ'רד גוטהייל,Q372586,,1862,1936,
acharonei_zmanenu,אברהם צבי הירש גרודזנסקי,Q112593939,,,1937,
acharonei_zmanenu,אברהם רומנו (רב),Q18761253,,1853,1937,
acharonei_zmanenu,אהרן הימן,Q302135,,1863,1937,
acharonei_zmanenu,הנרי פררה מנדס,Q555516,,1852,1937,
acharonei_zmanenu,חיים אלעזר שפירא,Q2904862,,1868,1937,
acharonei_zmanenu,יהודה לייב גרויברט,Q113679407,,1861,1937,
acharonei_zmanenu,יוסף שפוצ'ניק,Q6288194,,1882,1937,
acharonei_zmanenu,יעקב מאיר זלקינד,Q8048810,,1875,1937,
acharonei_zmanenu,יעקב פריימן,Q38103796,,1866,1937,
acharonei_zmanenu,יקותיאל אריה קמלהאר,Q25490323,,1868,1937,
acharonei_zmanenu,ישראל חיים דייכס,Q18609039,,1850,1937,
acharonei_zmanenu,מקס פרוידנטל,Q1912514,,1868,1937,
acharonei_zmanenu,אהרון הפנר,Q9160257,,1865,1938,
acharonei_zmanenu,אריה לייב הכהן פופקא,Q6738174,,,1938,
acharonei_zmanenu,בן ציון לויטן,Q12404624,,,1938,
acharonei_zmanenu,בנימין הכהן שקוביצקי,Q100323819,,1872,1938,
acharonei_zmanenu,זרח ראובן ברוורמן,Q7056263,,1857,1938,
acharonei_zmanenu,חיים אברהם דב לוין,Q5067797,,,1938,
acharonei_zmanenu,חיים ישכר גרוס,Q110612154,,,1938,
acharonei_zmanenu,יוסף ליכטנשטיין,Q135652935,,1867,1938,
acharonei_zmanenu,ישראל ניסן קרק,Q12408403,,1863,1938,
acharonei_zmanenu,מרדכי בורר,Q6842432,,1895,1938,
acharonei_zmanenu,עזרא אלטשולר,Q21198364,,1858,1938,
acharonei_zmanenu,קלוד מונטיפיורי,Q2977854,,1858,1938,
acharonei_zmanenu,שמריהו יהודה לייב מדליה,Q2895440,,1872,1938,
acharonei_zmanenu,אברהם אמינוף,Q12403355,,1845,1939,
acharonei_zmanenu,אברהם ביכלר,Q4684071,,1867,1939,
acharonei_zmanenu,ברוך בר ליבוביץ,Q2910232,,1866,1939,
acharonei_zmanenu,דוד כטורזה,Q3018222,,1876,1939,
acharonei_zmanenu,חיים פוזנר,Q11689885,,1871,1939,
acharonei_zmanenu,יעיש קריספין,Q112353271,,,1939,
acharonei_zmanenu,יעקב חיים סופר,Q1679613,,1870,1939,
acharonei_zmanenu,יעקב יצחק נימירובר,Q2778326,,1872,1939,
acharonei_zmanenu,יעקב מאיר,Q6119001,,1856,1939,
acharonei_zmanenu,יצחק זליג מורגנשטרן,Q2899313,,1866,1939,
acharonei_zmanenu,ישראל לוי (הרב הראשי לצרפת),Q3155667,,1856,1939,
acharonei_zmanenu,מקס דינמן,Q106239,,1875,1939,
acharonei_zmanenu,משה בונם קרויס,Q93439168,,1876,1939,
acharonei_zmanenu,משה גסטר,Q631006,,1856,1939,
acharonei_zmanenu,משה מרגל,Q1943140,,1875,1939,
acharonei_zmanenu,משה שטרן (היסטוריון),Q94839898,,1864,1939,
acharonei_zmanenu,נחמיה שמואל ליבוביץ,Q3337780,,1862,1939,
acharonei_zmanenu,עזרא עבאדי-שעיו,Q111983612,,1869,1939,
acharonei_zmanenu,פסח פרוסקין,Q12410642,,1879,1939,
acharonei_zmanenu,שאול משה זילברמן,Q6597062,,1850,1939,
acharonei_zmanenu,שלום הלפרין,Q12411755,,,1939,
acharonei_zmanenu,שמעון שקופ,Q2778138,,1860,1939,
acharonei_zmanenu,אבא שאול חדאד,Q61125610,,,1940,
acharonei_zmanenu,אברהם אלנדאף,Q12403354,,1866,1940,
acharonei_zmanenu,אברהם פילוסוף,Q43295359,,1864,1940,
acharonei_zmanenu,ארנולד קיש,Q1111552,,1869,1940,
acharonei_zmanenu,בן-ציון אלפס,Q12404613,,1850,1940,
acharonei_zmanenu,ברוך שטיינברג,Q4501423,,1897,1940,
acharonei_zmanenu,דוב רבל,Q2898520,,1885,1940,
acharonei_zmanenu,חיים עוזר גרודזנסקי,Q543723,,1863,1940,
acharonei_zmanenu,יהודה ליב אשר גולאק,Q6644143,,1881,1940,
acharonei_zmanenu,יוסף הכהן שוורץ,Q16130707,,1875,1940,
acharonei_zmanenu,יעקב יהודה אריה לייב פרנקל,Q8046303,,1855,1940,
acharonei_zmanenu,יעקב מאן,Q3157568,,1888,1940,
acharonei_zmanenu,מנו לנקה,Q106409702,,1868,1940,
acharonei_zmanenu,מנחם שמואל הלוי,Q15983651,,1884,1940,
acharonei_zmanenu,מרכוס שטיינר,Q11770412,,1865,1940,
acharonei_zmanenu,משה אשקר הכהן,Q25975250,,1877,1940,
acharonei_zmanenu,משה ויינברגר,Q22085063,,1852,1940,
acharonei_zmanenu,נחמן גדליהו ברודר,Q113464797,,,1940,
acharonei_zmanenu,סלמאן אליהו,Q6815144,,1872,1940,
acharonei_zmanenu,צבי הירש אורליאנסקי,Q109780531,,1864,1940,
acharonei_zmanenu,שאול בראך,Q6768314,,1865,1940,
acharonei_zmanenu,שמואל קליין,Q6883691,,1886,1940,
acharonei_zmanenu,שמעון ברנפלד,Q5573938,,1860,1940,
acharonei_zmanenu,אברהם יעקב מרק,Q330118,,1884,1941,
acharonei_zmanenu,אברהם יצחק בלוך,Q4829433,,1891,1941,
acharonei_zmanenu,אברהם צבי קמאי,Q7017304,,1860,1941,
acharonei_zmanenu,אהרן לוין,Q6041283,,1879,1941,
acharonei_zmanenu,אלחנן וסרמן,Q2737824,,1875,1941,
acharonei_zmanenu,אליעזר יהודה רבינוביץ,Q18121756,,1879,1941,
acharonei_zmanenu,אפרים מרדכי צוויגנהפט,Q132704193,,1853,1941,
acharonei_zmanenu,בן ציון הלברשטאם,Q2908956,,1874,1941,
acharonei_zmanenu,ברוך הלוי אפשטיין,Q4865853,,1860,1941,
acharonei_zmanenu,ברכיה שיק,Q12815963,,1872,1941,
acharonei_zmanenu,דוד אלקיים,Q16129864,,1851,1941,
acharonei_zmanenu,דוד רפפורט,Q12405736,,1889,1941,
acharonei_zmanenu,דניאל מובשוביץ,Q20107442,,1880,1941,
acharonei_zmanenu,חיים דוד ליבוביץ,Q5302569,,1889,1941,
acharonei_zmanenu,חיים וולקין (וולוז'ין),Q6606131,,,1941,
acharonei_zmanenu,חנוך אייגש,Q5072567,,1863,1941,
acharonei_zmanenu,טוביה הורוביץ,Q12257120,,,1941,
acharonei_zmanenu,יהודה ליב דון יחיא,Q12407825,,1869,1941,
acharonei_zmanenu,יהודה לייב פיין,Q16129503,,1869,1941,
acharonei_zmanenu,יהודה לייב צירלסון,Q1972641,,1859,1941,
acharonei_zmanenu,יהושע הכהן קפלן,Q6598339,,1873,1941,
acharonei_zmanenu,יונה קרפילוב,Q16130281,,1909,1941,
acharonei_zmanenu,יוסף זוסמנוביץ,Q18536154,,1895,1941,
acharonei_zmanenu,יחזקאל ברשטין,Q18084666,,1889,1941,
acharonei_zmanenu,יחיאל מיכל רבינוביץ,Q18120910,,,1941,
acharonei_zmanenu,יעקב אבוקארא,Q85991903,,1843,1941,
acharonei_zmanenu,יעקב בן ציון מנדלסון,Q8046284,,1875,1941,
acharonei_zmanenu,יעקב יחזקיה גרינוולד (ויגד יעקב),Q12408179,,1882,1941,
acharonei_zmanenu,יעקב ישראל רבינוביץ,Q122059361,,1880,1941,
acharonei_zmanenu,יעקב מאיר בידרמן,Q6118997,,1869,1941,
acharonei_zmanenu,יצחק זונדל ריף,Q6725194,,1903,1941,
acharonei_zmanenu,מאיר לייפר,Q107706411,,1881,1941,
acharonei_zmanenu,מוריץ לוי,Q18422162,,1878,1941,
acharonei_zmanenu,מנחם מנדל הגר (וישווה),Q7216706,,1885,1941,
acharonei_zmanenu,משה יחיאל אלימלך רבינוביץ מלברטוב,Q6676686,,1895,1941,
acharonei_zmanenu,משה סולובייצ'יק (ישיבה יוניברסיטי),Q2000494,,1879,1941,
acharonei_zmanenu,משה פרנקפורטר,Q6794294,,1875,1941,
acharonei_zmanenu,משה קרליץ,Q6667599,,1882,1941,
acharonei_zmanenu,משה רוזנשטיין,Q12409626,,1880,1941,
acharonei_zmanenu,משה שור,Q1388246,,1874,1941,
acharonei_zmanenu,משה שורין,Q20796461,,1890,1941,
acharonei_zmanenu,נחום ברוך גינצבורג,Q18038641,,1882,1941,
acharonei_zmanenu,סאלי לוי,Q20817373,,1883,1941,
acharonei_zmanenu,פינחס דוד הורוביץ,Q2095437,,1876,1941,
acharonei_zmanenu,שלום יצחק לויטן,Q113378876,,1878,1941,
acharonei_zmanenu,שלמה זלמן אוסובסקי,Q83306144,,1883,1941,
acharonei_zmanenu,שלמה יוסף אליאך,Q6914576,,1860,1941,
acharonei_zmanenu,שלמה פיינזילבר,Q45362306,,1871,1941,
acharonei_zmanenu,שמואל אלכסנדרוב,Q7499635,,1865,1941,
acharonei_zmanenu,שמואל יהודה הירש,Q6836050,,1872,1941,
acharonei_zmanenu,שמואל שמלקה קורניצר,Q9333402,,1905,1941,
acharonei_zmanenu,שמחה סולובייצ'יק,Q12411848,,1879,1941,
acharonei_zmanenu,שמעון רוזובסקי,Q12411872,,1874,1941,
acharonei_zmanenu,תנחום גרשון ביליצקי,Q19749304,,1858,1941,
acharonei_zmanenu,אביגדור אפטוביצר,Q4828818,,1871,1942,
acharonei_zmanenu,אברהם אלישיב,Q4829503,,1877,1942,
acharonei_zmanenu,אברהם ויינברג (ראשית בכורים),Q6986372,,1872,1942,
acharonei_zmanenu,אברהם רזניק (רב),Q25498454,,1867,1942,
acharonei_zmanenu,אהרן וולקין,Q12403487,,1864,1942,
acharonei_zmanenu,אהרן רבינוביץ (רב),Q130448178,,1870,1942,
acharonei_zmanenu,אליהו פראנסיס,Q56487858,,1879,1942,
acharonei_zmanenu,אליעזר סרלואיס,Q24259019,,1884,1942,
acharonei_zmanenu,אלתר דוד קורצמן,Q23943457,,1865,1942,
acharonei_zmanenu,ארתור וייסקופף,Q63958647,,1877,1942,
acharonei_zmanenu,ברטהולד אופנהיים,Q22693378,,1867,1942,
acharonei_zmanenu,גאברו שוורץ,Q16116549,,1872,1942,
acharonei_zmanenu,דב בריש איינהורן,Q82594303,,1877,1942,
acharonei_zmanenu,דוד בורנשטיין,Q2896371,,1876,1942,
acharonei_zmanenu,חיים ברודי,Q1563818,,1868,1942,
acharonei_zmanenu,חיים יהודה ארנרייך,Q55651732,,1887,1942,
acharonei_zmanenu,חיים ישראל אייז,Q5067843,,1876,1942,
acharonei_zmanenu,חיים פישל אפשטיין,Q113679373,,1874,1942,
acharonei_zmanenu,חנוך גד יוסטמן,Q12407557,,1883,1942,
acharonei_zmanenu,יהודה ליב לנדא (יוהנסבורג),Q25490967,,1866,1942,
acharonei_zmanenu,יהודה פתיה,Q8051284,,1859,1942,
acharonei_zmanenu,יוסף ביגון (רב),Q16130527,,1901,1942,
acharonei_zmanenu,יוסף צבי קרליבך,Q96518,,1883,1942,
acharonei_zmanenu,יעקב בצלאל לויטרבך,Q2893159,,1873,1942,
acharonei_zmanenu,יעקב דוד קאליש (השני),Q18342260,,1906,1942,
acharonei_zmanenu,יעקב שרגא זינגר,Q7030247,,1899,1942,
acharonei_zmanenu,יצחק אלחנן וולקין,Q16132027,,1900,1942,
acharonei_zmanenu,יצחק הכהן שלאנג,Q58189434,,1873,1942,
acharonei_zmanenu,יצחק וייס (וערבוי),Q114457186,,1870,1942,
acharonei_zmanenu,יצחק מנחם מנדל דנציגר,Q2899239,,1880,1942,
acharonei_zmanenu,יצחק ניסנבוים,Q12408268,,1868,1942,
acharonei_zmanenu,יצחק סמואל (רב),Q7040917,,1902,1942,
acharonei_zmanenu,ישראל יוסף לאו,Q16132835,,1888,1942,
acharonei_zmanenu,לייב וייסברג,Q6519064,,1893,1942,
acharonei_zmanenu,מאיר שלמה יהודה רבינוביץ,Q7215234,,1868,1942,
acharonei_zmanenu,מיכאל גוטמן (רב),Q1423844,,1872,1942,
acharonei_zmanenu,מנחם אקשטיין,Q20502231,,1884,1942,
acharonei_zmanenu,מנחם אריך קליבנסקי,Q96528,,1900,1942,
acharonei_zmanenu,מנחם בנימין פומרנץ,Q15900813,,1887,1942,
acharonei_zmanenu,מנחם מנדל קירשבוים,Q20609783,,1894,1942,
acharonei_zmanenu,משה בצלאל אלתר,Q12409570,,1869,1942,
acharonei_zmanenu,משה חיים לאו,Q12409585,,1892,1942,
acharonei_zmanenu,נחמיה אלתר,Q7218786,,1875,1942,
acharonei_zmanenu,נתן נטע לייטר,Q117353644,,1868,1942,
acharonei_zmanenu,נתן שפיגלגלס,Q20031688,,1882,1942,
acharonei_zmanenu,צבי הירש גליקסון,Q125399271,,1890,1942,
acharonei_zmanenu,צבי יחזקאל מיכלסון,Q7013507,,1863,1942,
acharonei_zmanenu,שלמה חנוך רבינוביץ,Q7212400,,1882,1942,
acharonei_zmanenu,שמואל וינטרוב,Q12411811,,1894,1942,
acharonei_zmanenu,שמואל נדלר,Q18515543,,1908,1942,
acharonei_zmanenu,שמואל פירר,Q55647379,,1863,1942,
acharonei_zmanenu,שמואל שלמה ליינר,Q7499666,,1909,1942,
acharonei_zmanenu,שמחה זליג ריגר,Q7013020,,1864,1942,
acharonei_zmanenu,שמעון אונגר,Q15996371,,1863,1942,
acharonei_zmanenu,שמעון הוברבנד,Q6987955,,1909,1942,
acharonei_zmanenu,שפטל קרמר,Q6626656,,,1942,
acharonei_zmanenu,אברהם דה-וולף,Q115475508,,1878,1943,
acharonei_zmanenu,אברהם דוב כהנא שפירא,Q3907143,,1870,1943,
acharonei_zmanenu,אברהם צבי פינחס,Q18729614,,1864,1943,
acharonei_zmanenu,אברהם שמעון הלוי אנגל-הורוביץ,Q18711069,,1886,1943,
acharonei_zmanenu,אלכסנדר זושא פרידמן,Q4720463,,1897,1943,
acharonei_zmanenu,אריה צבי פרומר,Q4802692,,1884,1943,
acharonei_zmanenu,בן ציון נסים פרדס,Q6578783,,1862,1943,
acharonei_zmanenu,דב ברנאט הלר,Q28778385,,1871,1943,
acharonei_zmanenu,דוד חדאד,Q126169736,,1874,1943,
acharonei_zmanenu,חיים חביב,Q55651737,,1882,1943,
acharonei_zmanenu,יהודה לייב אורליאן,Q12407831,,1900,1943,
acharonei_zmanenu,יוז'ף בורשודי,Q28358462,,1878,1943,
acharonei_zmanenu,יוסף מוהליבר,Q6858097,,1872,1943,
acharonei_zmanenu,יועץ קים קדיש ראקאץ,Q25498065,,,1943,
acharonei_zmanenu,יעקב יצחק דן לנדא,Q11715127,,1882,1943,
acharonei_zmanenu,יצחק ברייטר,Q8053897,,1886,1943,
acharonei_zmanenu,יצחק מהרשן,Q2361434,,1892,1943,
acharonei_zmanenu,יצחק משה אלבוגן,Q65628,,1874,1943,
acharonei_zmanenu,ישראל עוזרי,Q6910830,,1901,1943,
acharonei_zmanenu,מאיר דה הונד,Q13829144,,1882,1943,
acharonei_zmanenu,מאיר נחמד,Q30278217,,1876,1943,
acharonei_zmanenu,מנחם זמבה,Q6816386,,1883,1943,
acharonei_zmanenu,מנחם מנדל אלתר,Q7216658,,1877,1943,
acharonei_zmanenu,מנחם מנדל פרידמן,Q12237497,,1876,1943,
acharonei_zmanenu,משה אלעזר אייזנשטדט,Q4058826,,1869,1943,
acharonei_zmanenu,משה יצחקוף הכהן,Q6991757,,1865,1943,
acharonei_zmanenu,משה פרידמן,Q16129339,,1881,1943,
acharonei_zmanenu,נתן נחום רבינוביץ,Q6963556,,1873,1943,
acharonei_zmanenu,עזריאל זליג נח קושלבסקי,Q139494090,,1867,1943,
acharonei_zmanenu,פנחס טברסקי,Q12233970,,1880,1943,
acharonei_zmanenu,צבי הירש פרידלינג,Q132158658,,1893,1943,
acharonei_zmanenu,צדוק הבשי,Q55852213,,1868,1943,
acharonei_zmanenu,קלונימוס קלמיש שפירא,Q2891467,,1889,1943,
acharonei_zmanenu,ריקרדו פצ'יפיצ'י,Q824780,,1904,1943,
acharonei_zmanenu,שלום פרייברגר,Q13649521,,1903,1943,
acharonei_zmanenu,שלמה ברוך הלוי פראגר,Q16007949,,1887,1943,
acharonei_zmanenu,שלמה דוד יהושע וינברג,Q7222724,,1912,1943,
acharonei_zmanenu,שלמה חיים פרלוב (בולחוב),Q118924461,,1880,1943,
acharonei_zmanenu,שם קלינברג,Q16342168,,1870,1943,
acharonei_zmanenu,אברהם אביכזיר,Q6951887,,1866,1944,
acharonei_zmanenu,אברהם ישכר בער איזקסון,Q107689499,,1894,1944,
acharonei_zmanenu,אברהם שטרן (רב),Q29886595,,1884,1944,
acharonei_zmanenu,אדולף אלטמן,Q360743,,1879,1944,
acharonei_zmanenu,איזידור גולדברגר,Q107509350,,1876,1944,
acharonei_zmanenu,אליעזר פיש,Q687361,,1880,1944,
acharonei_zmanenu,אריה חיימוביץ',Q23649999,,1862,1944,
acharonei_zmanenu,ארמין פלש (רב),Q104786708,,1865,1944,
acharonei_zmanenu,ארמין קצ'קמטי,Q1105982,,1874,1944,
acharonei_zmanenu,אשר אנשיל כץ,Q16128828,,1880,1944,
acharonei_zmanenu,בלה ברנשטיין,Q793655,,1868,1944,
acharonei_zmanenu,בנימין מנשה לוין,Q2790633,,1879,1944,
acharonei_zmanenu,גדליה סילברסטון,Q5529642,,1871,1944,
acharonei_zmanenu,דיולה פישר,Q28358644,,1861,1944,
acharonei_zmanenu,דנש פרידמן,Q1003933,,1903,1944,
acharonei_zmanenu,וילמוש אדלר,Q104554893,,1867,1944,
acharonei_zmanenu,זולטאן באנדה,Q105079013,,1883,1944,
acharonei_zmanenu,זולטאן ולנשטיין,Q104949668,,1898,1944,
acharonei_zmanenu,זיגפריד קליין,Q1228708,,1882,1944,
acharonei_zmanenu,חזקיה הכהן רבין,Q7060965,,1872,1944,
acharonei_zmanenu,טוביאס יעקובוביץ,Q23729146,,1887,1944,
acharonei_zmanenu,יהושע בוקסבוים,Q7045170,,1877,1944,
acharonei_zmanenu,יוסף זליקוביץ',Q59531107,,1897,1944,
acharonei_zmanenu,יחזקאל דוקקעס,Q2691113,,1868,1944,
acharonei_zmanenu,יעקב דהאן,Q56421735,,1889,1944,
acharonei_zmanenu,יעקב זילברפלד,Q105078964,,1878,1944,
acharonei_zmanenu,יצחק אייזיק וייס,Q6988062,,1874,1944,
acharonei_zmanenu,יצחק שמואל אליהו פינקלר,Q12408287,,1892,1944,
acharonei_zmanenu,ישעיה קרלינסקי,Q20502833,,1877,1944,
acharonei_zmanenu,לוי יצחק שניאורסון,Q1968142,,1878,1944,
acharonei_zmanenu,מיקשה פולק,Q19817931,,1868,1944,
acharonei_zmanenu,מקס שלזינגר,Q3302312,,1877,1944,
acharonei_zmanenu,מרדכי שמואל קרול,Q6793403,,1898,1944,
acharonei_zmanenu,משה אבינרי,Q16340941,,1877,1944,
acharonei_zmanenu,משה אהרון קרויס,Q113355557,,1889,1944,
acharonei_zmanenu,משה סופר (ערלוי),Q15995995,,1885,1944,
acharonei_zmanenu,עמנואל לעף,Q434073,,1854,1944,
acharonei_zmanenu,פאל הירשלר,Q74766101,,1907,1944,
acharonei_zmanenu,פרנץ לוי,Q1160777,,1869,1944,
acharonei_zmanenu,צבי הירש כהנא,Q12233737,,,1944,
acharonei_zmanenu,רגינה יונאס,Q63517,,1902,1944,
acharonei_zmanenu,שאנדור ביכלר,Q541034,,1869,1944,
acharonei_zmanenu,שלום אליעזר הלברשטאם,Q7222597,,1862,1944,
acharonei_zmanenu,שלמה היימן,Q2897914,,1892,1944,
acharonei_zmanenu,שלמה זלמן אהרנרייך,Q12411757,,1863,1944,
acharonei_zmanenu,שמואל אביגדור דרצ'ינסקי,Q137016323,,1870,1944,
acharonei_zmanenu,שמואל בנימין דנציג,Q115274039,,1873,1944,
acharonei_zmanenu,שמואל שניאורסון (ניקולייב),Q5625226,,1888,1944,
acharonei_zmanenu,שמעון דה פריס,Q2516182,,1870,1944,
acharonei_zmanenu,שמעון סופר (התעוררות תשובה),Q2903634,,1850,1944,
acharonei_zmanenu,אברהם אביטבול,Q61125343,,1875,1945,
acharonei_zmanenu,אברהם שלמה לויסון,Q7017007,,1902,1945,
acharonei_zmanenu,אלברט גרין,Q107524139,,1906,1945,
acharonei_zmanenu,ארמין שפיגל,Q105094685,,1883,1945,
acharonei_zmanenu,בנו יעקב,Q96536,,1862,1945,
acharonei_zmanenu,יעקב קנטורוביץ (רב),Q6971375,,1873,1945,
acharonei_zmanenu,יצחק פייפר,Q1234479,,1884,1945,
acharonei_zmanenu,יצחק רובינשטיין,Q11714647,,1888,1945,
acharonei_zmanenu,יקותיאל יעקב נויבואר,Q10787546,,1895,1945,
acharonei_zmanenu,ישכר שלמה טייכטל,Q3323875,,1885,1945,
acharonei_zmanenu,ישעיהו שפירא,Q7027719,,1891,1945,
acharonei_zmanenu,משה אביגדור עמיאל,Q7310117,,1882,1945,
acharonei_zmanenu,נתן קאסוטו,Q18811841,,1909,1945,
acharonei_zmanenu,פאל וידור,Q104923716,,1909,1945,
acharonei_zmanenu,צבי הירש הורוביץ (דרזדן),Q3546417,,1872,1945,
acharonei_zmanenu,צבי קורץ,Q231377,,1894,1945,
acharonei_zmanenu,רנה הירשלר,Q3426366,,1905,1945,
acharonei_zmanenu,שלום הדאיה,Q7487315,,1864,1945,
acharonei_zmanenu,שלמה גולדמן,Q7053224,,1869,1945,
acharonei_zmanenu,שלמה נתן קוטלר,Q7499599,,1865,1945,
acharonei_zmanenu,שמואל דוד אונגר,Q2898967,,1886,1945,
acharonei_zmanenu,שמעון דסברג,Q2507681,,1902,1945,
acharonei_zmanenu,אברהם אבא (ארמין) פרידר,Q12762598,,1911,1946,
acharonei_zmanenu,אהרן בוטבול,Q118186116,,1867,1946,
acharonei_zmanenu,אליעזר הגר (דמשק אליעזר),Q6042158,,1891,1946,
acharonei_zmanenu,אליעזר מאיר ליפשיץ,Q6782938,,1879,1946,
acharonei_zmanenu,"דוד בהר""ן",Q6600659,,1865,1946,
acharonei_zmanenu,חיים מרדכי רולר,Q104384119,,1868,1946,
acharonei_zmanenu,יהודה הכהן מסלתון טראב,Q42038235,,1871,1946,
acharonei_zmanenu,יוסף צבי הרץ,Q549535,,1872,1946,
acharonei_zmanenu,יצחק ברויאר,Q216566,,1883,1946,
acharonei_zmanenu,מכלוף עידאן,Q50609147,,1880,1946,
acharonei_zmanenu,מנחם מנדל אקשטיין,Q140338595,,1884,1946,
acharonei_zmanenu,משה בלוי,Q7217505,,1885,1946,
acharonei_zmanenu,שמעון צבי הורוביץ,Q12411870,,1870,1946,
acharonei_zmanenu,אברהם יצחק ניבל,Q1220428,,1887,1947,
acharonei_zmanenu,אברהם לייב זילברמן,Q18121719,,1889,1947,
acharonei_zmanenu,אהרן ראטה,Q2899306,,1894,1947,
acharonei_zmanenu,אליהו אהרן מילייקובסקי,Q16338464,,1860,1947,
acharonei_zmanenu,ארנסט וייל,Q3057208,,1865,1947,
acharonei_zmanenu,בן ציון אברהם שפירא,Q106602287,,1873,1947,
acharonei_zmanenu,גטה ירמיהו,Q6890663,,1888,1947,
acharonei_zmanenu,חיים בלעיש,Q16855470,,1864,1947,
acharonei_zmanenu,יהושע צימבליסט,Q18121749,,1865,1947,
acharonei_zmanenu,משה יהודה לייב פרידמן,Q7217537,,1865,1947,
acharonei_zmanenu,פתחיה מנקין,Q7011154,,,1947,
acharonei_zmanenu,צבי הירש גרודזנסקי,Q110892164,,1857,1947,
acharonei_zmanenu,צבי שטיינמן,Q20502888,,,1947,
acharonei_zmanenu,רפאל יצחק חיים,Q138662818,,1878,1947,
acharonei_zmanenu,שאול ידידיה אלעזר טאוב,Q7222113,,1886,1947,
acharonei_zmanenu,שבתאי ג'אין,Q12411529,,1883,1947,
acharonei_zmanenu,אברהם חיים פריימן,Q12403375,,1899,1948,
acharonei_zmanenu,אברהם מרדכי אלתר,Q2623065,,1866,1948,
acharonei_zmanenu,אהרן זאב אשכולי,Q16129783,,1901,1948,
acharonei_zmanenu,איגנץ ציגלר,Q5992865,,1861,1948,
acharonei_zmanenu,ארמין פריש,Q28722338,,1866,1948,
acharonei_zmanenu,דוד הכהן סקלי,Q20502017,,1861,1948,
acharonei_zmanenu,חיים יצחק בלוך,Q5067840,,1864,1948,
acharonei_zmanenu,יהודה לייב מאגנס,Q1710862,,1877,1948,
acharonei_zmanenu,יוסף מדמוני,Q6717760,,1872,1948,
acharonei_zmanenu,יוסף צבי דושינסקי,Q8055904,,1867,1948,
acharonei_zmanenu,יוסף שאול אלישר,Q29033738,,1866,1948,
acharonei_zmanenu,יצחק אביגדור אורנשטיין,Q6261986,,1893,1948,
acharonei_zmanenu,יצחק אונא,Q6970275,,1872,1948,
acharonei_zmanenu,ישראל פרידמן (הוסיאטין),Q7213308,,1857,1948,
acharonei_zmanenu,משומר נסים,Q65006958,,,1948,
acharonei_zmanenu,ריי פרנק,Q2896207,,1861,1948,
acharonei_zmanenu,שמואל קרויס,Q749349,,1866,1948,
acharonei_zmanenu,שמשון אהרן פולונסקי,Q12411878,,1876,1948,
acharonei_zmanenu,שרגא פייבל מנדלוביץ',Q2903825,,1886,1948,
acharonei_zmanenu,אליהו דושניצר,Q19749296,,1877,1949,
acharonei_zmanenu,גדליה משה גולדמן,Q6778596,,1887,1949,
acharonei_zmanenu,חיים חג'בי,Q104527379,,1865,1949,
acharonei_zmanenu,חיים טשרנוביץ,Q12407464,,1870,1949,
acharonei_zmanenu,יוסף בוכריץ,Q55650006,,1885,1949,
acharonei_zmanenu,יוסף חיים שרים,Q6604205,,1851,1949,
acharonei_zmanenu,יחיאל מיכל שלזינגר,Q12408092,,1898,1949,
acharonei_zmanenu,יצחק ביטון,Q141593802,,1889,1949,
acharonei_zmanenu,ירוחם פישל יהושע ברנשטיין,Q7052824,,1880,1949,
acharonei_zmanenu,מאיר בר-אילן,Q592433,,1880,1949,
acharonei_zmanenu,מאיר סטולביץ,Q18121736,,1870,1949,
acharonei_zmanenu,מור פנייש,Q105076664,,1866,1949,
acharonei_zmanenu,מיכאל ברור,Q118925855,,1862,1949,
acharonei_zmanenu,מרדכי רוקח,Q2907162,,1901,1949,
acharonei_zmanenu,מרדכי שורנשטיין,Q25489897,,1870,1949,
acharonei_zmanenu,סטיבן שמואל וייז,Q1636973,,1874,1949,
acharonei_zmanenu,עובדיה שאקי,Q43295367,,1882,1949,
acharonei_zmanenu,שלמה מלכה,Q16130210,,1878,1949,
acharonei_zmanenu,שמואל בנימין בכר,Q12411799,,1875,1949,
acharonei_zmanenu,אהרון טייטלבוים (רב ופעיל ציוני),Q126374771,,1890,1950,
acharonei_zmanenu,אהרן קמינקא,Q677637,,1866,1950,
acharonei_zmanenu,יוסף יצחק שניאורסון,Q966359,,1880,1950,
acharonei_zmanenu,יצחק אלגאזי (פייטן),Q6447676,,1889,1950,
acharonei_zmanenu,יצחק יוליוס גוטמן,Q75333,,1880,1950,
acharonei_zmanenu,כלפון משה הכהן,Q2904983,,1874,1950,
acharonei_zmanenu,לזרוס גולדשמידט,Q1809506,,1871,1950,
acharonei_zmanenu,מיכאל ירמיה,Q131448390,,,1950,
acharonei_zmanenu,מילטון שטיינברג,Q3858100,,1903,1950,
acharonei_zmanenu,מרדכי פוגרמנסקי,Q3323840,,1904,1950,
acharonei_zmanenu,משה חסקין,Q6934462,,1872,1950,
acharonei_zmanenu,צבי יהודה אדלשטיין,Q6577994,,1892,1950,
acharonei_zmanenu,צזר זליגמן,Q1025426,,1860,1950,
acharonei_zmanenu,שמעון יעקב גליקסברג,Q2895518,,1870,1950,
acharonei_zmanenu,אברהם אסא,Q133283551,,1886,1951,
acharonei_zmanenu,אדן קלמן,Q1122994,,1886,1951,
acharonei_zmanenu,בן ציון חזן,Q28807163,,1877,1951,
acharonei_zmanenu,בן-ציון אייזנשטט,Q28792283,,1873,1951,
acharonei_zmanenu,יוסף גרשון הורביץ,Q12407990,,1869,1951,
acharonei_zmanenu,"יעקב משה חרל""פ",Q15303124,,1882,1951,
acharonei_zmanenu,יצחק מכמל,Q30525840,,1875,1951,
acharonei_zmanenu,יצחק קוסובסקי,Q12408279,,1877,1951,
acharonei_zmanenu,ישראל סולובייצ'יק,Q25491572,,,1951,
acharonei_zmanenu,מרדכי אהרנפרייז,Q1947397,,1869,1951,
acharonei_zmanenu,משה דוד קאסוטו,Q1616413,,1883,1951,
acharonei_zmanenu,משה צארום,Q108036040,,1875,1951,
acharonei_zmanenu,פנחס לצרוס,Q2060878,,1888,1951,
acharonei_zmanenu,בנימין מובשוביץ,Q6664713,,1893,1952,
acharonei_zmanenu,דב מעייני,Q16339075,,1903,1952,
acharonei_zmanenu,הנרי כהן (רב),Q5719649,,1863,1952,
acharonei_zmanenu,זליג שכנוביץ,Q6775578,,1874,1952,
acharonei_zmanenu,טוביה לוונשטיין,Q12339485,,1863,1952,
acharonei_zmanenu,יעקב ישראל זובר,Q29512727,,1895,1952,
acharonei_zmanenu,יצחק אייזיק שר,Q7213161,,1880,1952,
acharonei_zmanenu,יצחק טריואקס,Q12408253,,1893,1952,
acharonei_zmanenu,יצחק מרעלי,Q18121732,,1867,1952,
acharonei_zmanenu,מנחם פולק,Q113355566,,1890,1952,
acharonei_zmanenu,עמרם קורח,Q6890221,,1871,1952,
acharonei_zmanenu,פרנץ הבשי,Q91789669,,1898,1952,
acharonei_zmanenu,אברהם דויטש,Q2904066,,1889,1953,
acharonei_zmanenu,אברהם ישעיהו קרליץ,Q543442,,1878,1953,
acharonei_zmanenu,איסר זלמן מלצר,Q2393836,,1870,1953,
acharonei_zmanenu,אליהו אליעזר דסלר,Q1331113,,1892,1953,
acharonei_zmanenu,בן-ציון מאיר חי עוזיאל,Q12071865,,1880,1953,
acharonei_zmanenu,הלל פוסק,Q5762989,,1881,1953,
acharonei_zmanenu,זליג ראובן בנגיס,Q2899235,,1864,1953,
acharonei_zmanenu,חנניה חביב אזולאי,Q108845763,,1876,1953,
acharonei_zmanenu,יעקב קלמס,Q7005609,,1880,1953,
acharonei_zmanenu,לוי גינצבורג,Q387826,,1873,1953,
acharonei_zmanenu,צבי הירש דכוביץ,Q57260899,,1885,1953,
acharonei_zmanenu,שלמה דוד כהנא,Q30012653,,1869,1953,
acharonei_zmanenu,שם טוב גאגין,Q7494059,,1884,1953,
acharonei_zmanenu,שמואל יצחק הילמן,Q7499671,,1868,1953,
acharonei_zmanenu,שמחה אסף,Q1444408,,1889,1953,
acharonei_zmanenu,אברהם חיים נאה,Q4829394,,1890,1954,
acharonei_zmanenu,אברהם יצחק גרשונוביץ,Q6793073,,,1954,
acharonei_zmanenu,הרמן שרייבר,Q214279,,1882,1954,
acharonei_zmanenu,חיים יהודה לייב אוירבך,Q1059225,,1886,1954,
acharonei_zmanenu,יהודה לייב הלוי אשלג,Q212589,,1880,1954,
acharonei_zmanenu,מאיר אשכנזי,Q6262887,,1891,1954,
acharonei_zmanenu,מרדכי סנדר קופשטיין,Q18121751,,1875,1954,
acharonei_zmanenu,משה שניידר,Q20502924,,1884,1954,
acharonei_zmanenu,סעיד עוזרי,Q12410125,,1869,1954,
acharonei_zmanenu,ציון ביתאן,Q56421719,,1860,1954,
acharonei_zmanenu,שמואל שמעון בן-ציון,Q7003159,,1894,1954,
acharonei_zmanenu,שמעון שלום קאליש,Q7496996,,1882,1954,
acharonei_zmanenu,אברהם שטרנהרץ,Q4669197,,1862,1955,
acharonei_zmanenu,אליהו מאיר בלוך,Q6625559,,1894,1955,
acharonei_zmanenu,אפרים כהן,Q6755112,,1885,1955,
acharonei_zmanenu,ברנרד גרונר,Q15431441,,1894,1955,
acharonei_zmanenu,דוד בן-בארון,Q3017487,,1885,1955,
acharonei_zmanenu,דוד פלדמן,Q18145504,,1884,1955,
acharonei_zmanenu,חזקיה שבתי,Q12407400,,1862,1955,
acharonei_zmanenu,יחיאל מיכל טוקצינסקי,Q12408087,,1871,1955,
acharonei_zmanenu,יקותיאל יהודה גרינוולד,Q6526956,,1888,1955,
acharonei_zmanenu,מאיר קרליץ,Q6828189,,1875,1955,
acharonei_zmanenu,משה שמעון פסח,Q19840562,,1869,1955,
acharonei_zmanenu,צבי דב אייזנר,Q113375974,,1864,1955,
acharonei_zmanenu,שלמה צימבליסט,Q28058790,,,1955,
acharonei_zmanenu,אלפרד גייגר מוזס,Q95286955,,1878,1956,
acharonei_zmanenu,אשר ניסן לויטן,Q6637695,,,1956,
acharonei_zmanenu,דוד צבאח,Q18203777,,1869,1956,
acharonei_zmanenu,זאב גולד,Q977354,,1889,1956,
acharonei_zmanenu,יוסף אוחיון (רב),Q28470461,,1886,1956,
acharonei_zmanenu,יוסף הכהן יהונתן,Q6576881,,1907,1956,
acharonei_zmanenu,יעקב ברוך,Q43295393,,1890,1956,
acharonei_zmanenu,יעקב חנוך סנקביץ',Q12408175,,,1956,
acharonei_zmanenu,יעקב מסקין,Q113355495,,,1956,
acharonei_zmanenu,"יעקב פרידמן (אדמו""ר)",Q12408204,,1878,1956,
acharonei_zmanenu,ירחמיאל אליהו בוצ'קו,Q18559554,,1888,1956,
acharonei_zmanenu,ישעיהו רפאלוביץ,Q16132715,,1870,1956,
acharonei_zmanenu,ישראל אנטון צולי,Q583103,,1881,1956,
acharonei_zmanenu,ישראל רוזנברג,Q130783704,,1875,1956,
acharonei_zmanenu,ליאו בק,Q704954,,1873,1956,
acharonei_zmanenu,עזרא שושני,Q55649203,,1885,1956,
acharonei_zmanenu,רפאל הצרפתי,Q113679549,,1869,1956,
acharonei_zmanenu,שלמה משיח (רב),Q107100347,,1872,1956,
acharonei_zmanenu,שמואל הלל שינקר,Q6693043,,1875,1956,
acharonei_zmanenu,אברהם חן,Q4669239,,1877,1957,
acharonei_zmanenu,אהרן רוקח,Q2827408,,1880,1957,
acharonei_zmanenu,אשר זאב ורנר,Q7044356,,1894,1957,
acharonei_zmanenu,חיים חורי,Q1660234,,1885,1957,
acharonei_zmanenu,חיים מיכאל דב ויסמנדל,Q2261293,,1903,1957,
acharonei_zmanenu,יצחק היינמן,Q216542,,1876,1957,
acharonei_zmanenu,משה חי אהרוני,Q122026807,,1896,1957,
acharonei_zmanenu,משה רוזין,Q12409625,,1870,1957,
acharonei_zmanenu,סידי פרג' חלימי,Q2895590,,1876,1957,
acharonei_zmanenu,שלמה שליפר,Q2894538,,1889,1957,
acharonei_zmanenu,שמואל גריינימן,Q7052952,,1889,1957,
acharonei_zmanenu,שמחה במברגר (שטוטגרט),Q18101345,,1899,1957,
acharonei_zmanenu,אברהם-חיים שאג,Q2901431,,1887,1958,
acharonei_zmanenu,היינריך אלפרין,Q6745072,,1877,1958,
acharonei_zmanenu,יונתן שטייף,Q2893262,,1877,1958,
acharonei_zmanenu,יחיא גיאת,Q108394104,,1872,1958,
acharonei_zmanenu,מימון בן-עטר,Q28605890,,1867,1958,
acharonei_zmanenu,מרדכי ליפסון,Q6938030,,1885,1958,
acharonei_zmanenu,משה אייזנבט,Q111272889,,1883,1958,
acharonei_zmanenu,משה איררה,Q24819120,,1878,1958,
acharonei_zmanenu,משה שצקס,Q6916159,,1881,1958,
acharonei_zmanenu,נחום מאיר קרליץ,Q6810387,,1889,1958,
acharonei_zmanenu,סלומון פוליאקוב,Q3470060,,1889,1958,
acharonei_zmanenu,ראובן גרוזובסקי,Q7307082,,1886,1958,
acharonei_zmanenu,שלום מוסקוביץ',Q2895494,,1877,1958,
acharonei_zmanenu,שלמה זלמן קלוניצקי (קליין),Q7064751,,1869,1958,
acharonei_zmanenu,שלמה פרידמן,Q118143588,,1894,1958,
acharonei_zmanenu,שמואל גדליה ניימן,Q20799063,,1887,1958,
acharonei_zmanenu,אליהו ראם,Q21570447,,1872,1959,
acharonei_zmanenu,יעקב נאכט,Q6790373,,1873,1959,
acharonei_zmanenu,יצחק אייזיק הלוי הרצוג,Q1391502,,1888,1959,
acharonei_zmanenu,יצחק זאב הלוי סולובייצ'יק,Q1981562,,1886,1959,
acharonei_zmanenu,נתן פרג'ון,Q30527360,,1910,1959,
acharonei_zmanenu,עקיבא סופר,Q19841969,,1878,1959,
acharonei_zmanenu,רחמים חי חויתה הכהן,Q6763013,,1901,1959,
acharonei_zmanenu,שמואל וילנסקי,Q21570429,,,1959,
acharonei_zmanenu,שמעון שלמה שלזינגר,Q111671586,,1893,1959,
acharonei_zmanenu,ארנה מרטון,Q1166103,,1896,1960,
acharonei_zmanenu,חיים הלר,Q12407455,,1879,1960,
acharonei_zmanenu,חיים יהושע קוסובסקי,Q12407466,,1873,1960,
acharonei_zmanenu,חיים נחום אפנדי,Q2160858,,1872,1960,
acharonei_zmanenu,יוסף ג'יעאן,Q56421718,,1882,1960,
acharonei_zmanenu,יוסף צבי הלוי,Q8055910,,1874,1960,
acharonei_zmanenu,יוסף שלוש,Q8055907,,1891,1960,
acharonei_zmanenu,יעקב משה טולידאנו,Q2906690,,1880,1960,
acharonei_zmanenu,מנחם הכהן ריזיקוב,Q3859681,,1866,1960,
acharonei_zmanenu,מנשה שהרבני,Q29883913,,1881,1960,
acharonei_zmanenu,מרדכי צבי אורבך,Q15999525,,1872,1960,
acharonei_zmanenu,משה בנימין טומשוב,Q29770192,,1878,1960,
acharonei_zmanenu,מתתיהו שציגל,Q6982615,,1895,1960,
acharonei_zmanenu,צבי פסח פרנק,Q244525,,1873,1960,
acharonei_zmanenu,רפאל סבאן,Q2126942,,1877,1960,
acharonei_zmanenu,שלמה בלזר,Q16130120,,1889,1960,
acharonei_zmanenu,שמואל למברגר,Q26242243,,1886,1960,
acharonei_zmanenu,אברהם יעקב פרידמן (השני),Q3569653,,1884,1961,
acharonei_zmanenu,אליעזר פופקו,Q5360769,,1886,1961,
acharonei_zmanenu,אפרים זלמן הלפרין,Q15664229,,1871,1961,
acharonei_zmanenu,יוסף בן נאים,Q6755592,,1882,1961,
acharonei_zmanenu,יוסף שמן,Q12408039,,1898,1961,
acharonei_zmanenu,יצחק גרשטנקורן,Q6903955,,1891,1961,
acharonei_zmanenu,נחמן שלמה גרינשפאן,Q6957181,,1878,1961,
acharonei_zmanenu,סלימון ברזאני,Q6667495,,,1961,
acharonei_zmanenu,צדקה חוצין,Q6731490,,1876,1961,
acharonei_zmanenu,אברהם משה פינגרהוט,Q20502644,,1908,1962,
acharonei_zmanenu,אהרן קוטלר,Q2920505,,1891,1962,
acharonei_zmanenu,אליהו מרדכי ולקובסקי,Q24847274,,1873,1962,
acharonei_zmanenu,אפרים שמואל לרנר,Q26722411,,1878,1962,
acharonei_zmanenu,אריה לייב מאלין,Q4802681,,1906,1962,
acharonei_zmanenu,בן ציון ידלר,Q4890778,,1871,1962,
acharonei_zmanenu,דוד שפרבר (רב),Q12405746,,1877,1962,
acharonei_zmanenu,חיים חובארה,Q6593946,,1902,1962,
acharonei_zmanenu,יהודה ליב אבידע,Q83544185,,1887,1962,
acharonei_zmanenu,יהודה לייב פישמן מימון,Q2382713,,1875,1962,
acharonei_zmanenu,יוסף גנאסיא,Q18121710,,1879,1962,
acharonei_zmanenu,יחזקאל (איזידור) אפשטיין,Q6080922,,1894,1962,
acharonei_zmanenu,יחיא בן המו,Q7023380,,1870,1962,
acharonei_zmanenu,יצחק נח,Q6776978,,1888,1962,
acharonei_zmanenu,מסעוד חזן,Q116769681,,1910,1962,
acharonei_zmanenu,מרדכי נורוק,Q1365144,,1879,1962,
acharonei_zmanenu,משה שמשון וסרמן,Q113355554,,,1962,
acharonei_zmanenu,משולם ראטה,Q7217676,,1875,1962,
acharonei_zmanenu,עקיבא ברוך פוזנר,Q42453997,,1890,1962,
acharonei_zmanenu,שלמה זלקינד לנדרס,Q18555623,,1869,1962,
acharonei_zmanenu,שמואל מרציאנו,Q101438258,,1881,1962,
acharonei_zmanenu,אבא הלל סילבר,Q4663644,,1893,1963,
acharonei_zmanenu,אליהו שלמה ליס,Q27020189,,1901,1963,
acharonei_zmanenu,ברוך הגר (מקור ברוך),Q6962420,,1895,1963,
acharonei_zmanenu,יהודה סולודוחה,Q18192038,,1877,1963,
acharonei_zmanenu,יעקב עדס,Q6931235,,1898,1963,
acharonei_zmanenu,לוי גרוסמן,Q133868884,,1884,1963,
acharonei_zmanenu,"מרדכי יהודה ליב זק""ש",Q106725502,,1906,1963,
acharonei_zmanenu,ראובן כץ,Q7022074,,1880,1963,
acharonei_zmanenu,שמואל ברוט,Q9333369,,1885,1963,
acharonei_zmanenu,אברהם חכם,Q113652686,,1882,1964,
acharonei_zmanenu,אברהם קלמנוביץ,Q4829410,,1891,1964,
acharonei_zmanenu,אשר חננאל,Q12404313,,1895,1964,
acharonei_zmanenu,חיים יחיאל מיכל ביק,Q21570418,,,1964,
acharonei_zmanenu,חיים מרדכי קאטץ,Q5067817,,1894,1964,
acharonei_zmanenu,חייקל מילצקי,Q21570440,,1900,1964,
acharonei_zmanenu,יחיאל מרדכי גורדון,Q107657072,,1882,1964,
acharonei_zmanenu,ירוחם ליינר,Q107737470,,1888,1964,
acharonei_zmanenu,ישראל אלפנביין,Q118916974,,1891,1964,
acharonei_zmanenu,משה לייב שחור,Q6677416,,1894,1964,
acharonei_zmanenu,שמואל מאיר הולנדר,Q65006952,,1889,1964,
acharonei_zmanenu,אליה שמואל הרטום,Q6831341,,1887,1965,
acharonei_zmanenu,אליעזר יהודה פינקל,Q5360785,,1877,1965,
acharonei_zmanenu,אלתר מאיר,Q108382168,,1891,1965,
acharonei_zmanenu,דב בריש ויידנפלד,Q2903887,,1881,1965,
acharonei_zmanenu,דוד הכהן יהונתן,Q18121717,,1887,1965,
acharonei_zmanenu,דנטה לאטס,Q3015717,,1876,1965,
acharonei_zmanenu,חיים שאול ברוק,Q30526753,,1894,1965,
acharonei_zmanenu,חנוך הניך בורנשטיין,Q5072564,,1897,1965,
acharonei_zmanenu,יצחק אייזיק קרסילשציקוב,Q8053904,,1888,1965,
acharonei_zmanenu,ירוחם ורהפטיג,Q12408306,,1875,1965,
acharonei_zmanenu,כמוס נחאיסי,Q16340277,,1896,1965,
acharonei_zmanenu,מרטין ריזנבורגר,Q1648882,,1896,1965,
acharonei_zmanenu,סלים זעפראני,Q115912618,,1894,1965,
acharonei_zmanenu,פנחס טבול,Q111263518,,1900,1965,
acharonei_zmanenu,אברהם אלימלך שפירא,Q86005567,,1894,1966,
acharonei_zmanenu,"אברהם משה באב""ד",Q11024861,,1909,1966,
acharonei_zmanenu,בנימין דה-פריס,Q6990955,,1905,1966,
acharonei_zmanenu,זלמן סורוצקין,Q8065533,,1881,1966,
acharonei_zmanenu,"חיים זבולון חרל""פ",Q12407458,,1902,1966,
acharonei_zmanenu,יוסף בלומנפלד,Q16130549,,1890,1966,
acharonei_zmanenu,יוסף לייפר (פיטסבורג),Q8055897,,1891,1966,
acharonei_zmanenu,יחיאל יעקב וינברג,Q214136,,1884,1966,
acharonei_zmanenu,יעקב אלמולי,Q6689709,,1874,1966,
acharonei_zmanenu,ישראל אלעזר הופשטיין,Q111802630,,1898,1966,
acharonei_zmanenu,משה דוד גרוס,Q113011585,,1882,1966,
acharonei_zmanenu,משה דריהם,Q43295441,,1906,1966,
acharonei_zmanenu,משה יעקב רביקוב,Q6920683,,1873,1966,
acharonei_zmanenu,עמרם אבורביע,Q1768063,,1892,1966,
acharonei_zmanenu,צבי הירש פרבר,Q7862013,,1879,1966,
acharonei_zmanenu,אלימלך גבריאל טרס,Q12132926,,1909,1967,
acharonei_zmanenu,ארתור בירם,Q4798009,,1878,1967,
acharonei_zmanenu,דב מאיר רובמן,Q20502846,,1895,1967,
acharonei_zmanenu,הרטוויג נפתלי קרליבך,Q16005813,,1889,1967,
acharonei_zmanenu,יעקב אביגדור,Q2776482,,1896,1967,
acharonei_zmanenu,ישראל גולדפרב,Q41570455,,1879,1967,
acharonei_zmanenu,שאול קוסובסקי שחור,Q117317262,,1933,1967,
acharonei_zmanenu,שמואל קלמן מירסקי,Q12411826,,1899,1967,
acharonei_zmanenu,אליעזר סילבר,Q2917947,,1882,1968,
acharonei_zmanenu,אפרים סוקולובר,Q16133173,,1901,1968,
acharonei_zmanenu,דוד צבי שנייבאלג,Q12258191,,1893,1968,
acharonei_zmanenu,יחיא עבאהל,Q12408077,,1883,1968,
acharonei_zmanenu,יעקב יוסף טברסקי,Q4453240,,1899,1968,
acharonei_zmanenu,ישראל זיסל דבורץ,Q6262453,,1886,1968,
acharonei_zmanenu,מאיר שוורצמן,Q6745835,,1901,1968,
acharonei_zmanenu,מנחם מנשה,Q16132703,,1892,1968,
acharonei_zmanenu,מר שושני,Q1649541,,1895,1968,
acharonei_zmanenu,מרדכי מרגליות,Q6984731,,1909,1968,
acharonei_zmanenu,משה צבי סגל,Q12409618,,1876,1968,
acharonei_zmanenu,פינחס וולף,Q28605855,,1875,1968,
acharonei_zmanenu,שלמה שוסטר,Q21570450,,1907,1968,
acharonei_zmanenu,שמחה הלוי,Q113378874,,1896,1968,
acharonei_zmanenu,אברהם אפרים רוזינג,Q114958803,,1878,1969,
acharonei_zmanenu,אריה לוין,Q4802688,,1885,1969,
acharonei_zmanenu,ברוך טולידאנו,Q29914051,,1883,1969,
acharonei_zmanenu,דוד משה רוזנבוים,Q42041216,,1924,1969,
acharonei_zmanenu,דוד ציון לניאדו,Q28605828,,1899,1969,
acharonei_zmanenu,חיים חייקל גרינברג,Q18121711,,1909,1969,
acharonei_zmanenu,יהודה צבי ברנדויין (מקובל),Q4095794,,1903,1969,
acharonei_zmanenu,יהושע גרינוולד,Q7212794,,1909,1969,
acharonei_zmanenu,יהושע הירשהורן,Q98213798,,1893,1969,
acharonei_zmanenu,יונה שטנצל,Q12407943,,1904,1969,
acharonei_zmanenu,יוסף שלמה כהנמן,Q2907349,,1888,1969,
acharonei_zmanenu,יחזקאל סרנא,Q8051044,,1890,1969,
acharonei_zmanenu,מאיר וכסמן,Q6826450,,1887,1969,
acharonei_zmanenu,מנחם שלמה בורנשטיין,Q13577363,,1934,1969,
acharonei_zmanenu,מרדכי סגרון,Q16133458,,1893,1969,
acharonei_zmanenu,מרכוס מלכיאור,Q6758332,,1897,1969,
acharonei_zmanenu,נחום לסמן,Q28074793,,1921,1969,
acharonei_zmanenu,עובדיה הדאיה,Q3959357,,1889,1969,
acharonei_zmanenu,פנחס אפשטיין,Q7064185,,1880,1969,
acharonei_zmanenu,שאול מקיקץ שלי,Q20502910,,1887,1969,
acharonei_zmanenu,שמעון ישראל פוזן,Q7223005,,1894,1969,
acharonei_zmanenu,שמעון פדרבוש,Q9352627,,1892,1969,
acharonei_zmanenu,אברהם ווייס,Q4669230,,1896,1970,
acharonei_zmanenu,אברהם יפה'ן,Q6823668,,1886,1970,
acharonei_zmanenu,אימרה בנושופסקי,Q793059,,1903,1970,
acharonei_zmanenu,אליהו לופיאן,Q5368448,,1876,1970,
acharonei_zmanenu,אליעזר שטיינמן,Q2899767,,1891,1970,
acharonei_zmanenu,דוד די סולה פול,Q5241478,,1885,1970,
acharonei_zmanenu,חיים יששכר אבולעפיה,Q61125655,,1884,1970,
acharonei_zmanenu,חיים שמשון (הרברט) גולדשטיין,Q13569735,,1890,1970,
acharonei_zmanenu,טוביה גפן,Q7811629,,1870,1970,
acharonei_zmanenu,יהושע זליג דיסקין,Q6968088,,1898,1970,
acharonei_zmanenu,יצחק אביחצירא,Q12408228,,1895,1970,
acharonei_zmanenu,ישראל חיים קפלן,Q21616236,,1895,1970,
acharonei_zmanenu,מקסימיליאן דרכסלר,Q18810125,,1883,1970,
acharonei_zmanenu,ניסן טלושקין,Q20502507,,1881,1970,
acharonei_zmanenu,עזרא עטייה,Q385416,,1881,1970,
acharonei_zmanenu,ריכרד פדר,Q1267648,,1875,1970,
acharonei_zmanenu,רפאל ברוך טולידאנו,Q7047154,,1890,1970,
acharonei_zmanenu,רצ'א צארום,Q108035712,,1879,1970,
acharonei_zmanenu,שאול מטלוב עבאדי,Q111983585,,1889,1970,
acharonei_zmanenu,אברהם שדמי,Q68147831,,1910,1971,
acharonei_zmanenu,בן ציון כהן יהונתן,Q27972300,,1894,1971,
acharonei_zmanenu,דוד יונגרייז,Q16339124,,1898,1971,
acharonei_zmanenu,חיים אהרן טורצ'ין,Q21570432,,1917,1971,
acharonei_zmanenu,חיים שלמה עראקי,Q31198138,,1887,1971,
acharonei_zmanenu,יהודה לייב לוין (רב),Q4256459,,1894,1971,
acharonei_zmanenu,יוסף נפתלי שטרן,Q12408021,,,1971,
acharonei_zmanenu,יעקב שכטר,Q7044402,,1887,1971,
acharonei_zmanenu,יצחק מאיר לוין,Q2907909,,1893,1971,
acharonei_zmanenu,ישראל איסר שפירא (תל אביב),Q29854127,,1886,1971,
acharonei_zmanenu,ישראל שלמה בן-מאיר,Q2906644,,1910,1971,
acharonei_zmanenu,מצליח מאזוז,Q6777300,,1911,1971,
acharonei_zmanenu,מרדכי שלמה פרידמן,Q6909678,,1891,1971,
acharonei_zmanenu,משה יחיאל הלוי אפשטיין,Q7217554,,1889,1971,
acharonei_zmanenu,נלסון גליק,Q355780,,1900,1971,
acharonei_zmanenu,נפתלי יעקב הכהן,Q6902846,,1884,1971,
acharonei_zmanenu,ראובן מרגליות,Q2907494,,1889,1971,
acharonei_zmanenu,שלמה קוק,Q7044905,,1929,1971,
acharonei_zmanenu,שמחה בונם אורבאך,Q6904546,,1913,1971,
acharonei_zmanenu,אברהם יהושע השל,Q215833,,1907,1972,
acharonei_zmanenu,אליהו פרדס,Q6850231,,1893,1972,
acharonei_zmanenu,ברוך קורצווייל,Q4865860,,1907,1972,
acharonei_zmanenu,דוד כהן (הנזיר),Q2910274,,1887,1972,
acharonei_zmanenu,חיים מאיר הגר,Q7212268,,1887,1972,
acharonei_zmanenu,חנוך אלבק,Q214216,,1890,1972,
acharonei_zmanenu,יעקב הרצוג,Q463391,,1921,1972,
acharonei_zmanenu,יצחק שמואל עמנואל,Q111671506,,1899,1972,
acharonei_zmanenu,ישראל בארי,Q6607877,,1911,1972,
acharonei_zmanenu,מאיר אברהם הלוי,Q12408751,,1900,1972,
acharonei_zmanenu,מאיר שצ'רנסקי,Q118912995,,1905,1972,
acharonei_zmanenu,מרדכי פרום,Q6633903,,1930,1972,
acharonei_zmanenu,מתתיהו יחזקאל גוטמן,Q117353640,,1891,1972,
acharonei_zmanenu,נסים כדורי חזן,Q20502331,,1891,1972,
acharonei_zmanenu,נסים נדבו הכהן,Q65250210,,1872,1972,
acharonei_zmanenu,רפאל קצנלנבוגן,Q6998066,,1894,1972,
acharonei_zmanenu,שלום נתן רענן,Q6692207,,1900,1972,
acharonei_zmanenu,שלמה חיים פרידמן,Q6714197,,1887,1972,
acharonei_zmanenu,שמואל ברליאנט,Q113169271,,1905,1972,
acharonei_zmanenu,שמואל הורביץ (ברסלב),Q94652618,,1905,1972,
acharonei_zmanenu,אברהם יהודה גולדראט,Q2900920,,1912,1973,
acharonei_zmanenu,אברהם לובנוב,Q29360092,,1888,1973,
acharonei_zmanenu,אברהם רפופורט,Q6587377,,1908,1973,
acharonei_zmanenu,איתמר רוזנבוים,Q12260267,,1886,1973,
acharonei_zmanenu,בן-ציון דינור,Q816401,,1884,1973,
acharonei_zmanenu,גודמן ליפקינד,Q5583465,,1878,1973,
acharonei_zmanenu,חיים בלוך,Q1059214,,1881,1973,
acharonei_zmanenu,יוסף אליהו הנקין,Q1517574,,1881,1973,
acharonei_zmanenu,ישראל ולץ,Q55109181,,1886,1973,
acharonei_zmanenu,סלמן חוגי עבודי,Q6660942,,1894,1973,
acharonei_zmanenu,צבי גוטמן,Q7064698,,1893,1973,
acharonei_zmanenu,שלום צבי דוידוביץ,Q12411724,,1887,1973,
acharonei_zmanenu,דוד אוקס,Q6805783,,1904,1974,
acharonei_zmanenu,הלל ויטקינד,Q20107438,,1899,1974,
acharonei_zmanenu,זאב וולף לייטר,Q118925991,,1891,1974,
acharonei_zmanenu,חיים דוויק,Q19894805,,1905,1974,
acharonei_zmanenu,יוסף אשכנזי,Q6550106,,1928,1974,
acharonei_zmanenu,יוסף משאש,Q12408015,,1892,1974,
acharonei_zmanenu,יחזקאל לוינשטיין,Q8051042,,1885,1974,
acharonei_zmanenu,יעקב ברמן,Q12408163,,1878,1974,
acharonei_zmanenu,יצחק אלמליח (תלמסאן),Q113355569,,1906,1974,
acharonei_zmanenu,יצחק אריאלי,Q12408232,,1896,1974,
acharonei_zmanenu,ישראל פורת,Q7047333,,1886,1974,
acharonei_zmanenu,מיכאל חי זירקיוף,Q30527437,,1901,1974,
acharonei_zmanenu,מנחם גילוץ,Q12409274,,1884,1974,
acharonei_zmanenu,מנחם מנדל זקס,Q6816576,,1898,1974,
acharonei_zmanenu,מרדכי אמייס הכהן,Q86006308,,1867,1974,
acharonei_zmanenu,ניסים הכהן (שרשרת),Q55649855,,1912,1974,
acharonei_zmanenu,סלמאן מוצפי,Q6918598,,1900,1974,
acharonei_zmanenu,עמרם בלוי,Q2904171,,1894,1974,
acharonei_zmanenu,צבי הירש מייזליש,Q12410817,,1901,1974,
acharonei_zmanenu,צבי יעקב אבראהאם,Q16131811,,1897,1974,
acharonei_zmanenu,צבי יעקב צימלס,Q19975484,,1900,1974,
acharonei_zmanenu,שלום אביחצירא,Q70681986,,1893,1974,
acharonei_zmanenu,אברהם יצחק ברומברג,Q30318756,,1898,1975,
acharonei_zmanenu,אשר רוזנבוים,Q118926490,,1900,1975,
acharonei_zmanenu,טיבור שר,Q80972647,,1912,1975,
acharonei_zmanenu,יעקב משה לסין,Q21098695,,1889,1975,
acharonei_zmanenu,נחום שמריהו ששונקין,Q56088204,,1889,1975,
acharonei_zmanenu,ראובן אהרונוביץ',Q6865224,,1902,1975,
acharonei_zmanenu,איסר יהודה אונטרמן,Q500484,,1886,1976,
acharonei_zmanenu,אליהו כי טוב,Q2889642,,1912,1976,
acharonei_zmanenu,ארתור גייר,Q108599952,,1894,1976,
acharonei_zmanenu,חיים זאב הירשברג,Q12407460,,1903,1976,
acharonei_zmanenu,יהושע מנחם אהרנברג,Q6973368,,1904,1976,
acharonei_zmanenu,יוסף משה שכטר,Q7026208,,1917,1976,
acharonei_zmanenu,יחזקאל אברמסקי,Q2905227,,1886,1976,
acharonei_zmanenu,ירחמיאל יהודה מאיר קאליש,Q18387789,,1905,1976,
acharonei_zmanenu,מרדכי יעקב ברייש,Q20502517,,1895,1976,
acharonei_zmanenu,משה אוירבך,Q6966217,,1881,1976,
acharonei_zmanenu,משה יצחק גווירצמן,Q3324790,,1882,1976,
acharonei_zmanenu,נפתלי צבי יהודה ריף,Q26258152,,,1976,
acharonei_zmanenu,סיני אוקו,Q40235428,,1905,1976,
acharonei_zmanenu,פינחס קהתי,Q2776704,,1910,1976,
acharonei_zmanenu,שושן הכהן,Q113204943,,1906,1976,
acharonei_zmanenu,שלמה רילף,Q1804960,,1896,1976,
acharonei_zmanenu,שמואל בלקין,Q7410895,,1911,1976,
acharonei_zmanenu,שניאור זלמן צייטלין,Q2299275,,1892,1976,
acharonei_zmanenu,ארנסט גוגנהיים,Q3056989,,1916,1977,
acharonei_zmanenu,יהודה רובינשטיין (ביבליוגרף),Q20992653,,1899,1977,
acharonei_zmanenu,יוסף אדלר,Q7042228,,1883,1977,
acharonei_zmanenu,יחיאל יהודה איזקסון,Q107281592,,1921,1977,
acharonei_zmanenu,יצחק הוברמן,Q6843886,,1896,1977,
acharonei_zmanenu,יצחק הורוביץ (מעליץ),Q12254765,,1901,1977,
acharonei_zmanenu,ישראל אלתר,Q557711,,1895,1977,
acharonei_zmanenu,שלמה הכהן זאגורי,Q111983003,,,1977,
acharonei_zmanenu,שמואל הומינר (רב),Q6765120,,1913,1977,
acharonei_zmanenu,אברהם ורנר,Q18121718,,1890,1978,
acharonei_zmanenu,אהרן שויקה,Q6923209,,1897,1978,
acharonei_zmanenu,אליהו מונק,Q94783734,,1900,1978,
acharonei_zmanenu,בנימין קוסובסקי,Q6953184,,1917,1978,
acharonei_zmanenu,חיים מרדכי רוזנבוים,Q50356841,,,1978,
acharonei_zmanenu,יהודה אריה לייב לוין,Q6668282,,1918,1978,
acharonei_zmanenu,יוסף היינימן,Q12407992,,1915,1978,
acharonei_zmanenu,יוסף מאיר כהנא,Q12256559,,1910,1978,
acharonei_zmanenu,יצחק אלקלעי,Q20434579,,1882,1978,
acharonei_zmanenu,מרדכי עטיה,Q7058880,,1898,1978,
acharonei_zmanenu,משה ונטורה,Q16340919,,1892,1978,
acharonei_zmanenu,קאפל כהנא,Q21592510,,1895,1978,
acharonei_zmanenu,שלמה יוסף זוין,Q2909366,,1886,1978,
acharonei_zmanenu,אליעזר שמשון רוזנטל,Q5360772,,1915,1979,
acharonei_zmanenu,בנימין מנדלזון,Q12404655,,1904,1979,
acharonei_zmanenu,ברוך סורוצקין,Q4865873,,1917,1979,
acharonei_zmanenu,גדליה שור,Q5529640,,1910,1979,
acharonei_zmanenu,"דב כ""ץ",Q16129552,,1903,1979,
acharonei_zmanenu,דניאל ציון,Q5219153,,1883,1979,
acharonei_zmanenu,חיים שמואלביץ,Q2899295,,1902,1979,
acharonei_zmanenu,יואל טייטלבוים,Q661697,,1887,1979,
acharonei_zmanenu,יוסף אברהם וולף,Q19810744,,1911,1979,
acharonei_zmanenu,יוסף חיים לוקשטיין,Q6285016,,1902,1979,
acharonei_zmanenu,יעקב אריה טברסקי,Q12256243,,1884,1979,
acharonei_zmanenu,ישראל ברודי,Q2917983,,1895,1979,
acharonei_zmanenu,כתריאל פישל טכורש,Q7026768,,1896,1979,
acharonei_zmanenu,משה שוואב,Q12409629,,1917,1979,
acharonei_zmanenu,שמואל אהרן יודלביץ,Q7040202,,1906,1979,
acharonei_zmanenu,שמואל דוד וולקין,Q16130381,,1890,1979,
acharonei_zmanenu,שמואל קיפניס,Q6800834,,1883,1979,
acharonei_zmanenu,שמואל רוזובסקי,Q2897862,,1913,1979,
acharonei_zmanenu,אברהם מנחם,Q16129174,,1890,1980,
acharonei_zmanenu,אברהם סילברט,Q6694091,,1933,1980,
acharonei_zmanenu,גדליהו אהרן קניג,Q5529643,,1921,1980,
acharonei_zmanenu,דוד פיירוורקר,Q3017893,,1912,1980,
acharonei_zmanenu,דוד שמואל לוינגר,Q18536153,,1904,1980,
acharonei_zmanenu,הלל ברוקנטל,Q18603737,,1909,1980,
acharonei_zmanenu,טיבור רוזנבאום,Q7045622,,1923,1980,
acharonei_zmanenu,יונה מרצבך,Q6608672,,1900,1980,
acharonei_zmanenu,יוסף ברויאר,Q3184666,,1882,1980,
acharonei_zmanenu,יוסף סוסו הכהן,Q20502380,,1891,1980,
acharonei_zmanenu,יצחק ברזאני,Q6773697,,1892,1980,
acharonei_zmanenu,יצחק הוטנר,Q2903515,,1906,1980,
acharonei_zmanenu,יצחק סטולמן,Q6077170,,1897,1980,
acharonei_zmanenu,יצחק שטרנהל,Q18603221,,,1980,
acharonei_zmanenu,לוי יצחק גרינוולד,Q70681717,,1893,1980,
acharonei_zmanenu,מכלוף אבוחצירא,Q55651748,,1894,1980,
acharonei_zmanenu,מקיקץ ישראל חדאד,Q41943329,,1912,1980,
acharonei_zmanenu,מקס קדושין,Q6794912,,1895,1980,
acharonei_zmanenu,עזרא הדאיה,Q122819128,,1910,1980,
acharonei_zmanenu,ראובן פלדשוה,Q12411185,,1900,1980,
acharonei_zmanenu,שמואל ארנפלד (הנכד),Q16009257,,1891,1980,
acharonei_zmanenu,שניאור זלמן שניאורסון (פריז),Q975577,,1898,1980,
acharonei_zmanenu,אברהם וינברג (השלישי),Q16338378,,1888,1981,
acharonei_zmanenu,ברוך אברהם טולידאנו,Q18228519,,1890,1981,
acharonei_zmanenu,יהודה מנחם אלפונסו פצ'יפיצ'י,Q108692601,,1889,1981,
acharonei_zmanenu,יוסף דוב הלוי סולובייצ'יק (ירושלים),Q4891242,,1915,1981,
acharonei_zmanenu,יצחק נסים,Q8053925,,1896,1981,
acharonei_zmanenu,ישכר בער רוזנבוים,Q107711172,,1904,1981,
acharonei_zmanenu,ישראל אפרת (פרופסור),Q12408379,,1891,1981,
acharonei_zmanenu,מרתה נוימרק,Q6774509,,1904,1981,
acharonei_zmanenu,עלואן שמעון אבידני,Q30527098,,1881,1981,
acharonei_zmanenu,שמואל ברודני,Q105613084,,1915,1981,
acharonei_zmanenu,שמעון מימון,Q55649655,,,1981,
acharonei_zmanenu,אברהם סופר (רב),Q6756596,,1897,1982,
acharonei_zmanenu,אליהו חזן (ראש ישיבה),Q20008649,,,1982,
acharonei_zmanenu,אליעזר זוסיא פורטוגל,Q4785438,,1898,1982,
acharonei_zmanenu,אריה זאב גורביץ,Q6519059,,1906,1982,
acharonei_zmanenu,בצלאל ז'ולטי,Q6905451,,1920,1982,
acharonei_zmanenu,חיים גראדה,Q1058986,,1910,1982,
acharonei_zmanenu,חיים דוב שעוועל,Q2894664,,1906,1982,
acharonei_zmanenu,יחיאל יהושע רבינוביץ,Q4058767,,1900,1982,
acharonei_zmanenu,יצחק בונין,Q19634012,,1872,1982,
acharonei_zmanenu,ירוחם גורליק,Q8052680,,1911,1982,
acharonei_zmanenu,ישכר תמר,Q38227037,,1896,1982,
acharonei_zmanenu,מרדכי שולמן,Q12409509,,1901,1982,
acharonei_zmanenu,משה יאיר וינשטוק,Q16129131,,1899,1982,
acharonei_zmanenu,צבי יהודה הכהן קוק,Q2704231,,1891,1982,
acharonei_zmanenu,קלמן אליעזר פרנקל,Q118912938,,1895,1982,
acharonei_zmanenu,שאול פתיה,Q111363128,,1907,1982,
acharonei_zmanenu,שלמה מאזוז,Q12411765,,1908,1982,
acharonei_zmanenu,שלמה קצין,Q41957713,,1909,1982,
acharonei_zmanenu,שניאור קוטלר,Q63094,,1918,1982,
acharonei_zmanenu,אריה ליב רביץ,Q138764339,,1903,1983,
acharonei_zmanenu,אריה קפלן,Q711917,,1934,1983,
acharonei_zmanenu,ארנסט קליין,Q5393394,,1899,1983,
acharonei_zmanenu,דוד אשכנזי (רב),Q111465865,,1898,1983,
acharonei_zmanenu,דוד חיים,Q12405707,,1887,1983,
acharonei_zmanenu,זאב וולף גוטליב,Q68987659,,1910,1983,
acharonei_zmanenu,יוסף בבליקי,Q122841135,,,1983,
acharonei_zmanenu,יעקב מוצפי,Q6924012,,1899,1983,
acharonei_zmanenu,יעקב פישמן,Q16712033,,1913,1983,
acharonei_zmanenu,מאיר אבוחצירא,Q8343357,,1917,1983,
acharonei_zmanenu,מנחם מנדל כשר,Q4970644,,1895,1983,
acharonei_zmanenu,מרדכי קפלן,Q555541,,1881,1983,
acharonei_zmanenu,מרדכי שרעבי,Q6909679,,1912,1983,
acharonei_zmanenu,שאול ליברמן,Q2908897,,1898,1983,
acharonei_zmanenu,שלמה בנימין הלוי אשלג,Q7037435,,1909,1983,
acharonei_zmanenu,שמואל היבנר,Q114457189,,1892,1983,
acharonei_zmanenu,אישטוואן האן,Q1032524,,1913,1984,
acharonei_zmanenu,באבא סאלי,Q797542,,1889,1984,
acharonei_zmanenu,חיים אלתר פנט,Q12407441,,1912,1984,
acharonei_zmanenu,יוסף גרינוולד,Q7212938,,1903,1984,
acharonei_zmanenu,יחיאל אריה מונק,Q12408080,,1905,1984,
acharonei_zmanenu,יששכר דב ברגמן,Q4892929,,1911,1984,
acharonei_zmanenu,לואיס יצחק רבינוביץ,Q6687446,,1906,1984,
acharonei_zmanenu,מאיר אלק,Q6963141,,1898,1984,
acharonei_zmanenu,מאיר יונה (רב),Q43295766,,1917,1984,
acharonei_zmanenu,מרדכי פוגלמן,Q12409504,,1898,1984,
acharonei_zmanenu,משה לייטר,Q118913665,,1894,1984,
acharonei_zmanenu,משה צבי סגל (לוחם מחתרת),Q4412754,,1904,1984,
acharonei_zmanenu,משה שלמה כשר,Q12409632,,1914,1984,
acharonei_zmanenu,ניסן נמנוב,Q2896541,,1903,1984,
acharonei_zmanenu,שלום רדאעי,Q108541649,,1912,1984,
acharonei_zmanenu,שלמה שונפלד,Q379069,,1912,1984,
acharonei_zmanenu,שמואל אליהו טאוב,Q7222823,,1905,1984,
acharonei_zmanenu,אלכסנדר שייבר,Q457211,,1913,1985,
acharonei_zmanenu,יואל קלופט,Q12407893,,1906,1985,
acharonei_zmanenu,יעקב ישראל קניבסקי,Q377575,,1899,1985,
acharonei_zmanenu,יצחק מאיר השיל (מז'יבוז'-חיפה),Q23019324,,1901,1985,
acharonei_zmanenu,לאסלו שלגו,Q1255123,,1910,1985,
acharonei_zmanenu,נפתלי הירצקא העניג,Q109682314,,1898,1985,
acharonei_zmanenu,צגייר עשוש,Q118927110,,1903,1985,
acharonei_zmanenu,רחמים נאהורי,Q3417556,,1902,1985,
acharonei_zmanenu,אליהו אזולאי,Q118914124,,1901,1986,
acharonei_zmanenu,יחזקאל טאוב,Q7066605,,1895,1986,
acharonei_zmanenu,יעקב אגוס,Q6118322,,1911,1986,
acharonei_zmanenu,יעקב גולדמן (רב בתי הסוהר),Q12408164,,1906,1986,
acharonei_zmanenu,יעקב לנדא,Q6261925,,1893,1986,
acharonei_zmanenu,יעקב קמנצקי,Q2920204,,1891,1986,
acharonei_zmanenu,יצחק אלבוים,Q116483171,,,1986,
acharonei_zmanenu,יצחק ידידיה פרנקל,Q12408255,,1913,1986,
acharonei_zmanenu,ישראל גולדשטיין,Q6086954,,1896,1986,
acharonei_zmanenu,משה פיינשטיין,Q1391598,,1895,1986,
acharonei_zmanenu,נחום פרצוביץ,Q12409814,,1923,1986,
acharonei_zmanenu,ניסן אלפרט,Q7041139,,1927,1986,
acharonei_zmanenu,שלמה טנא,Q6979763,,1914,1986,
acharonei_zmanenu,אברהם אלטלף,Q96377427,,1900,1987,
acharonei_zmanenu,אלכסנדר אלטמן,Q79017,,1906,1987,
acharonei_zmanenu,יעקב טאובס,Q650151,,1923,1987,
acharonei_zmanenu,יעקב יצחק רודרמן,Q8046308,,1900,1987,
acharonei_zmanenu,יעקב לסלוי,Q6859530,,1896,1987,
acharonei_zmanenu,לאו יונג,Q6523908,,1892,1987,
acharonei_zmanenu,משה מרדכי בידרמן,Q12409601,,1903,1987,
acharonei_zmanenu,אנדרה נהר,Q1457834,,1914,1988,
acharonei_zmanenu,אפרים אליעזר יולס,Q6259092,,1890,1988,
acharonei_zmanenu,בצלאל שטרן (רב),Q21984569,,1911,1988,
acharonei_zmanenu,יהודה קומלוש,Q6847182,,1913,1988,
acharonei_zmanenu,יואכים פרינץ,Q77828,,1902,1988,
acharonei_zmanenu,משה אביגדור שולוואס,Q16128849,,1909,1988,
acharonei_zmanenu,משה טיקוצ'ינסקי,Q12409590,,1910,1988,
acharonei_zmanenu,נסים בן יצחק הלוי,Q136849456,,1920,1988,
acharonei_zmanenu,סימור סיגל,Q7459226,,1927,1988,
acharonei_zmanenu,שמעון אפרתי,Q7014545,,1908,1988,
acharonei_zmanenu,בנימין מורמלשטיין,Q88313,,1905,1989,
acharonei_zmanenu,זבולון גרז,Q16131231,,1903,1989,
acharonei_zmanenu,חיים זייצ'יק,Q12407461,,1906,1989,
acharonei_zmanenu,יהודה הורוביץ (דז'יקוב),Q11218312,,1905,1989,
acharonei_zmanenu,יצחק יעקב וייס,Q2910310,,1902,1989,
acharonei_zmanenu,ישראל שפירא (בלאז'וב),Q12238422,,1889,1989,
acharonei_zmanenu,לוי יצחק בנדר,Q2904215,,1897,1989,
acharonei_zmanenu,מאיר חדש,Q12408755,,1898,1989,
acharonei_zmanenu,משה אונא,Q2909985,,1902,1989,
acharonei_zmanenu,פאולה אקרמן,Q2897939,,1893,1989,
acharonei_zmanenu,פינחס פלאי,Q7194909,,1930,1989,
acharonei_zmanenu,שבתי שמואלי,Q25497340,,1902,1989,
acharonei_zmanenu,שלום בארון,Q953507,,1895,1989,
acharonei_zmanenu,שמואל דביר,Q123939041,,1925,1989,
acharonei_zmanenu,אברהם אבא לייפר,Q4829391,,1917,1990,
acharonei_zmanenu,אברהם זיידה הלר,Q12403373,,1894,1990,
acharonei_zmanenu,בנימין ביינוש פינקל,Q4914572,,1913,1990,
acharonei_zmanenu,דוד דנינו,Q2901999,,1924,1990,
acharonei_zmanenu,חיים יעקב רוטנברג,Q2947629,,1909,1990,
acharonei_zmanenu,יהושע דייטש,Q12407864,,1910,1990,
acharonei_zmanenu,יעקב גיל (ליפשיץ),Q2336569,,1907,1990,
acharonei_zmanenu,יצחק חזן,Q28470482,,1919,1990,
acharonei_zmanenu,יצחק שחיבר,Q30904667,,1912,1990,
acharonei_zmanenu,מאיר כהנא,Q247538,,1932,1990,
acharonei_zmanenu,משה צבי אריה ביק,Q124247151,,1911,1990,
acharonei_zmanenu,משה קסורלה,Q3327066,,1913,1990,
acharonei_zmanenu,ראובן פלדמן,Q2901619,,1899,1990,
acharonei_zmanenu,שלמה פריהוף,Q7558600,,1892,1990,
acharonei_zmanenu,שמואל דיקמן,Q16130389,,1932,1990,
acharonei_zmanenu,שמחה פרידמן,Q2900373,,1911,1990,
acharonei_zmanenu,שמשון רפאל וייס,Q111095219,,1910,1990,
acharonei_zmanenu,אליעזר אריה פינקלשטין,Q2903240,,1895,1991,
acharonei_zmanenu,אפרים אלימלך אורבך,Q658735,,1912,1991,
acharonei_zmanenu,ברוך שלום הלוי אשלג,Q809632,,1907,1991,
acharonei_zmanenu,גרשון כהן,Q958122,,1924,1991,
acharonei_zmanenu,דוד אבן כליפא,Q20501934,,1906,1991,
acharonei_zmanenu,יהודה צדקה,Q8051309,,1910,1991,
acharonei_zmanenu,יעקב מלמד-כהן,Q7057415,,1909,1991,
acharonei_zmanenu,יעקב שריבום,Q24850891,,1913,1991,
acharonei_zmanenu,"יצחק מאיר חרל""פ",Q12408265,,1931,1991,
acharonei_zmanenu,ישראל זאב גוסטמן,Q12408393,,1906,1991,
acharonei_zmanenu,מרדכי סוויצקי,Q12409503,,1911,1991,
acharonei_zmanenu,משה הרשלר,Q19012322,,1922,1991,
acharonei_zmanenu,קלמן כהנא,Q2778053,,1910,1991,
acharonei_zmanenu,אברהם דויטש (רב צרפתי),Q2821817,,1902,1992,
acharonei_zmanenu,אהרן יפה'ן,Q6600933,,1945,1992,
acharonei_zmanenu,אליהו קושלבסקי,Q6643152,,1909,1992,
acharonei_zmanenu,אליעזר ברקוביץ,Q656901,,1908,1992,
acharonei_zmanenu,אלעזר שמחה וסרמן,Q2894400,,1900,1992,
acharonei_zmanenu,אשר ציבעס,Q4191720,,1912,1992,
acharonei_zmanenu,"יצחק פרידמן (בוהוש, השני)",Q10859591,,1903,1992,
acharonei_zmanenu,ישראל יצחק פיקרסקי,Q81277621,,1905,1992,
acharonei_zmanenu,מנחם עמנואל הרטום,Q7037237,,1916,1992,
acharonei_zmanenu,פרץ אריאל,Q16131479,,1913,1992,
acharonei_zmanenu,רוברט גורדיס,Q7344850,,1908,1992,
acharonei_zmanenu,שמחה בונם אלתר,Q303711,,1898,1992,
acharonei_zmanenu,אהרן פפויפר,Q4694994,,1949,1993,
acharonei_zmanenu,דוד ליפשיץ (רב),Q5302570,,1906,1993,
acharonei_zmanenu,חיים יצחק חייקין,Q3572307,,1907,1993,
acharonei_zmanenu,חיים מרדכי אייזיק חדקוב,Q2895992,,1902,1993,
acharonei_zmanenu,יהושע משה אהרונסון,Q7028979,,1910,1993,
acharonei_zmanenu,יוסף דוב הלוי סולובייצ'יק (בוסטון),Q374965,,1903,1993,
acharonei_zmanenu,יחזקאל דאום,Q6910333,,1941,1993,
acharonei_zmanenu,יצחק קאליש (אמשינוב),Q18387778,,1920,1993,
acharonei_zmanenu,יקותיאל עזריאלי,Q12408298,,1900,1993,
acharonei_zmanenu,מרשל מאייר,Q945437,,1930,1993,
acharonei_zmanenu,ראובן פיין (רב),Q6724979,,1924,1993,
acharonei_zmanenu,שמואל ברוך ורנר,Q6831648,,1911,1993,
acharonei_zmanenu,אברהם אהרן פרייס,Q4829389,,1900,1994,
acharonei_zmanenu,אהרן ברנשטיין (רב),Q18191318,,1918,1994,
acharonei_zmanenu,אלימלך ירחמיאל איתמר,Q6883423,,1909,1994,
acharonei_zmanenu,אלתר הילביץ,Q6258972,,1906,1994,
acharonei_zmanenu,דוד משה רוזן,Q2900747,,1912,1994,
acharonei_zmanenu,חיים זליבנסקי,Q18121722,,1938,1994,
acharonei_zmanenu,חיים מנחם לויטס,Q112865100,,1912,1994,
acharonei_zmanenu,יהושע גולדברג,Q6289995,,1896,1994,
acharonei_zmanenu,יוסף שכטר,Q12408037,,1901,1994,
acharonei_zmanenu,יחזקאל שרגא ליפשיץ הלברשטאם,Q18121729,,1908,1994,
acharonei_zmanenu,יעקב קפלן (רב),Q3157564,,1895,1994,
acharonei_zmanenu,יקותיאל יהודה הלברשטאם,Q571575,,1905,1994,
acharonei_zmanenu,מנחם מנדל שניאורסון,Q381397,,1902,1994,
acharonei_zmanenu,משה זאב סולה,Q16129114,,1908,1994,
acharonei_zmanenu,משה כהן שאולי,Q7067078,,1920,1994,
acharonei_zmanenu,סולומון גאון,Q7558606,,1912,1994,
acharonei_zmanenu,עוזי קלכהיים,Q7219689,,1935,1994,
acharonei_zmanenu,עזרא ציון מלמד,Q2908206,,1903,1994,
acharonei_zmanenu,רפאל כדיר צבאן,Q18510951,,1909,1994,
acharonei_zmanenu,שילה רפאל,Q12411649,,1940,1994,
acharonei_zmanenu,שלמה גורן,Q682957,,1917,1994,
acharonei_zmanenu,שלמה קרליבך,Q76999,,1925,1994,
acharonei_zmanenu,שמואל ברוך,Q6650537,,1898,1994,
acharonei_zmanenu,שמואל ריבלין,Q114233005,,1915,1994,
acharonei_zmanenu,שמעלקא פינטר,Q6690000,,1919,1994,
acharonei_zmanenu,אברהם מאיר איזראעל,Q110903761,,1913,1995,
acharonei_zmanenu,בן ציון הכהן רבין,Q6746966,,1911,1995,
acharonei_zmanenu,ג'ייקוב ראדר מרכוס,Q15504361,,1896,1995,
acharonei_zmanenu,חיים זנוויל אברמוביץ',Q1973108,,1893,1995,
acharonei_zmanenu,חיים יעקב גולדוויכט,Q7068643,,1925,1995,
acharonei_zmanenu,חיים צימרמן,Q12407486,,1914,1995,
acharonei_zmanenu,יצחק לוין (רב וחוקר),Q6974591,,1906,1995,
acharonei_zmanenu,לוי סעדיה נחמני,Q104820106,,1921,1995,
acharonei_zmanenu,מאיר יהודה גץ,Q7052787,,1924,1995,
acharonei_zmanenu,מאיר צובירי,Q104529523,,1916,1995,
acharonei_zmanenu,מנחם מנדל פוטרפס,Q2899740,,1907,1995,
acharonei_zmanenu,מרדכי פינחס טייץ,Q20056491,,1908,1995,
acharonei_zmanenu,משה סולובייצ'יק (ציריך),Q12409606,,1914,1995,
acharonei_zmanenu,משה צבי נריה,Q2910391,,1913,1995,
acharonei_zmanenu,שאול ישראלי,Q7490788,,1909,1995,
acharonei_zmanenu,שלמה זלמן אוירבך,Q446653,,1910,1995,
acharonei_zmanenu,שמחה עלברג,Q7517467,,1915,1995,
acharonei_zmanenu,שמעון שוואב,Q2895787,,1908,1995,
acharonei_zmanenu,אלמר ברגר,Q3045418,,1908,1996,
acharonei_zmanenu,אריה ליב גרוסנס,Q6595751,,1912,1996,
acharonei_zmanenu,יהודא ליאון אשכנזי,Q358282,,1922,1996,
acharonei_zmanenu,יחיא אלשיך,Q7059378,,1915,1996,
acharonei_zmanenu,יעקב טולידאנו (צרפת),Q6786263,,1933,1996,
acharonei_zmanenu,יצחק קסוטו,Q106459411,,1896,1996,
acharonei_zmanenu,משה אריה פריינד,Q2899407,,1903,1996,
acharonei_zmanenu,פינחס מנחם אלתר,Q982184,,1926,1996,
acharonei_zmanenu,צבי חרמון,Q12410820,,1912,1996,
acharonei_zmanenu,רפאל פטאי,Q788197,,1910,1996,
acharonei_zmanenu,שרגא אברמסון,Q7033901,,1915,1996,
acharonei_zmanenu,ברוך יהושע ירחמיאל רבינוביץ,Q2903899,,1914,1997,
acharonei_zmanenu,גרשון ליבמן,Q3104363,,1905,1997,
acharonei_zmanenu,דוד הקשר,Q12405702,,1943,1997,
acharonei_zmanenu,דוד מתתיהו רבינוביץ,Q7192730,,1927,1997,
acharonei_zmanenu,יהודה ללוש,Q141624910,,1916,1997,
acharonei_zmanenu,יצחק אשר טברסקי,Q6078431,,1930,1997,
acharonei_zmanenu,יצחק דב גילת,Q12408244,,1919,1997,
acharonei_zmanenu,ישראל הס,Q12408391,,1935,1997,
acharonei_zmanenu,מישאל דהאן,Q6556902,,1920,1997,
acharonei_zmanenu,משה זאב פלדמן,Q2904329,,1930,1997,
acharonei_zmanenu,משה מלכה,Q6868712,,1911,1997,
acharonei_zmanenu,רפאל שפירא (הנכד),Q20202510,,1923,1997,
acharonei_zmanenu,שלום דרמר,Q6988624,,1916,1997,
acharonei_zmanenu,שלום שבדרון,Q2230623,,1912,1997,
acharonei_zmanenu,שמאי גינזבורג,Q115473918,,1905,1997,
acharonei_zmanenu,שמואל קרויזר,Q6657455,,1922,1997,
acharonei_zmanenu,אברהם ברון,Q12403366,,1909,1998,
acharonei_zmanenu,בן ציון אבא שאול,Q4886759,,1924,1998,
acharonei_zmanenu,דוד כהנא (רב),Q2009979,,1903,1998,
acharonei_zmanenu,חיים דוד הלוי,Q5686749,,1924,1998,
acharonei_zmanenu,"יעקב כ""ץ (היסטוריון)",Q706669,,1904,1998,
acharonei_zmanenu,יעקב לייזר,Q2895781,,1906,1998,
acharonei_zmanenu,ישעיהו משורר,Q12408372,,1918,1998,
acharonei_zmanenu,מאיר וייס,Q15293698,,1908,1998,
acharonei_zmanenu,מנצור בן שמעון,Q18121707,,1912,1998,
acharonei_zmanenu,משה שרר,Q6916162,,1921,1998,
acharonei_zmanenu,נתן מאיר וכטפוגל,Q7061928,,1910,1998,
acharonei_zmanenu,פנחס הירשפרונג,Q2896783,,1912,1998,
acharonei_zmanenu,שלמה נח קרול,Q27020119,,1928,1998,
acharonei_zmanenu,שמואל זנוויל כהנא,Q6963813,,1905,1998,
acharonei_zmanenu,שמואל תנחום רובינשטיין,Q6849301,,1916,1998,
acharonei_zmanenu,ששון מזרחי,Q117321966,,1913,1998,
acharonei_zmanenu,דוד פוברסקי,Q5302573,,1902,1999,
acharonei_zmanenu,יוסף בורג,Q216021,,1909,1999,
acharonei_zmanenu,יוסף ליב זוסמן,Q21570436,,1922,1999,
acharonei_zmanenu,משה הגר,Q6958649,,1926,1999,
acharonei_zmanenu,ניסן מינדל,Q16933735,,1912,1999,
acharonei_zmanenu,עזיזי דיעי,Q116809285,,1911,1999,
acharonei_zmanenu,עמנואל יעקובוביץ,Q1239915,,1921,1999,
acharonei_zmanenu,שאול שרים,Q123965477,,1914,1999,
acharonei_zmanenu,שלמה שמשון קרליץ,Q18121755,,,1999,
acharonei_zmanenu,שמעון משה דיסקין,Q6685327,,1932,1999,
acharonei_zmanenu,אברהם שלמה בידרמן,Q29052467,,1927,2000,
acharonei_zmanenu,אלכסנדר שינדלר,Q4720031,,1925,2000,
acharonei_zmanenu,בנימין הרלינג,Q6982633,,1936,2000,
acharonei_zmanenu,בנימין זאב כהנא,Q864089,,1966,2000,
acharonei_zmanenu,בנימין פאלער,Q4914569,,1908,2000,
acharonei_zmanenu,חנוך דב פדווא,Q5072562,,1908,2000,
acharonei_zmanenu,יהודה גרשוני,Q6879047,,1908,2000,
acharonei_zmanenu,יוסף צוברי,Q6905802,,1916,2000,
acharonei_zmanenu,יוסף קאפח,Q2911194,,1917,2000,
acharonei_zmanenu,יעקב משה סלומון,Q6576154,,1935,2000,
acharonei_zmanenu,יצחק אייזיק ליבס,Q21401961,,1906,2000,
acharonei_zmanenu,יצחק אייזיק רוזנבוים,Q7050624,,1906,2000,
acharonei_zmanenu,משה חיים ויילר,Q94541325,,1907,2000,
acharonei_zmanenu,משה לוי (רב),Q6897143,,1961,2000,
acharonei_zmanenu,ציון אבן דנאן,Q6578138,,1910,2000,
acharonei_zmanenu,שבתי פרנקל,Q7460139,,1909,2000,
acharonei_zmanenu,שלום נח ברזובסקי,Q2909664,,1911,2000,
acharonei_zmanenu,שלמה הלברשטאם (השני),Q2891194,,1907,2000,
acharonei_zmanenu,שמחה זיסל ברוידא,Q16130498,,1912,2000,
acharonei_zmanenu,אביגדור מילר,Q2899276,,1908,2001,
acharonei_zmanenu,אברהם אביגדור לנדא,Q6801712,,1917,2001,
acharonei_zmanenu,אברהם יעקב פאם,Q4829427,,1913,2001,
acharonei_zmanenu,אהרן סולובייצ'יק,Q2912053,,1917,2001,
acharonei_zmanenu,אלעזר מנחם מן שך,Q1324942,,1898,2001,
acharonei_zmanenu,הלל קוק,Q438286,,1915,2001,
acharonei_zmanenu,חיים דב רבינוביץ,Q5067805,,1909,2001,
acharonei_zmanenu,חיים קרייזווירט,Q733083,,1918,2001,
acharonei_zmanenu,חיים שאול קרליץ,Q6651801,,1912,2001,
acharonei_zmanenu,יהודה הכהן רבין,Q7031975,,1919,2001,
acharonei_zmanenu,יוליוס קרליבך,Q1272982,,1922,2001,
acharonei_zmanenu,יוסף כהן,Q6638324,,1917,2001,
acharonei_zmanenu,יצחק שלמה זילברמן,Q15691271,,1929,2001,
acharonei_zmanenu,מרדכי גיפטר,Q6909652,,1915,2001,
acharonei_zmanenu,עירא אייזנשטיין,Q6066038,,1906,2001,
acharonei_zmanenu,שלום סעדיה גמליאל,Q6662241,,1907,2001,
acharonei_zmanenu,שמריהו יוסף קרליץ (כולל חזון איש),Q6914950,,1918,2001,
acharonei_zmanenu,שמשון דוד פינקוס,Q7497045,,1944,2001,
acharonei_zmanenu,אלחנן צ'ארלס ונגרוב,Q97818092,,1925,2002,
acharonei_zmanenu,בנימין זאב בנדיקט,Q16130770,,1913,2002,
acharonei_zmanenu,ברוך רקובר,Q6903044,,1917,2002,
acharonei_zmanenu,דוד אסאו,Q203367,,1914,2002,
acharonei_zmanenu,זלמן רוטברג,Q16131498,,1913,2002,
acharonei_zmanenu,זרח ורהפטיג,Q2890045,,1906,2002,
acharonei_zmanenu,חיים פוטוק,Q560735,,1929,2002,
acharonei_zmanenu,יהושע בכרך,Q6674414,,1914,2002,
acharonei_zmanenu,משה מימון (רב),Q112604991,,1924,2002,
acharonei_zmanenu,נחמן בולמן,Q16015434,,1925,2002,
acharonei_zmanenu,פסח שטיין,Q7171317,,1918,2002,
acharonei_zmanenu,פרץ מימון,Q6606999,,1917,2002,
acharonei_zmanenu,צבי עזריה,Q231354,,1913,2002,
acharonei_zmanenu,רפאל בנימין לוין,Q6790996,,1924,2002,
acharonei_zmanenu,אברהם חזן,Q7063229,,1920,2003,
acharonei_zmanenu,אברהם קארפ,Q6619971,,1921,2003,
acharonei_zmanenu,אלנתן הורוביץ,Q7022200,,1951,2003,
acharonei_zmanenu,אמיל פאקנהיים,Q67570,,1916,2003,
acharonei_zmanenu,אפרים אשרי,Q3055713,,1914,2003,
acharonei_zmanenu,דב רפל,Q6979292,,1916,2003,
acharonei_zmanenu,יהושע קלינג,Q8340048,,1928,2003,
acharonei_zmanenu,יחיאל מיכל פיינשטיין,Q8051050,,1906,2003,
acharonei_zmanenu,יצחק וסרמן,Q16340162,,1923,2003,
acharonei_zmanenu,יצחק קוליץ,Q1689685,,1922,2003,
acharonei_zmanenu,ישעיהו גולדשמידט,Q55648927,,1916,2003,
acharonei_zmanenu,ישראל אריה זלמנוביץ,Q98446069,,1916,2003,
acharonei_zmanenu,ישראל יעקב פישר,Q8053875,,1928,2003,
acharonei_zmanenu,ישראל משה דושינסקי,Q6639841,,1921,2003,
acharonei_zmanenu,מאיר הרשקוביץ,Q7068905,,1912,2003,
acharonei_zmanenu,מאיר רוזנבוים (קובה),Q16166507,,1910,2003,
acharonei_zmanenu,משה יהודה בלוי,Q6916182,,1912,2003,
acharonei_zmanenu,קולט אבולקר-מוסקט,Q107324986,,1909,2003,
acharonei_zmanenu,שארל טואטי,Q2960334,,1925,2003,
acharonei_zmanenu,אברהם בכר,Q7013081,,1914,2004,
acharonei_zmanenu,אברהם דוד הורוביץ,Q20607392,,1911,2004,
acharonei_zmanenu,ארנסט נוימן,Q1217250,,1917,2004,
acharonei_zmanenu,בנימין אביעד,Q12404652,,1930,2004,
acharonei_zmanenu,גדליה נדל,Q12404858,,1923,2004,
acharonei_zmanenu,חיים מאדאר,Q5067816,,1933,2004,
acharonei_zmanenu,חיים מקובי,Q1263250,,1924,2004,
acharonei_zmanenu,יצחק זילבר,Q2908860,,1917,2004,
acharonei_zmanenu,יצחק שלמה אונגר,Q18035580,,1921,2004,
acharonei_zmanenu,ישראל מ' תא-שמע,Q4830898,,1936,2004,
acharonei_zmanenu,ישראל מרדכי טברסקי,Q7213301,,1929,2004,
acharonei_zmanenu,שלמה בורשטין,Q24837608,,1914,2004,
acharonei_zmanenu,שמואל שולזינגר,Q21570452,,1936,2004,
acharonei_zmanenu,אבא מרדכי ברמן,Q4663633,,1919,2005,
acharonei_zmanenu,אברהם ישכר אנגלרד,Q4829506,,1909,2005,
acharonei_zmanenu,אברהם מנחם דנציגר,Q6976682,,1921,2005,
acharonei_zmanenu,"אליהו כ""ץ",Q6624367,,1916,2005,
acharonei_zmanenu,אלתר אליהו רובינשטיין,Q18121759,,1946,2005,
acharonei_zmanenu,ברוך בן-חיים,Q4865845,,1921,2005,
acharonei_zmanenu,הרמן נויברגר,Q101746,,1918,2005,
acharonei_zmanenu,חיים קמיל,Q5067815,,1933,2005,
acharonei_zmanenu,ידידיה שופט,Q2903425,,1908,2005,
acharonei_zmanenu,יחיא אמסלם,Q114457184,,1912,2005,
acharonei_zmanenu,מנחם אריה קניגסהפר,Q18038658,,1908,2005,
acharonei_zmanenu,מרדכי בורשטיין,Q6820295,,1922,2005,
acharonei_zmanenu,נפתלי צבי הלברשטאם,Q2908972,,1931,2005,
acharonei_zmanenu,סיריל האריס,Q5200751,,1936,2005,
acharonei_zmanenu,צבי הירש פאלי,Q117827292,,1911,2005,
acharonei_zmanenu,צבי מאיר שטיינמץ,Q8075549,,1915,2005,
acharonei_zmanenu,צדיק דאנון,Q12744890,,1918,2005,
acharonei_zmanenu,שלמה וולבה,Q4404848,,1914,2005,
acharonei_zmanenu,שלמה זאב צוויגנהפט,Q97128955,,1915,2005,
acharonei_zmanenu,שמואל אבידור הכהן,Q6372379,,1926,2005,
acharonei_zmanenu,אוריאל דוידי,Q7900591,,1922,2006,
acharonei_zmanenu,אליעזר יהודה ולדנברג,Q2891199,,1915,2006,
acharonei_zmanenu,אלכסנדר שפרן,Q2628948,,1910,2006,
acharonei_zmanenu,ארתור הרצברג,Q709788,,1921,2006,
acharonei_zmanenu,בוגיד חנינא סעדון,Q113355475,,1916,2006,
acharonei_zmanenu,גד נבון,Q5516267,,1920,2006,
acharonei_zmanenu,דוד ברקין,Q5302563,,1945,2006,
acharonei_zmanenu,יהודה קולודצקי,Q7062915,,1913,2006,
acharonei_zmanenu,יחיאל מיכל דורפמן,Q1977075,,1913,2006,
acharonei_zmanenu,יצחק כדורי,Q733669,,1898,2006,
acharonei_zmanenu,ישראל דן טאוב,Q7213269,,1928,2006,
acharonei_zmanenu,כתריאל דוד קפלין,Q5049136,,1931,2006,
acharonei_zmanenu,לואי ג'ייקובס,Q2891071,,1920,2006,
acharonei_zmanenu,מקס ורשבסקי,Q3302355,,1925,2006,
acharonei_zmanenu,משה הלברשטאם,Q2907339,,1932,2006,
acharonei_zmanenu,משה טייטלבוים (ברך משה),Q571584,,1914,2006,
acharonei_zmanenu,משה שמואל שפירא (באר יעקב),Q6916166,,1917,2006,
acharonei_zmanenu,צבי מרקוביץ,Q12410827,,1917,2006,
acharonei_zmanenu,שמואל אליקים קדר,Q7041889,,1953,2006,
acharonei_zmanenu,אברהם אלקנה כהנא שפירא,Q2748654,,1910,2007,
acharonei_zmanenu,אברהם קלאוזנר,Q330160,,1915,2007,
acharonei_zmanenu,אליעזר פלצינסקי,Q5360767,,1912,2007,
acharonei_zmanenu,דוד הלחמי,Q6847559,,1912,2007,
acharonei_zmanenu,חיים מאיר יחיאל שפירא (נארול),Q6992998,,,2007,
acharonei_zmanenu,יהודה מאיר אברמוביץ,Q2778213,,1915,2007,
acharonei_zmanenu,יהודה ניידיץ',Q15455015,,1912,2007,
acharonei_zmanenu,יוסף בוקסבוים,Q7056892,,1943,2007,
acharonei_zmanenu,יוסף צבי דונר,Q6279840,,1913,2007,
acharonei_zmanenu,יעקב יצחק ניימן,Q12254977,,1920,2007,
acharonei_zmanenu,ישראל גלזר,Q28806591,,1910,2007,
acharonei_zmanenu,מנחם מנדל ברייאר,Q6739112,,1922,2007,
acharonei_zmanenu,מרדכי ברויאר,Q2890060,,1921,2007,
acharonei_zmanenu,משה דב וולנר,Q46779214,,1912,2007,
acharonei_zmanenu,פאול רויטמן,Q16262711,,1920,2007,
acharonei_zmanenu,שמעון גרשון רוזנברג,Q16130557,,1949,2007,
acharonei_zmanenu,שרווין ויין,Q2662497,,1928,2007,
acharonei_zmanenu,אברהם דב אוירבך (ירושלים),Q6693936,,1925,2008,
acharonei_zmanenu,אברהם קרויזר,Q20502829,,1931,2008,
acharonei_zmanenu,אליהו ברוך פינקל,Q5362052,,1947,2008,
acharonei_zmanenu,אלתר חנוך הניך ליבוביץ,Q12407562,,1918,2008,
acharonei_zmanenu,אריה הורביץ,Q116042310,,1927,2008,
acharonei_zmanenu,בנימין יהושע זילבר,Q6814427,,1916,2008,
acharonei_zmanenu,יחיאל פישל אייזנבך,Q8051046,,1925,2008,
acharonei_zmanenu,עמנואל רקמן,Q2902530,,1910,2008,
acharonei_zmanenu,עמנואל שושנה,Q15971774,,1928,2008,
acharonei_zmanenu,פליקס קרליבך,Q119625,,1911,2008,
acharonei_zmanenu,ציון לוי,Q8072529,,1925,2008,
acharonei_zmanenu,שאול ברוס,Q7490775,,1919,2008,
acharonei_zmanenu,שמואל ברנבוים,Q11142454,,1920,2008,
acharonei_zmanenu,שמעון סויסה,Q56421737,,1921,2008,
acharonei_zmanenu,אברהם רביץ,Q2614411,,1934,2009,
acharonei_zmanenu,אהרן זליג אפשטיין,Q8068765,,1914,2009,
acharonei_zmanenu,אליהו שווי,Q5368445,,1924,2009,
acharonei_zmanenu,אלפרד גוטשאלק (רב),Q99706,,1930,2009,
acharonei_zmanenu,ברוך שמעון סלומון,Q6982457,,1939,2009,
acharonei_zmanenu,דוד קוויאט,Q5302568,,1920,2009,
acharonei_zmanenu,יהודה שפירא (רב),Q18120919,,1923,2009,
acharonei_zmanenu,יוסף חיים ירושלמי,Q554993,,1932,2009,
acharonei_zmanenu,יעקב הורוביץ (ראש ישיבה),Q7009723,,1943,2009,
acharonei_zmanenu,לוי יצחק הורוביץ,Q2898944,,1921,2009,
acharonei_zmanenu,מאיר ברנדסדורפר,Q2898985,,1934,2009,
acharonei_zmanenu,מנחם מאיר ציוני,Q57260896,,1917,2009,
acharonei_zmanenu,מרדכי אליפנט,Q12409482,,1930,2009,
acharonei_zmanenu,משה לוריא,Q6661029,,1936,2009,
acharonei_zmanenu,נח וינברג,Q2895817,,1930,2009,
acharonei_zmanenu,נפתלי צבי לאבין,Q2891809,,1916,2009,
acharonei_zmanenu,סרג'יו יוסף סיארה,Q30527492,,1923,2009,
acharonei_zmanenu,פינחס שרייבר,Q19817952,,1931,2009,
acharonei_zmanenu,שלמה לורינץ,Q2904731,,1918,2009,
acharonei_zmanenu,שמואל אלימלך טורק,Q7412804,,1917,2009,
acharonei_zmanenu,שמעון נתן נטע בידרמן (השני),Q7223037,,1931,2009,
acharonei_zmanenu,איסר פרנקל,Q6999020,,1933,2010,
acharonei_zmanenu,ברוך אהרן פופקו,Q4865868,,1917,2010,
acharonei_zmanenu,דוד עובדיה,Q18559553,,1913,2010,
acharonei_zmanenu,דוד פורמן,Q6863882,,1944,2010,
acharonei_zmanenu,דוד צבי הילמן,Q1177337,,1925,2010,
acharonei_zmanenu,דניאל גוטליב,Q16034252,,1939,2010,
acharonei_zmanenu,טמאש ראי,Q1245477,,1940,2010,
acharonei_zmanenu,יהודה מועלם,Q6789388,,1921,2010,
acharonei_zmanenu,יהודה עמיטל,Q1686577,,1924,2010,
acharonei_zmanenu,יוסף עזרן,Q248159,,1941,2010,
acharonei_zmanenu,יעקב מילגרום,Q1231718,,1923,2010,
acharonei_zmanenu,יעקב ניסן רוזנטל,Q12408199,,1924,2010,
acharonei_zmanenu,יעקב פנחס שיר,Q16131869,,1923,2010,
acharonei_zmanenu,ישראל אליהו וינטרוב,Q8053871,,1932,2010,
acharonei_zmanenu,יששכר מאיר,Q7066322,,1927,2010,
acharonei_zmanenu,מאיר יוסט,Q1828731,,1908,2010,
acharonei_zmanenu,מנחם פרוש,Q605443,,1916,2010,
acharonei_zmanenu,מרדכי אליהו,Q248943,,1929,2010,
acharonei_zmanenu,משה בוצ'קו,Q690271,,1917,2010,
acharonei_zmanenu,משה גרינברג,Q120647,,1928,2010,
acharonei_zmanenu,משה הירש (נטורי קרתא),Q2915120,,1923,2010,
acharonei_zmanenu,משה כרמלי-וינברגר,Q7217571,,1908,2010,
acharonei_zmanenu,משה מרדכי הלוי שולזינגר,Q7055167,,1941,2010,
acharonei_zmanenu,נחום קוק,Q16130674,,1932,2010,
acharonei_zmanenu,נתן גשטטנר,Q7219007,,1932,2010,
acharonei_zmanenu,פנחס מנחם יוסקוביץ,Q11817104,,1924,2010,
acharonei_zmanenu,אלעזר אבוחצירא,Q4749200,,1948,2011,
acharonei_zmanenu,אריה לייב בארון,Q6829831,,1912,2011,
acharonei_zmanenu,גדליה אייזמן,Q12404856,,1910,2011,
acharonei_zmanenu,דב שוורצמן,Q1252844,,1921,2011,
acharonei_zmanenu,דוד בר חן,Q25490781,,1929,2011,
acharonei_zmanenu,דוד משאש,Q2893721,,1934,2011,
acharonei_zmanenu,חיים זלמן דימיטרובסקי,Q7058793,,1919,2011,
acharonei_zmanenu,חיים חמיאל,Q65006953,,1917,2011,
acharonei_zmanenu,חנן פורת,Q263543,,1943,2011,
acharonei_zmanenu,יהושע השל וולהנדלר,Q18609302,,1954,2011,
acharonei_zmanenu,יעקב קשמכר,Q6738609,,1941,2011,
acharonei_zmanenu,יצחק דוב קופלמן,Q125501,,1909,2011,
acharonei_zmanenu,ישראל פסח פיינהנדלר,Q6986735,,1945,2011,
acharonei_zmanenu,מיכל יהודה ליפקוביץ,Q983251,,1913,2011,
acharonei_zmanenu,מנשה קליין,Q2903862,,1923,2011,
acharonei_zmanenu,משה זמר,Q1720867,,1932,2011,
acharonei_zmanenu,נחום זאב דסלר,Q6957230,,1921,2011,
acharonei_zmanenu,נתן צבי פינקל (מיר),Q2903567,,1943,2011,
acharonei_zmanenu,עובדיה יעבץ,Q7026013,,1922,2011,
acharonei_zmanenu,שבתאי בן חיים,Q12411528,,1920,2011,
acharonei_zmanenu,אברהם גולדברג (חוקר תלמוד),Q4829405,,1913,2012,
acharonei_zmanenu,אברהם גנחובסקי,Q7183172,,1936,2012,
acharonei_zmanenu,אברהם חיים ראטה,Q6395801,,1924,2012,
acharonei_zmanenu,אייזיק אוזבנד,Q6825642,,1914,2012,
acharonei_zmanenu,גונתר פלאוט,Q216199,,1912,2012,
acharonei_zmanenu,זאב חיים ליפשיץ,Q6983163,,1935,2012,
acharonei_zmanenu,חיים פינחס שיינברג,Q2899394,,1910,2012,
acharonei_zmanenu,יוסף שלום אלישיב,Q983259,,1910,2012,
acharonei_zmanenu,יעקב ישכר בער רוזנבוים,Q12408180,,1930,2012,
acharonei_zmanenu,יעקב כהן (רב),Q6111736,,1919,2012,
acharonei_zmanenu,מנדל וינבך,Q865323,,1933,2012,
acharonei_zmanenu,משה יהושע הגר,Q6030373,,1916,2012,
acharonei_zmanenu,נסים פרץ,Q6625860,,1946,2012,
acharonei_zmanenu,עמרם יצחק זקס,Q6598936,,1926,2012,
acharonei_zmanenu,רוברט ליברלס,Q12411250,,1944,2012,
acharonei_zmanenu,רפאל יעקב מן רקובסקי,Q94689741,,1922,2012,
acharonei_zmanenu,שלום שכנא זאהן,Q7460150,,1910,2012,
acharonei_zmanenu,שמחה שוסטל,Q6725968,,1923,2012,
acharonei_zmanenu,אביגדור הורוויץ,Q16338369,,1948,2013,
acharonei_zmanenu,אברהם יעקב פרידמן (השלישי),Q7183448,,1928,2013,
acharonei_zmanenu,אברהם צוקרמן,Q7041358,,1915,2013,
acharonei_zmanenu,גרשום הרפנס,Q7053801,,1927,2013,
acharonei_zmanenu,דוד אברהם ספקטור,Q5230936,,1955,2013,
acharonei_zmanenu,דוד הרטמן,Q4423223,,1931,2013,
acharonei_zmanenu,דוד ריאחי,Q16130201,,1928,2013,
acharonei_zmanenu,הרשל שכטר,Q5744339,,1917,2013,
acharonei_zmanenu,יהושע ישעיה נויבירט,Q8051260,,1927,2013,
acharonei_zmanenu,יוסף שוורץ (הסבא מנתניה),Q111087126,,,2013,
acharonei_zmanenu,יעקב יוסף,Q2777806,,1946,2013,
acharonei_zmanenu,ירחמיאל ישראל יצחק דומב,Q16132490,,1915,2013,
acharonei_zmanenu,מנחם אלון,Q625515,,1923,2013,
acharonei_zmanenu,מנחם פרומן,Q2911233,,1945,2013,
acharonei_zmanenu,משה ארנסטר,Q12409565,,1924,2013,
acharonei_zmanenu,עובדיה יוסף,Q467172,,1920,2013,
acharonei_zmanenu,עוזי משולם,Q2911065,,1952,2013,
acharonei_zmanenu,עזרא נוביק,Q7011666,,1930,2013,
acharonei_zmanenu,שלום מאיר יונגרמן,Q7048013,,1940,2013,
acharonei_zmanenu,שרגא ברג,Q556870,,1927,2013,
acharonei_zmanenu,אפרים גרינבלט,Q6713450,,1932,2014,
acharonei_zmanenu,בן-עמי בן-ישראל,Q3378937,,1939,2014,
acharonei_zmanenu,דוד צבי אליאך,Q18121703,,1931,2014,
acharonei_zmanenu,זונדל קרויזר,Q16882593,,1924,2014,
acharonei_zmanenu,זלמן שחטר-שלומי,Q4357735,,1924,2014,
acharonei_zmanenu,יוסף המדאני כהן,Q983308,,1916,2014,
acharonei_zmanenu,יעקב גלינסקי,Q6726658,,1920,2014,
acharonei_zmanenu,מרדכי פירון,Q6909671,,1921,2014,
acharonei_zmanenu,נעים בן אליהו,Q18058408,,1923,2014,
acharonei_zmanenu,שלמה שלוש (רב),Q16130271,,1942,2014,
acharonei_zmanenu,אהרן ליכטנשטיין,Q2910768,,1933,2015,
acharonei_zmanenu,אישטוואן דומאן,Q60435690,,1922,2015,
acharonei_zmanenu,איתם הנקין,Q21154872,,1984,2015,
acharonei_zmanenu,אלחנן היילפרין,Q7184089,,1921,2015,
acharonei_zmanenu,אליהו אביחיל,Q7063736,,1932,2015,
acharonei_zmanenu,אליהו טואף,Q573861,,1915,2015,
acharonei_zmanenu,אליהו ליאון לוי,Q20782636,,1939,2015,
acharonei_zmanenu,אליעזר הגר (סרט ויז'ניץ),Q6813990,,1924,2015,
acharonei_zmanenu,אליעזר שלמה שיק,Q2906999,,1940,2015,
acharonei_zmanenu,בן ציון פלמן,Q20502673,,1934,2015,
acharonei_zmanenu,הלל זקס,Q6757318,,1931,2015,
acharonei_zmanenu,חיים נפתלי ויסבלום,Q21031976,,1932,2015,
acharonei_zmanenu,חיים שאול גריינימן,Q7044659,,1926,2015,
acharonei_zmanenu,יהודה טרגר,Q19799648,,1933,2015,
acharonei_zmanenu,יוז'ף שווייצר,Q1286338,,1922,2015,
acharonei_zmanenu,יורם אברג'ל,Q6676087,,1957,2015,
acharonei_zmanenu,יצחק מאיר,Q7061287,,1918,2015,
acharonei_zmanenu,לוי רבינוביץ,Q19355441,,1920,2015,
acharonei_zmanenu,מרדכי שמואל אשכנזי,Q6332756,,1943,2015,
acharonei_zmanenu,משה לוינגר,Q328515,,1935,2015,
acharonei_zmanenu,משולם פייש לאווי (השני),Q7217669,,1921,2015,
acharonei_zmanenu,שמואל הלוי ואזנר,Q2778134,,1913,2015,
acharonei_zmanenu,שמעון חיררי,Q118927409,,1926,2015,
acharonei_zmanenu,אליהו אלן לוין,Q22324569,,1932,2016,
acharonei_zmanenu,אריה פינקל,Q4802674,,1931,2016,
acharonei_zmanenu,גבריאל טולדנו,Q30526929,,1937,2016,
acharonei_zmanenu,דוד שלוש,Q6910485,,1920,2016,
acharonei_zmanenu,חיים שלמה ליבוביץ,Q6628867,,1933,2016,
acharonei_zmanenu,יוג'ין בורוביץ,Q5407083,,1924,2016,
acharonei_zmanenu,יוחנן סופר,Q8054243,,1923,2016,
acharonei_zmanenu,יוסף סיטרוק,Q591507,,1944,2016,
acharonei_zmanenu,יוסף שרביט (רב),Q6807969,,1922,2016,
acharonei_zmanenu,יעקב ניוזנר,Q1384317,,1932,2016,
acharonei_zmanenu,ישראל בלסקי,Q8053862,,1938,2016,
acharonei_zmanenu,ליונל בלו,Q721887,,1930,2016,
acharonei_zmanenu,משה מרדכי חדש,Q6682143,,1940,2016,
acharonei_zmanenu,נתן שולמן,Q27990411,,1930,2016,
acharonei_zmanenu,רפאל בנימין פוזן,Q6792777,,1942,2016,
acharonei_zmanenu,שאר ישוב כהן,Q2277619,,1927,2016,
acharonei_zmanenu,אהרן יהודה ליב שטינמן,Q2350552,,1913,2017,
acharonei_zmanenu,אליהו שטרנבוך,Q25636446,,1931,2017,
acharonei_zmanenu,אפרים פישל הרשקוביץ,Q2895520,,1922,2017,
acharonei_zmanenu,בנימין אלון,Q2904001,,1954,2017,
acharonei_zmanenu,ג'וזי אייזנברג,Q595951,,1933,2017,
acharonei_zmanenu,דב יפה,Q6892134,,1928,2017,
acharonei_zmanenu,יעקב אדלשטיין (רב),Q7047972,,1924,2017,
acharonei_zmanenu,יצחק עמדי,Q6684127,,1926,2017,
acharonei_zmanenu,ישראל פרידמן בן-שלום,Q12408410,,1923,2017,
acharonei_zmanenu,ישראל רוזן,Q2904040,,1941,2017,
acharonei_zmanenu,מאיר זלוטוביץ,Q6810270,,1943,2017,
acharonei_zmanenu,מאיר צבי גרוזמן,Q29096398,,1934,2017,
acharonei_zmanenu,משה חיים שמרלר,Q33127680,,1927,2017,
acharonei_zmanenu,משה שפירא (רב),Q7066061,,1935,2017,
acharonei_zmanenu,ניל גילמן,Q15525023,,1933,2017,
acharonei_zmanenu,שלמה גולדמן (זווהיל-צאנז),Q7499581,,1947,2017,
acharonei_zmanenu,שמואל יעקב בורנשטיין,Q7834269,,1946,2017,
acharonei_zmanenu,אביחי רונצקי,Q440106,,1951,2018,
acharonei_zmanenu,אהרן דאום,Q15215308,,1951,2018,
acharonei_zmanenu,אהרן דוד פנקן,Q52735998,,1964,2018,
acharonei_zmanenu,אהרן מונסונגו,Q56026182,,1929,2018,
acharonei_zmanenu,אלישיב קנוהל,Q6870311,,1948,2018,
acharonei_zmanenu,אלעזר מרדכי קניג,Q5353639,,1945,2018,
acharonei_zmanenu,אריה וינברג,Q56303470,,1931,2018,
acharonei_zmanenu,דן שוורץ,Q122079300,,1918,2018,
acharonei_zmanenu,זאב קרוב,Q24639894,,1959,2018,
acharonei_zmanenu,זמרוני ציק,Q46829899,,1948,2018,
acharonei_zmanenu,יהודה שביב,Q28807104,,1941,2018,
acharonei_zmanenu,יהושע מאמאן,Q6774738,,1917,2018,
acharonei_zmanenu,יוסף אוחנה (רב),Q55647236,,1936,2018,
acharonei_zmanenu,יוסף ישראל בלוי,Q130645803,,1942,2018,
acharonei_zmanenu,ישעיהו הדרי,Q6956233,,1933,2018,
acharonei_zmanenu,לייב מינצברג,Q10756582,,1943,2018,
acharonei_zmanenu,מרדכי הגר,Q7217051,,1922,2018,
acharonei_zmanenu,משה צבי פולין,Q6861385,,1930,2018,
acharonei_zmanenu,נתן אורטנר,Q6705262,,1935,2018,
acharonei_zmanenu,עזריה בסיס,Q24038317,,1945,2018,
acharonei_zmanenu,שלום אלבק,Q12411713,,1931,2018,
acharonei_zmanenu,שלמה קורח,Q6597717,,1935,2018,
acharonei_zmanenu,שמואל אוירבך,Q3923981,,1931,2018,
acharonei_zmanenu,שמחה בונים ארנפלד,Q56290480,,1929,2018,
acharonei_zmanenu,שריה דבליצקי,Q12411944,,1926,2018,
acharonei_zmanenu,"אביגדור בנש""ק",Q30526595,,1936,2019,
acharonei_zmanenu,אברהם דב לוין,Q12403370,,1948,2019,
acharonei_zmanenu,אליעזר בן דוד,Q124750777,,1932,2019,
acharonei_zmanenu,אליקים רוזנבלט,Q96140002,,1933,2019,
acharonei_zmanenu,אלישע וישליצקי,Q7006525,,1954,2019,
acharonei_zmanenu,אפרים גוטמן,Q25491141,,1928,2019,
acharonei_zmanenu,דוד פוקס,Q107262864,,1931,2019,
acharonei_zmanenu,דוד צבי אורדנטליך,Q86003421,,1937,2019,
acharonei_zmanenu,הנרי סובל,Q7811766,,1944,2019,
acharonei_zmanenu,"חיים כהן (""החלבן"")",Q12407473,,1935,2019,
acharonei_zmanenu,יאיר הופמן (חוקר המקרא),Q44641338,,1937,2019,
acharonei_zmanenu,יהודה לוי (פיזיקאי),Q8051277,,1926,2019,
acharonei_zmanenu,יחזקאל ברטלר,Q27972312,,1934,2019,
acharonei_zmanenu,יחיאל אקשטיין,Q8051043,,1951,2019,
acharonei_zmanenu,יצחק גרודזינסקי,Q16132126,,1929,2019,
acharonei_zmanenu,יצחק יחיאל יעקבוביץ,Q12408258,,1930,2019,
acharonei_zmanenu,ישראל אברהם פורטוגל,Q1995843,,1923,2019,
acharonei_zmanenu,ישראל ניסן רוזנבוים,Q47402117,,1949,2019,
acharonei_zmanenu,מנחם מנדל טאוב,Q6816376,,1923,2019,
acharonei_zmanenu,נחום יברוב,Q66424161,,1955,2019,
acharonei_zmanenu,נסים קרליץ,Q2903929,,1926,2019,
acharonei_zmanenu,פנחס דורון,Q6962016,,1933,2019,
acharonei_zmanenu,שלמה זלמן אולמן (זכרון מאיר),Q66476481,,1947,2019,
acharonei_zmanenu,אברהם יצחק ברזל,Q98102795,,1945,2020,
acharonei_zmanenu,אברהם ישעיהו הבר,Q20501917,,1965,2020,
acharonei_zmanenu,אברהם פינטר,Q4669133,,1949,2020,
acharonei_zmanenu,אליהו בקשי דורון,Q5362050,,1941,2020,
acharonei_zmanenu,אשר יעקב וסטהיים,Q100580192,,1948,2020,
acharonei_zmanenu,גדליה דוב שוורץ,Q5529637,,1925,2020,
acharonei_zmanenu,דוד ברודמן,Q2674942,,1936,2020,
acharonei_zmanenu,דוד פיינשטיין,Q5302567,,1929,2020,
acharonei_zmanenu,זלמן נחמיה גולדברג,Q8065529,,1931,2020,
acharonei_zmanenu,יהודה הרצל הנקין,Q8051295,,1945,2020,
acharonei_zmanenu,יהודה לייב גרונר,Q2894948,,1931,2020,
acharonei_zmanenu,יונתן זקס,Q336766,,1948,2020,
acharonei_zmanenu,יוסף פאור,Q6292165,,1934,2020,
acharonei_zmanenu,יעקב פרלוב (ארצות הברית),Q8046301,,1930,2020,
acharonei_zmanenu,יצחק אייזיק רוזנבוים (קליבלנד),Q108596937,,1932,2020,
acharonei_zmanenu,ישראל חיים מנשה פרידמן,Q20609647,,1926,2020,
acharonei_zmanenu,ישראל משה פרידמן,Q3810648,,1955,2020,
acharonei_zmanenu,ישראל פרידמן (ניו יורק),Q94916228,,1936,2020,
acharonei_zmanenu,מיכאל נהוראי,Q12409094,,1931,2020,
acharonei_zmanenu,מרדכי ישכר בער לייפר,Q6909686,,1955,2020,
acharonei_zmanenu,נחום אליעזר רבינוביץ',Q1962940,,1928,2020,
acharonei_zmanenu,נחום לאם,Q3878469,,1927,2020,
acharonei_zmanenu,סיני אדלר,Q7219202,,1928,2020,
acharonei_zmanenu,עדין אבן-ישראל (שטיינזלץ),Q357304,,1937,2020,
acharonei_zmanenu,פסח אליהו פאלק,Q7171318,,1943,2020,
acharonei_zmanenu,רומי כהן,Q88946519,,1929,2020,
acharonei_zmanenu,שמואל ישכר רוזנגרטן,Q93501273,,1932,2020,
acharonei_zmanenu,אברהם דב אוירבך (טבריה),Q6650108,,1935,2021,
acharonei_zmanenu,אברהם חמרה,Q43245611,,1943,2021,
acharonei_zmanenu,אברהם טברסקי,Q3569608,,1930,2021,
acharonei_zmanenu,אברהם סטפנסקי,Q106434216,,1944,2021,
acharonei_zmanenu,אליעזר ולדמן,Q516228,,1937,2021,
acharonei_zmanenu,אלעזר אלבז,Q122841139,,,2021,
acharonei_zmanenu,אפרים פרדיננד איינהורן,Q5382263,,1918,2021,
acharonei_zmanenu,בנט מלכיאור,Q4890338,,1929,2021,
acharonei_zmanenu,ג'קי מייסון,Q75021,,1928,2021,
acharonei_zmanenu,גרשון מנדל גרליק,Q5553106,,1932,2021,
acharonei_zmanenu,חיים ולדר,Q5067834,,1968,2021,
acharonei_zmanenu,חיים מאיר ואזנר,Q7212277,,1938,2021,
acharonei_zmanenu,יהושע צוקרמן,Q6833618,,1938,2021,
acharonei_zmanenu,יואל כהן,Q2070174,,1930,2021,
acharonei_zmanenu,יחזקאל ראטה,Q7213028,,1935,2021,
acharonei_zmanenu,יצחק שיינר,Q6587520,,1922,2021,
acharonei_zmanenu,ישראל דוד רוסט,Q111273261,,1930,2021,
acharonei_zmanenu,מרדכי ליב קצנלנבוגן,Q111079998,,1954,2021,
acharonei_zmanenu,משה בר בק,Q19956046,,1934,2021,
acharonei_zmanenu,משה דוד טנדלר,Q6916098,,1926,2021,
acharonei_zmanenu,משולם דוד הלוי סולובייצ'יק,Q2896274,,1921,2021,
acharonei_zmanenu,רונן נויבירט,Q6581908,,1970,2021,
acharonei_zmanenu,ריצ'רד ל' רובינשטיין,Q982976,,1924,2021,
acharonei_zmanenu,אורי זוהר,Q2891446,,1935,2022,
acharonei_zmanenu,אליהו אבא שאול,Q6542473,,1952,2022,
acharonei_zmanenu,אליעזר קוגל,Q28339544,,1924,2022,
acharonei_zmanenu,אלן גולדמן,Q22211224,,1931,2022,
acharonei_zmanenu,דוד הלבני,Q2778438,,1927,2022,
acharonei_zmanenu,חיים דרוקמן,Q2915616,,1932,2022,
acharonei_zmanenu,חיים וואלקין,Q5067835,,1945,2022,
acharonei_zmanenu,חיים קניבסקי,Q2760338,,1928,2022,
acharonei_zmanenu,חנוך ארנטרוי (לונדון),Q5072563,,1932,2022,
acharonei_zmanenu,יואל שוורץ,Q4617308,,1939,2022,
acharonei_zmanenu,יוסף דן,Q4825769,,1935,2022,
acharonei_zmanenu,יחיאל בוחבוט,Q113620261,,1930,2022,
acharonei_zmanenu,יצחק חלמיש,Q139496243,,1945,2022,
acharonei_zmanenu,יצחק טוביה וייס,Q2090979,,1926,2022,
acharonei_zmanenu,מרדכי שטרנברג,Q6984453,,1948,2022,
acharonei_zmanenu,משה צבי בוחבוט,Q111360743,,1963,2022,
acharonei_zmanenu,צבי סימן טוב,Q113451185,,1934,2022,
acharonei_zmanenu,שלום כהן (רב),Q16130004,,1930,2022,
acharonei_zmanenu,שלום לוי,Q113617307,,1956,2022,
acharonei_zmanenu,שלמה גולדמן (1956),Q113952400,,1956,2022,
acharonei_zmanenu,שלמה קרליבך (משגיח),Q7499572,,1925,2022,
acharonei_zmanenu,שמואל זעפרני,Q6695203,,1954,2022,
acharonei_zmanenu,שמחה הכהן קוק,Q6973529,,1930,2022,
acharonei_zmanenu,שמחה קראוס,Q7517471,,1937,2022,
acharonei_zmanenu,אהרן שכטר,Q4662409,,1928,2023,
acharonei_zmanenu,דוד אלנסון,Q5233337,,1947,2023,
acharonei_zmanenu,זאב אלעזר וולף,Q19798462,,1940,2023,
acharonei_zmanenu,חי יצחק טברסקי,Q12257936,,1931,2023,
acharonei_zmanenu,יוסף חיים קופשיץ,Q27009440,,1934,2023,
acharonei_zmanenu,יוסף ליברמן (רב),Q116481747,,1928,2023,
acharonei_zmanenu,מאיר אביטבול,Q76511363,,1944,2023,
acharonei_zmanenu,משה גרילק,Q7217525,,1936,2023,
acharonei_zmanenu,משה צוריאל,Q12409619,,1938,2023,
acharonei_zmanenu,שמואל סיראט,Q3425725,,1930,2023,
acharonei_zmanenu,שמחה כהן,Q24038305,,1942,2023,
acharonei_zmanenu,שמעון אליטוב,Q6928315,,1937,2023,
acharonei_zmanenu,שמעון בעדני,Q16342191,,1928,2023,
acharonei_zmanenu,אהרן שאר-ישוב,Q7056766,,1940,2024,
acharonei_zmanenu,אליהו אבוחצירא,Q93049539,,1932,2024,
acharonei_zmanenu,אליהו ציון סופר,Q111080869,,1952,2024,
acharonei_zmanenu,בן-ציון רבינוביץ,Q11030418,,1935,2024,
acharonei_zmanenu,ברוך ויסבקר,Q6710261,,1940,2024,
acharonei_zmanenu,דוד צדקה,Q27990424,,1936,2024,
acharonei_zmanenu,יהודה בויאר,Q6606288,,1934,2024,
acharonei_zmanenu,יהודה דרעי,Q19891297,,1957,2024,
acharonei_zmanenu,יחיאל יצחק פאר,Q8051049,,1935,2024,
acharonei_zmanenu,יעקב ישראל פוזן,Q124715492,,1934,2024,
acharonei_zmanenu,יעקב פרץ (רב),Q116148197,,1934,2024,
acharonei_zmanenu,מאיר וונדר,Q7066965,,1934,2024,
acharonei_zmanenu,מייקל לרנר (רב),Q6981284,,1943,2024,
acharonei_zmanenu,משה קוטלרסקי,Q3866111,,1949,2024,
acharonei_zmanenu,מתתיהו סלומון,Q6787611,,1937,2024,
acharonei_zmanenu,רצח צבי קוגן,Q131314303,,1996,2024,
acharonei_zmanenu,שבתי זליקוביץ,Q113946266,,1937,2024,
acharonei_zmanenu,שלמה חליווה (ראש ישיבה),Q131027623,,1959,2024,
acharonei_zmanenu,שרגא פייבוש הגר,Q14475841,,1958,2024,
acharonei_zmanenu,ברוך שמואל דויטש,Q6889897,,1942,2025,
acharonei_zmanenu,דוב ברל ויין,Q2896999,,1934,2025,
acharonei_zmanenu,יוסף גליקסברג,Q6818901,,1933,2025,
acharonei_zmanenu,יוסף יצחק וילשנסקי,Q12408003,,1951,2025,
acharonei_zmanenu,יצחק חליבה,Q975673,,1940,2025,
acharonei_zmanenu,יצחק עבאדי (רב),Q16442044,,1933,2025,
acharonei_zmanenu,ישראל יפרח,Q119962596,,1944,2025,
acharonei_zmanenu,מאיר מאזוז,Q12408762,,1945,2025,
acharonei_zmanenu,מנחם הכהן,Q2778248,,1932,2025,
acharonei_zmanenu,מנחם כהנא,Q6602825,,1946,2025,
acharonei_zmanenu,משה ארנרייך,Q6542883,,1946,2025,
acharonei_zmanenu,משה דימנטמן,Q27020210,,1931,2025,
acharonei_zmanenu,נטע שילר,Q7062357,,1937,2025,
acharonei_zmanenu,פינחס אדרי,Q133909167,,1944,2025,
acharonei_zmanenu,צאלח אליהו,Q135934214,,1932,2025,
acharonei_zmanenu,אביעזר שפירא,Q124769512,,1944,2026,
acharonei_zmanenu,אליקים שלזינגר,Q20610233,,1921,2026,
acharonei_zmanenu,אריה שטרן,Q4802691,,1944,2026,
acharonei_zmanenu,גדעון לנגמן,Q49840386,,1941,2026,
acharonei_zmanenu,דוד שמידל,Q20502917,,1934,2026,
acharonei_zmanenu,יאיר לוי (פוליטיקאי),Q2906971,,1952,2026,
acharonei_zmanenu,ירמיהו ברנובר,Q2902600,,1931,2026,
acharonei_zmanenu,ישראל יצחק בזנסון,Q3155664,,1944,2026,
acharonei_zmanenu,משה טופיק,Q113679380,,1937,2026,
acharonei_zmanenu,עמוס גואטה,Q140405035,,1951,2026,
acharonei_zmanenu,פטר קרדוש,Q105548138,,1936,2026,
acharonei_zmanenu,שלום מאיר ולך,Q16130022,,1947,2026,
acharonei_zmanenu,אברהם אלימלך פרלוב,Q6681244,,1891,,
acharonei_zmanenu,אברהם יהושע השיל טברסקי (מכנובקה),Q20605774,,1895,,
acharonei_zmanenu,אנטואן לוי,Q7067477,,1832,,
acharonei_zmanenu,דז'ה קליין,Q65216179,,1874,,
acharonei_zmanenu,חיים יעקב לוין,Q7021235,,1911,,
acharonei_zmanenu,חיים שרגא פייבל פרנק,Q6903662,,1908,,
acharonei_zmanenu,יהודה ליב קרינסקי,Q557278,,1850,,
acharonei_zmanenu,יעקב יוסף שלמה הלפרין,Q24038334,,1902,,
acharonei_zmanenu,"יעקב כ""ץ (רב)",Q12408183,,1862,,
acharonei_zmanenu,מאיר הכהן קפלן,Q6638066,,1905,,
acharonei_zmanenu,נפתלי יוסף פריינד,Q16341126,,1860,,
acharonei_zmanenu,רפאל חייא פונטרימולי,Q7293948,,1850,,
acharonei_zmanenu,שלמה בראון,Q112862622,,1869,,
acharonei_zmanenu,שרגא פייבל הינדס,Q6586786,,1878,,
